argp	libc.so.6	argp_err_exit_status	GLIBC_2.2.5	absent from runtime export surface
argp	libc.so.6	argp_error	GLIBC_2.2.5	absent from runtime export surface
argp	libc.so.6	argp_failure	GLIBC_2.2.5	absent from runtime export surface
argp	libc.so.6	argp_help	GLIBC_2.2.5	absent from runtime export surface
argp	libc.so.6	argp_parse	GLIBC_2.2.5	absent from runtime export surface
argp	libc.so.6	argp_program_bug_address	GLIBC_2.2.5	absent from runtime export surface
argp	libc.so.6	argp_program_version	GLIBC_2.2.5	absent from runtime export surface
argp	libc.so.6	argp_state_help	GLIBC_2.2.5	absent from runtime export surface
argp	libc.so.6	argp_usage	GLIBC_2.2.5	absent from runtime export surface
fast-math-no-base	libm.so.6	__acosf128_finite	GLIBC_2.26	fast-math finite variant; base acosf128 absent
fast-math-no-base	libm.so.6	__acoshf128_finite	GLIBC_2.26	fast-math finite variant; base acoshf128 absent
fast-math-no-base	libm.so.6	__asinf128_finite	GLIBC_2.26	fast-math finite variant; base asinf128 absent
fast-math-no-base	libm.so.6	__atan2f128_finite	GLIBC_2.26	fast-math finite variant; base atan2f128 absent
fast-math-no-base	libm.so.6	__atanhf128_finite	GLIBC_2.26	fast-math finite variant; base atanhf128 absent
fast-math-no-base	libm.so.6	__coshf128_finite	GLIBC_2.26	fast-math finite variant; base coshf128 absent
fast-math-no-base	libm.so.6	__exp10f128_finite	GLIBC_2.26	fast-math finite variant; base exp10f128 absent
fast-math-no-base	libm.so.6	__exp2f128_finite	GLIBC_2.26	fast-math finite variant; base exp2f128 absent
fast-math-no-base	libm.so.6	__expf128_finite	GLIBC_2.26	fast-math finite variant; base expf128 absent
fast-math-no-base	libm.so.6	__fmodf128_finite	GLIBC_2.26	fast-math finite variant; base fmodf128 absent
fast-math-no-base	libm.so.6	__gammaf128_r_finite	GLIBC_2.26	fast-math finite variant; base gammaf128_r absent
fast-math-no-base	libm.so.6	__gammal_r_finite	GLIBC_2.15	fast-math finite variant; base gammal_r absent
fast-math-no-base	libm.so.6	__hypotf128_finite	GLIBC_2.26	fast-math finite variant; base hypotf128 absent
fast-math-no-base	libm.so.6	__j0f128_finite	GLIBC_2.26	fast-math finite variant; base j0f128 absent
fast-math-no-base	libm.so.6	__j0l_finite	GLIBC_2.15	fast-math finite variant; base j0l absent
fast-math-no-base	libm.so.6	__j1f128_finite	GLIBC_2.26	fast-math finite variant; base j1f128 absent
fast-math-no-base	libm.so.6	__j1l_finite	GLIBC_2.15	fast-math finite variant; base j1l absent
fast-math-no-base	libm.so.6	__jnf128_finite	GLIBC_2.26	fast-math finite variant; base jnf128 absent
fast-math-no-base	libm.so.6	__jnl_finite	GLIBC_2.15	fast-math finite variant; base jnl absent
fast-math-no-base	libm.so.6	__lgammaf128_r_finite	GLIBC_2.26	fast-math finite variant; base lgammaf128_r absent
fast-math-no-base	libm.so.6	__log10f128_finite	GLIBC_2.26	fast-math finite variant; base log10f128 absent
fast-math-no-base	libm.so.6	__log2f128_finite	GLIBC_2.26	fast-math finite variant; base log2f128 absent
fast-math-no-base	libm.so.6	__logf128_finite	GLIBC_2.26	fast-math finite variant; base logf128 absent
fast-math-no-base	libm.so.6	__powf128_finite	GLIBC_2.26	fast-math finite variant; base powf128 absent
fast-math-no-base	libm.so.6	__remainderf128_finite	GLIBC_2.26	fast-math finite variant; base remainderf128 absent
fast-math-no-base	libm.so.6	__sinhf128_finite	GLIBC_2.26	fast-math finite variant; base sinhf128 absent
fast-math-no-base	libm.so.6	__sqrtf128_finite	GLIBC_2.26	fast-math finite variant; base sqrtf128 absent
fast-math-no-base	libm.so.6	__y0f128_finite	GLIBC_2.26	fast-math finite variant; base y0f128 absent
fast-math-no-base	libm.so.6	__y0l_finite	GLIBC_2.15	fast-math finite variant; base y0l absent
fast-math-no-base	libm.so.6	__y1f128_finite	GLIBC_2.26	fast-math finite variant; base y1f128 absent
fast-math-no-base	libm.so.6	__y1l_finite	GLIBC_2.15	fast-math finite variant; base y1l absent
fast-math-no-base	libm.so.6	__ynf128_finite	GLIBC_2.26	fast-math finite variant; base ynf128 absent
fast-math-no-base	libm.so.6	__ynl_finite	GLIBC_2.15	fast-math finite variant; base ynl absent
float-n-math	libc.so.6	__strtof128_internal	GLIBC_2.26	absent from runtime export surface
float-n-math	libc.so.6	__strtof128_nan	GLIBC_PRIVATE	absent from runtime export surface
float-n-math	libc.so.6	__wcstof128_internal	GLIBC_2.26	absent from runtime export surface
float-n-math	libc.so.6	strfromf128	GLIBC_2.26	absent from runtime export surface
float-n-math	libc.so.6	strfromf32	GLIBC_2.27	absent from runtime export surface
float-n-math	libc.so.6	strfromf32x	GLIBC_2.27	absent from runtime export surface
float-n-math	libc.so.6	strfromf64	GLIBC_2.27	absent from runtime export surface
float-n-math	libc.so.6	strfromf64x	GLIBC_2.27	absent from runtime export surface
float-n-math	libc.so.6	strtof128	GLIBC_2.26	absent from runtime export surface
float-n-math	libc.so.6	strtof128_l	GLIBC_2.26	absent from runtime export surface
float-n-math	libc.so.6	strtof32	GLIBC_2.27	absent from runtime export surface
float-n-math	libc.so.6	strtof32_l	GLIBC_2.27	absent from runtime export surface
float-n-math	libc.so.6	strtof32x	GLIBC_2.27	absent from runtime export surface
float-n-math	libc.so.6	strtof32x_l	GLIBC_2.27	absent from runtime export surface
float-n-math	libc.so.6	strtof64_l	GLIBC_2.27	absent from runtime export surface
float-n-math	libc.so.6	strtof64x	GLIBC_2.27	absent from runtime export surface
float-n-math	libc.so.6	strtof64x_l	GLIBC_2.27	absent from runtime export surface
float-n-math	libc.so.6	wcstof128	GLIBC_2.26	absent from runtime export surface
float-n-math	libc.so.6	wcstof128_l	GLIBC_2.26	absent from runtime export surface
float-n-math	libc.so.6	wcstof32	GLIBC_2.27	absent from runtime export surface
float-n-math	libc.so.6	wcstof32_l	GLIBC_2.27	absent from runtime export surface
float-n-math	libc.so.6	wcstof32x	GLIBC_2.27	absent from runtime export surface
float-n-math	libc.so.6	wcstof32x_l	GLIBC_2.27	absent from runtime export surface
float-n-math	libc.so.6	wcstof64_l	GLIBC_2.27	absent from runtime export surface
float-n-math	libc.so.6	wcstof64x	GLIBC_2.27	absent from runtime export surface
float-n-math	libc.so.6	wcstof64x_l	GLIBC_2.27	absent from runtime export surface
float-n-math	libm.so.6	__finitef128	GLIBC_2.26	absent from runtime export surface
float-n-math	libm.so.6	__fpclassifyf128	GLIBC_2.26	absent from runtime export surface
float-n-math	libm.so.6	__iseqsigf128	GLIBC_2.26	absent from runtime export surface
float-n-math	libm.so.6	__isinff128	GLIBC_2.26	absent from runtime export surface
float-n-math	libm.so.6	__isnanf128	GLIBC_2.26	absent from runtime export surface
float-n-math	libm.so.6	__issignalingf128	GLIBC_2.26	absent from runtime export surface
float-n-math	libm.so.6	__signbitf128	GLIBC_2.26	absent from runtime export surface
float-n-math	libm.so.6	acosf128	GLIBC_2.26	absent from runtime export surface
float-n-math	libm.so.6	acosf32	GLIBC_2.27	absent from runtime export surface
float-n-math	libm.so.6	acosf32x	GLIBC_2.27	absent from runtime export surface
float-n-math	libm.so.6	acosf64x	GLIBC_2.27	absent from runtime export surface
float-n-math	libm.so.6	acoshf128	GLIBC_2.26	absent from runtime export surface
float-n-math	libm.so.6	acoshf32	GLIBC_2.27	absent from runtime export surface
float-n-math	libm.so.6	acoshf32x	GLIBC_2.27	absent from runtime export surface
float-n-math	libm.so.6	acoshf64x	GLIBC_2.27	absent from runtime export surface
float-n-math	libm.so.6	asinf128	GLIBC_2.26	absent from runtime export surface
float-n-math	libm.so.6	asinf32	GLIBC_2.27	absent from runtime export surface
float-n-math	libm.so.6	asinf32x	GLIBC_2.27	absent from runtime export surface
float-n-math	libm.so.6	asinf64x	GLIBC_2.27	absent from runtime export surface
float-n-math	libm.so.6	asinhf128	GLIBC_2.26	absent from runtime export surface
float-n-math	libm.so.6	asinhf32	GLIBC_2.27	absent from runtime export surface
float-n-math	libm.so.6	asinhf32x	GLIBC_2.27	absent from runtime export surface
float-n-math	libm.so.6	asinhf64x	GLIBC_2.27	absent from runtime export surface
float-n-math	libm.so.6	atan2f128	GLIBC_2.26	absent from runtime export surface
float-n-math	libm.so.6	atan2f32	GLIBC_2.27	absent from runtime export surface
float-n-math	libm.so.6	atan2f32x	GLIBC_2.27	absent from runtime export surface
float-n-math	libm.so.6	atan2f64x	GLIBC_2.27	absent from runtime export surface
float-n-math	libm.so.6	atanf128	GLIBC_2.26	absent from runtime export surface
float-n-math	libm.so.6	atanf32	GLIBC_2.27	absent from runtime export surface
float-n-math	libm.so.6	atanf32x	GLIBC_2.27	absent from runtime export surface
float-n-math	libm.so.6	atanf64x	GLIBC_2.27	absent from runtime export surface
float-n-math	libm.so.6	atanhf128	GLIBC_2.26	absent from runtime export surface
float-n-math	libm.so.6	atanhf32	GLIBC_2.27	absent from runtime export surface
float-n-math	libm.so.6	atanhf32x	GLIBC_2.27	absent from runtime export surface
float-n-math	libm.so.6	atanhf64x	GLIBC_2.27	absent from runtime export surface
float-n-math	libm.so.6	cabsf128	GLIBC_2.26	absent from runtime export surface
float-n-math	libm.so.6	cabsf32	GLIBC_2.27	absent from runtime export surface
float-n-math	libm.so.6	cabsf32x	GLIBC_2.27	absent from runtime export surface
float-n-math	libm.so.6	cabsf64x	GLIBC_2.27	absent from runtime export surface
float-n-math	libm.so.6	cacosf128	GLIBC_2.26	absent from runtime export surface
float-n-math	libm.so.6	cacosf32	GLIBC_2.27	absent from runtime export surface
float-n-math	libm.so.6	cacosf32x	GLIBC_2.27	absent from runtime export surface
float-n-math	libm.so.6	cacosf64x	GLIBC_2.27	absent from runtime export surface
float-n-math	libm.so.6	cacoshf128	GLIBC_2.26	absent from runtime export surface
float-n-math	libm.so.6	cacoshf32	GLIBC_2.27	absent from runtime export surface
float-n-math	libm.so.6	cacoshf32x	GLIBC_2.27	absent from runtime export surface
float-n-math	libm.so.6	cacoshf64x	GLIBC_2.27	absent from runtime export surface
float-n-math	libm.so.6	canonicalizef128	GLIBC_2.26	absent from runtime export surface
float-n-math	libm.so.6	canonicalizef32	GLIBC_2.27	absent from runtime export surface
float-n-math	libm.so.6	canonicalizef32x	GLIBC_2.27	absent from runtime export surface
float-n-math	libm.so.6	canonicalizef64	GLIBC_2.27	absent from runtime export surface
float-n-math	libm.so.6	canonicalizef64x	GLIBC_2.27	absent from runtime export surface
float-n-math	libm.so.6	cargf128	GLIBC_2.26	absent from runtime export surface
float-n-math	libm.so.6	cargf32	GLIBC_2.27	absent from runtime export surface
float-n-math	libm.so.6	cargf32x	GLIBC_2.27	absent from runtime export surface
float-n-math	libm.so.6	cargf64x	GLIBC_2.27	absent from runtime export surface
float-n-math	libm.so.6	casinf128	GLIBC_2.26	absent from runtime export surface
float-n-math	libm.so.6	casinf32	GLIBC_2.27	absent from runtime export surface
float-n-math	libm.so.6	casinf32x	GLIBC_2.27	absent from runtime export surface
float-n-math	libm.so.6	casinf64x	GLIBC_2.27	absent from runtime export surface
float-n-math	libm.so.6	casinhf128	GLIBC_2.26	absent from runtime export surface
float-n-math	libm.so.6	casinhf32	GLIBC_2.27	absent from runtime export surface
float-n-math	libm.so.6	casinhf32x	GLIBC_2.27	absent from runtime export surface
float-n-math	libm.so.6	casinhf64x	GLIBC_2.27	absent from runtime export surface
float-n-math	libm.so.6	catanf128	GLIBC_2.26	absent from runtime export surface
float-n-math	libm.so.6	catanf32	GLIBC_2.27	absent from runtime export surface
float-n-math	libm.so.6	catanf32x	GLIBC_2.27	absent from runtime export surface
float-n-math	libm.so.6	catanf64x	GLIBC_2.27	absent from runtime export surface
float-n-math	libm.so.6	catanhf128	GLIBC_2.26	absent from runtime export surface
float-n-math	libm.so.6	catanhf32	GLIBC_2.27	absent from runtime export surface
float-n-math	libm.so.6	catanhf32x	GLIBC_2.27	absent from runtime export surface
float-n-math	libm.so.6	catanhf64x	GLIBC_2.27	absent from runtime export surface
float-n-math	libm.so.6	cbrtf128	GLIBC_2.26	absent from runtime export surface
float-n-math	libm.so.6	cbrtf32	GLIBC_2.27	absent from runtime export surface
float-n-math	libm.so.6	cbrtf32x	GLIBC_2.27	absent from runtime export surface
float-n-math	libm.so.6	cbrtf64x	GLIBC_2.27	absent from runtime export surface
float-n-math	libm.so.6	ccosf128	GLIBC_2.26	absent from runtime export surface
float-n-math	libm.so.6	ccosf32	GLIBC_2.27	absent from runtime export surface
float-n-math	libm.so.6	ccosf32x	GLIBC_2.27	absent from runtime export surface
float-n-math	libm.so.6	ccosf64x	GLIBC_2.27	absent from runtime export surface
float-n-math	libm.so.6	ccoshf128	GLIBC_2.26	absent from runtime export surface
float-n-math	libm.so.6	ccoshf32	GLIBC_2.27	absent from runtime export surface
float-n-math	libm.so.6	ccoshf32x	GLIBC_2.27	absent from runtime export surface
float-n-math	libm.so.6	ccoshf64x	GLIBC_2.27	absent from runtime export surface
float-n-math	libm.so.6	ceilf128	GLIBC_2.26	absent from runtime export surface
float-n-math	libm.so.6	ceilf32	GLIBC_2.27	absent from runtime export surface
float-n-math	libm.so.6	ceilf32x	GLIBC_2.27	absent from runtime export surface
float-n-math	libm.so.6	ceilf64x	GLIBC_2.27	absent from runtime export surface
float-n-math	libm.so.6	cexpf128	GLIBC_2.26	absent from runtime export surface
float-n-math	libm.so.6	cexpf32	GLIBC_2.27	absent from runtime export surface
float-n-math	libm.so.6	cexpf32x	GLIBC_2.27	absent from runtime export surface
float-n-math	libm.so.6	cexpf64x	GLIBC_2.27	absent from runtime export surface
float-n-math	libm.so.6	cimagf128	GLIBC_2.26	absent from runtime export surface
float-n-math	libm.so.6	cimagf32	GLIBC_2.27	absent from runtime export surface
float-n-math	libm.so.6	cimagf32x	GLIBC_2.27	absent from runtime export surface
float-n-math	libm.so.6	cimagf64x	GLIBC_2.27	absent from runtime export surface
float-n-math	libm.so.6	clog10f128	GLIBC_2.26	absent from runtime export surface
float-n-math	libm.so.6	clog10f32	GLIBC_2.27	absent from runtime export surface
float-n-math	libm.so.6	clog10f32x	GLIBC_2.27	absent from runtime export surface
float-n-math	libm.so.6	clog10f64x	GLIBC_2.27	absent from runtime export surface
float-n-math	libm.so.6	clogf128	GLIBC_2.26	absent from runtime export surface
float-n-math	libm.so.6	clogf32	GLIBC_2.27	absent from runtime export surface
float-n-math	libm.so.6	clogf32x	GLIBC_2.27	absent from runtime export surface
float-n-math	libm.so.6	clogf64x	GLIBC_2.27	absent from runtime export surface
float-n-math	libm.so.6	conjf128	GLIBC_2.26	absent from runtime export surface
float-n-math	libm.so.6	conjf32	GLIBC_2.27	absent from runtime export surface
float-n-math	libm.so.6	conjf32x	GLIBC_2.27	absent from runtime export surface
float-n-math	libm.so.6	conjf64x	GLIBC_2.27	absent from runtime export surface
float-n-math	libm.so.6	copysignf128	GLIBC_2.26	absent from runtime export surface
float-n-math	libm.so.6	copysignf32	GLIBC_2.27	absent from runtime export surface
float-n-math	libm.so.6	copysignf32x	GLIBC_2.27	absent from runtime export surface
float-n-math	libm.so.6	copysignf64x	GLIBC_2.27	absent from runtime export surface
float-n-math	libm.so.6	cosf128	GLIBC_2.26	absent from runtime export surface
float-n-math	libm.so.6	cosf32	GLIBC_2.27	absent from runtime export surface
float-n-math	libm.so.6	cosf32x	GLIBC_2.27	absent from runtime export surface
float-n-math	libm.so.6	cosf64x	GLIBC_2.27	absent from runtime export surface
float-n-math	libm.so.6	coshf128	GLIBC_2.26	absent from runtime export surface
float-n-math	libm.so.6	coshf32	GLIBC_2.27	absent from runtime export surface
float-n-math	libm.so.6	coshf32x	GLIBC_2.27	absent from runtime export surface
float-n-math	libm.so.6	coshf64x	GLIBC_2.27	absent from runtime export surface
float-n-math	libm.so.6	cpowf128	GLIBC_2.26	absent from runtime export surface
float-n-math	libm.so.6	cpowf32	GLIBC_2.27	absent from runtime export surface
float-n-math	libm.so.6	cpowf32x	GLIBC_2.27	absent from runtime export surface
float-n-math	libm.so.6	cpowf64x	GLIBC_2.27	absent from runtime export surface
float-n-math	libm.so.6	cprojf128	GLIBC_2.26	absent from runtime export surface
float-n-math	libm.so.6	cprojf32	GLIBC_2.27	absent from runtime export surface
float-n-math	libm.so.6	cprojf32x	GLIBC_2.27	absent from runtime export surface
float-n-math	libm.so.6	cprojf64x	GLIBC_2.27	absent from runtime export surface
float-n-math	libm.so.6	crealf128	GLIBC_2.26	absent from runtime export surface
float-n-math	libm.so.6	crealf32	GLIBC_2.27	absent from runtime export surface
float-n-math	libm.so.6	crealf32x	GLIBC_2.27	absent from runtime export surface
float-n-math	libm.so.6	crealf64x	GLIBC_2.27	absent from runtime export surface
float-n-math	libm.so.6	csinf128	GLIBC_2.26	absent from runtime export surface
float-n-math	libm.so.6	csinf32	GLIBC_2.27	absent from runtime export surface
float-n-math	libm.so.6	csinf32x	GLIBC_2.27	absent from runtime export surface
float-n-math	libm.so.6	csinf64x	GLIBC_2.27	absent from runtime export surface
float-n-math	libm.so.6	csinhf128	GLIBC_2.26	absent from runtime export surface
float-n-math	libm.so.6	csinhf32	GLIBC_2.27	absent from runtime export surface
float-n-math	libm.so.6	csinhf32x	GLIBC_2.27	absent from runtime export surface
float-n-math	libm.so.6	csinhf64x	GLIBC_2.27	absent from runtime export surface
float-n-math	libm.so.6	csqrtf128	GLIBC_2.26	absent from runtime export surface
float-n-math	libm.so.6	csqrtf32	GLIBC_2.27	absent from runtime export surface
float-n-math	libm.so.6	csqrtf32x	GLIBC_2.27	absent from runtime export surface
float-n-math	libm.so.6	csqrtf64x	GLIBC_2.27	absent from runtime export surface
float-n-math	libm.so.6	ctanf128	GLIBC_2.26	absent from runtime export surface
float-n-math	libm.so.6	ctanf32	GLIBC_2.27	absent from runtime export surface
float-n-math	libm.so.6	ctanf32x	GLIBC_2.27	absent from runtime export surface
float-n-math	libm.so.6	ctanf64x	GLIBC_2.27	absent from runtime export surface
float-n-math	libm.so.6	ctanhf128	GLIBC_2.26	absent from runtime export surface
float-n-math	libm.so.6	ctanhf32	GLIBC_2.27	absent from runtime export surface
float-n-math	libm.so.6	ctanhf32x	GLIBC_2.27	absent from runtime export surface
float-n-math	libm.so.6	ctanhf64x	GLIBC_2.27	absent from runtime export surface
float-n-math	libm.so.6	erfcf128	GLIBC_2.26	absent from runtime export surface
float-n-math	libm.so.6	erfcf32	GLIBC_2.27	absent from runtime export surface
float-n-math	libm.so.6	erfcf32x	GLIBC_2.27	absent from runtime export surface
float-n-math	libm.so.6	erfcf64x	GLIBC_2.27	absent from runtime export surface
float-n-math	libm.so.6	erff128	GLIBC_2.26	absent from runtime export surface
float-n-math	libm.so.6	erff32	GLIBC_2.27	absent from runtime export surface
float-n-math	libm.so.6	erff32x	GLIBC_2.27	absent from runtime export surface
float-n-math	libm.so.6	erff64x	GLIBC_2.27	absent from runtime export surface
float-n-math	libm.so.6	exp10f128	GLIBC_2.26	absent from runtime export surface
float-n-math	libm.so.6	exp10f32	GLIBC_2.27	absent from runtime export surface
float-n-math	libm.so.6	exp10f32x	GLIBC_2.27	absent from runtime export surface
float-n-math	libm.so.6	exp10f64x	GLIBC_2.27	absent from runtime export surface
float-n-math	libm.so.6	exp2f128	GLIBC_2.26	absent from runtime export surface
float-n-math	libm.so.6	exp2f32	GLIBC_2.27	absent from runtime export surface
float-n-math	libm.so.6	exp2f32x	GLIBC_2.27	absent from runtime export surface
float-n-math	libm.so.6	exp2f64x	GLIBC_2.27	absent from runtime export surface
float-n-math	libm.so.6	expf128	GLIBC_2.26	absent from runtime export surface
float-n-math	libm.so.6	expf32	GLIBC_2.27	absent from runtime export surface
float-n-math	libm.so.6	expf32x	GLIBC_2.27	absent from runtime export surface
float-n-math	libm.so.6	expf64x	GLIBC_2.27	absent from runtime export surface
float-n-math	libm.so.6	expm1f128	GLIBC_2.26	absent from runtime export surface
float-n-math	libm.so.6	expm1f32	GLIBC_2.27	absent from runtime export surface
float-n-math	libm.so.6	expm1f32x	GLIBC_2.27	absent from runtime export surface
float-n-math	libm.so.6	expm1f64x	GLIBC_2.27	absent from runtime export surface
float-n-math	libm.so.6	f32addf128	GLIBC_2.28	absent from runtime export surface
float-n-math	libm.so.6	f32addf32x	GLIBC_2.28	absent from runtime export surface
float-n-math	libm.so.6	f32addf64	GLIBC_2.28	absent from runtime export surface
float-n-math	libm.so.6	f32addf64x	GLIBC_2.28	absent from runtime export surface
float-n-math	libm.so.6	f32divf128	GLIBC_2.28	absent from runtime export surface
float-n-math	libm.so.6	f32divf32x	GLIBC_2.28	absent from runtime export surface
float-n-math	libm.so.6	f32divf64	GLIBC_2.28	absent from runtime export surface
float-n-math	libm.so.6	f32divf64x	GLIBC_2.28	absent from runtime export surface
float-n-math	libm.so.6	f32mulf128	GLIBC_2.28	absent from runtime export surface
float-n-math	libm.so.6	f32mulf32x	GLIBC_2.28	absent from runtime export surface
float-n-math	libm.so.6	f32mulf64	GLIBC_2.28	absent from runtime export surface
float-n-math	libm.so.6	f32mulf64x	GLIBC_2.28	absent from runtime export surface
float-n-math	libm.so.6	f32subf128	GLIBC_2.28	absent from runtime export surface
float-n-math	libm.so.6	f32subf32x	GLIBC_2.28	absent from runtime export surface
float-n-math	libm.so.6	f32subf64	GLIBC_2.28	absent from runtime export surface
float-n-math	libm.so.6	f32subf64x	GLIBC_2.28	absent from runtime export surface
float-n-math	libm.so.6	f32xaddf128	GLIBC_2.28	absent from runtime export surface
float-n-math	libm.so.6	f32xaddf64	GLIBC_2.28	absent from runtime export surface
float-n-math	libm.so.6	f32xaddf64x	GLIBC_2.28	absent from runtime export surface
float-n-math	libm.so.6	f32xdivf128	GLIBC_2.28	absent from runtime export surface
float-n-math	libm.so.6	f32xdivf64	GLIBC_2.28	absent from runtime export surface
float-n-math	libm.so.6	f32xdivf64x	GLIBC_2.28	absent from runtime export surface
float-n-math	libm.so.6	f32xmulf128	GLIBC_2.28	absent from runtime export surface
float-n-math	libm.so.6	f32xmulf64	GLIBC_2.28	absent from runtime export surface
float-n-math	libm.so.6	f32xmulf64x	GLIBC_2.28	absent from runtime export surface
float-n-math	libm.so.6	f32xsubf128	GLIBC_2.28	absent from runtime export surface
float-n-math	libm.so.6	f32xsubf64	GLIBC_2.28	absent from runtime export surface
float-n-math	libm.so.6	f32xsubf64x	GLIBC_2.28	absent from runtime export surface
float-n-math	libm.so.6	f64addf128	GLIBC_2.28	absent from runtime export surface
float-n-math	libm.so.6	f64addf64x	GLIBC_2.28	absent from runtime export surface
float-n-math	libm.so.6	f64divf128	GLIBC_2.28	absent from runtime export surface
float-n-math	libm.so.6	f64divf64x	GLIBC_2.28	absent from runtime export surface
float-n-math	libm.so.6	f64mulf128	GLIBC_2.28	absent from runtime export surface
float-n-math	libm.so.6	f64mulf64x	GLIBC_2.28	absent from runtime export surface
float-n-math	libm.so.6	f64subf128	GLIBC_2.28	absent from runtime export surface
float-n-math	libm.so.6	f64subf64x	GLIBC_2.28	absent from runtime export surface
float-n-math	libm.so.6	f64xaddf128	GLIBC_2.28	absent from runtime export surface
float-n-math	libm.so.6	f64xdivf128	GLIBC_2.28	absent from runtime export surface
float-n-math	libm.so.6	f64xmulf128	GLIBC_2.28	absent from runtime export surface
float-n-math	libm.so.6	f64xsubf128	GLIBC_2.28	absent from runtime export surface
float-n-math	libm.so.6	fabsf128	GLIBC_2.26	absent from runtime export surface
float-n-math	libm.so.6	fabsf32	GLIBC_2.27	absent from runtime export surface
float-n-math	libm.so.6	fabsf32x	GLIBC_2.27	absent from runtime export surface
float-n-math	libm.so.6	fabsf64x	GLIBC_2.27	absent from runtime export surface
float-n-math	libm.so.6	fdimf128	GLIBC_2.26	absent from runtime export surface
float-n-math	libm.so.6	fdimf32	GLIBC_2.27	absent from runtime export surface
float-n-math	libm.so.6	fdimf32x	GLIBC_2.27	absent from runtime export surface
float-n-math	libm.so.6	fdimf64x	GLIBC_2.27	absent from runtime export surface
float-n-math	libm.so.6	floorf128	GLIBC_2.26	absent from runtime export surface
float-n-math	libm.so.6	floorf32	GLIBC_2.27	absent from runtime export surface
float-n-math	libm.so.6	floorf32x	GLIBC_2.27	absent from runtime export surface
float-n-math	libm.so.6	floorf64x	GLIBC_2.27	absent from runtime export surface
float-n-math	libm.so.6	fmaf128	GLIBC_2.26	absent from runtime export surface
float-n-math	libm.so.6	fmaf32	GLIBC_2.27	absent from runtime export surface
float-n-math	libm.so.6	fmaf32x	GLIBC_2.27	absent from runtime export surface
float-n-math	libm.so.6	fmaf64x	GLIBC_2.27	absent from runtime export surface
float-n-math	libm.so.6	fmaxf128	GLIBC_2.26	absent from runtime export surface
float-n-math	libm.so.6	fmaxf32	GLIBC_2.27	absent from runtime export surface
float-n-math	libm.so.6	fmaxf32x	GLIBC_2.27	absent from runtime export surface
float-n-math	libm.so.6	fmaxf64x	GLIBC_2.27	absent from runtime export surface
float-n-math	libm.so.6	fmaxmagf128	GLIBC_2.26	absent from runtime export surface
float-n-math	libm.so.6	fmaxmagf32	GLIBC_2.27	absent from runtime export surface
float-n-math	libm.so.6	fmaxmagf32x	GLIBC_2.27	absent from runtime export surface
float-n-math	libm.so.6	fmaxmagf64	GLIBC_2.27	absent from runtime export surface
float-n-math	libm.so.6	fmaxmagf64x	GLIBC_2.27	absent from runtime export surface
float-n-math	libm.so.6	fminf128	GLIBC_2.26	absent from runtime export surface
float-n-math	libm.so.6	fminf32	GLIBC_2.27	absent from runtime export surface
float-n-math	libm.so.6	fminf32x	GLIBC_2.27	absent from runtime export surface
float-n-math	libm.so.6	fminf64x	GLIBC_2.27	absent from runtime export surface
float-n-math	libm.so.6	fminmagf128	GLIBC_2.26	absent from runtime export surface
float-n-math	libm.so.6	fminmagf32	GLIBC_2.27	absent from runtime export surface
float-n-math	libm.so.6	fminmagf32x	GLIBC_2.27	absent from runtime export surface
float-n-math	libm.so.6	fminmagf64	GLIBC_2.27	absent from runtime export surface
float-n-math	libm.so.6	fminmagf64x	GLIBC_2.27	absent from runtime export surface
float-n-math	libm.so.6	fmodf128	GLIBC_2.26	absent from runtime export surface
float-n-math	libm.so.6	fmodf32	GLIBC_2.27	absent from runtime export surface
float-n-math	libm.so.6	fmodf32x	GLIBC_2.27	absent from runtime export surface
float-n-math	libm.so.6	fmodf64x	GLIBC_2.27	absent from runtime export surface
float-n-math	libm.so.6	frexpf128	GLIBC_2.26	absent from runtime export surface
float-n-math	libm.so.6	frexpf32	GLIBC_2.27	absent from runtime export surface
float-n-math	libm.so.6	frexpf32x	GLIBC_2.27	absent from runtime export surface
float-n-math	libm.so.6	frexpf64x	GLIBC_2.27	absent from runtime export surface
float-n-math	libm.so.6	fromfpf128	GLIBC_2.26	absent from runtime export surface
float-n-math	libm.so.6	fromfpf32	GLIBC_2.27	absent from runtime export surface
float-n-math	libm.so.6	fromfpf32x	GLIBC_2.27	absent from runtime export surface
float-n-math	libm.so.6	fromfpf64	GLIBC_2.27	absent from runtime export surface
float-n-math	libm.so.6	fromfpf64x	GLIBC_2.27	absent from runtime export surface
float-n-math	libm.so.6	fromfpxf128	GLIBC_2.26	absent from runtime export surface
float-n-math	libm.so.6	fromfpxf32	GLIBC_2.27	absent from runtime export surface
float-n-math	libm.so.6	fromfpxf32x	GLIBC_2.27	absent from runtime export surface
float-n-math	libm.so.6	fromfpxf64	GLIBC_2.27	absent from runtime export surface
float-n-math	libm.so.6	fromfpxf64x	GLIBC_2.27	absent from runtime export surface
float-n-math	libm.so.6	getpayloadf128	GLIBC_2.26	absent from runtime export surface
float-n-math	libm.so.6	getpayloadf32	GLIBC_2.27	absent from runtime export surface
float-n-math	libm.so.6	getpayloadf32x	GLIBC_2.27	absent from runtime export surface
float-n-math	libm.so.6	getpayloadf64	GLIBC_2.27	absent from runtime export surface
float-n-math	libm.so.6	getpayloadf64x	GLIBC_2.27	absent from runtime export surface
float-n-math	libm.so.6	hypotf128	GLIBC_2.26	absent from runtime export surface
float-n-math	libm.so.6	hypotf32	GLIBC_2.27	absent from runtime export surface
float-n-math	libm.so.6	hypotf32x	GLIBC_2.27	absent from runtime export surface
float-n-math	libm.so.6	hypotf64x	GLIBC_2.27	absent from runtime export surface
float-n-math	libm.so.6	ilogbf128	GLIBC_2.26	absent from runtime export surface
float-n-math	libm.so.6	ilogbf32	GLIBC_2.27	absent from runtime export surface
float-n-math	libm.so.6	ilogbf32x	GLIBC_2.27	absent from runtime export surface
float-n-math	libm.so.6	ilogbf64x	GLIBC_2.27	absent from runtime export surface
float-n-math	libm.so.6	j0f128	GLIBC_2.26	absent from runtime export surface
float-n-math	libm.so.6	j0f32	GLIBC_2.27	absent from runtime export surface
float-n-math	libm.so.6	j0f32x	GLIBC_2.27	absent from runtime export surface
float-n-math	libm.so.6	j0f64x	GLIBC_2.27	absent from runtime export surface
float-n-math	libm.so.6	j1f128	GLIBC_2.26	absent from runtime export surface
float-n-math	libm.so.6	j1f32	GLIBC_2.27	absent from runtime export surface
float-n-math	libm.so.6	j1f32x	GLIBC_2.27	absent from runtime export surface
float-n-math	libm.so.6	j1f64x	GLIBC_2.27	absent from runtime export surface
float-n-math	libm.so.6	jnf128	GLIBC_2.26	absent from runtime export surface
float-n-math	libm.so.6	jnf32	GLIBC_2.27	absent from runtime export surface
float-n-math	libm.so.6	jnf32x	GLIBC_2.27	absent from runtime export surface
float-n-math	libm.so.6	jnf64x	GLIBC_2.27	absent from runtime export surface
float-n-math	libm.so.6	ldexpf128	GLIBC_2.26	absent from runtime export surface
float-n-math	libm.so.6	ldexpf32	GLIBC_2.27	absent from runtime export surface
float-n-math	libm.so.6	ldexpf32x	GLIBC_2.27	absent from runtime export surface
float-n-math	libm.so.6	ldexpf64x	GLIBC_2.27	absent from runtime export surface
float-n-math	libm.so.6	lgammaf128	GLIBC_2.26	absent from runtime export surface
float-n-math	libm.so.6	lgammaf128_r	GLIBC_2.26	absent from runtime export surface
float-n-math	libm.so.6	lgammaf32	GLIBC_2.27	absent from runtime export surface
float-n-math	libm.so.6	lgammaf32_r	GLIBC_2.27	absent from runtime export surface
float-n-math	libm.so.6	lgammaf32x	GLIBC_2.27	absent from runtime export surface
float-n-math	libm.so.6	lgammaf32x_r	GLIBC_2.27	absent from runtime export surface
float-n-math	libm.so.6	lgammaf64_r	GLIBC_2.27	absent from runtime export surface
float-n-math	libm.so.6	lgammaf64x	GLIBC_2.27	absent from runtime export surface
float-n-math	libm.so.6	lgammaf64x_r	GLIBC_2.27	absent from runtime export surface
float-n-math	libm.so.6	llogbf128	GLIBC_2.26	absent from runtime export surface
float-n-math	libm.so.6	llogbf32	GLIBC_2.27	absent from runtime export surface
float-n-math	libm.so.6	llogbf32x	GLIBC_2.27	absent from runtime export surface
float-n-math	libm.so.6	llogbf64	GLIBC_2.27	absent from runtime export surface
float-n-math	libm.so.6	llogbf64x	GLIBC_2.27	absent from runtime export surface
float-n-math	libm.so.6	llrintf128	GLIBC_2.26	absent from runtime export surface
float-n-math	libm.so.6	llrintf32	GLIBC_2.27	absent from runtime export surface
float-n-math	libm.so.6	llrintf32x	GLIBC_2.27	absent from runtime export surface
float-n-math	libm.so.6	llrintf64x	GLIBC_2.27	absent from runtime export surface
float-n-math	libm.so.6	llroundf128	GLIBC_2.26	absent from runtime export surface
float-n-math	libm.so.6	llroundf32	GLIBC_2.27	absent from runtime export surface
float-n-math	libm.so.6	llroundf32x	GLIBC_2.27	absent from runtime export surface
float-n-math	libm.so.6	llroundf64x	GLIBC_2.27	absent from runtime export surface
float-n-math	libm.so.6	log10f128	GLIBC_2.26	absent from runtime export surface
float-n-math	libm.so.6	log10f32	GLIBC_2.27	absent from runtime export surface
float-n-math	libm.so.6	log10f32x	GLIBC_2.27	absent from runtime export surface
float-n-math	libm.so.6	log10f64x	GLIBC_2.27	absent from runtime export surface
float-n-math	libm.so.6	log1pf128	GLIBC_2.26	absent from runtime export surface
float-n-math	libm.so.6	log1pf32	GLIBC_2.27	absent from runtime export surface
float-n-math	libm.so.6	log1pf32x	GLIBC_2.27	absent from runtime export surface
float-n-math	libm.so.6	log1pf64x	GLIBC_2.27	absent from runtime export surface
float-n-math	libm.so.6	log2f128	GLIBC_2.26	absent from runtime export surface
float-n-math	libm.so.6	log2f32	GLIBC_2.27	absent from runtime export surface
float-n-math	libm.so.6	log2f32x	GLIBC_2.27	absent from runtime export surface
float-n-math	libm.so.6	log2f64x	GLIBC_2.27	absent from runtime export surface
float-n-math	libm.so.6	logbf128	GLIBC_2.26	absent from runtime export surface
float-n-math	libm.so.6	logbf32	GLIBC_2.27	absent from runtime export surface
float-n-math	libm.so.6	logbf32x	GLIBC_2.27	absent from runtime export surface
float-n-math	libm.so.6	logbf64x	GLIBC_2.27	absent from runtime export surface
float-n-math	libm.so.6	logf128	GLIBC_2.26	absent from runtime export surface
float-n-math	libm.so.6	logf32	GLIBC_2.27	absent from runtime export surface
float-n-math	libm.so.6	logf32x	GLIBC_2.27	absent from runtime export surface
float-n-math	libm.so.6	logf64x	GLIBC_2.27	absent from runtime export surface
float-n-math	libm.so.6	lrintf128	GLIBC_2.26	absent from runtime export surface
float-n-math	libm.so.6	lrintf32	GLIBC_2.27	absent from runtime export surface
float-n-math	libm.so.6	lrintf32x	GLIBC_2.27	absent from runtime export surface
float-n-math	libm.so.6	lrintf64x	GLIBC_2.27	absent from runtime export surface
float-n-math	libm.so.6	lroundf128	GLIBC_2.26	absent from runtime export surface
float-n-math	libm.so.6	lroundf32	GLIBC_2.27	absent from runtime export surface
float-n-math	libm.so.6	lroundf32x	GLIBC_2.27	absent from runtime export surface
float-n-math	libm.so.6	lroundf64x	GLIBC_2.27	absent from runtime export surface
float-n-math	libm.so.6	modff128	GLIBC_2.26	absent from runtime export surface
float-n-math	libm.so.6	modff32	GLIBC_2.27	absent from runtime export surface
float-n-math	libm.so.6	modff32x	GLIBC_2.27	absent from runtime export surface
float-n-math	libm.so.6	modff64x	GLIBC_2.27	absent from runtime export surface
float-n-math	libm.so.6	nanf128	GLIBC_2.26	absent from runtime export surface
float-n-math	libm.so.6	nanf32	GLIBC_2.27	absent from runtime export surface
float-n-math	libm.so.6	nanf32x	GLIBC_2.27	absent from runtime export surface
float-n-math	libm.so.6	nanf64x	GLIBC_2.27	absent from runtime export surface
float-n-math	libm.so.6	nearbyintf128	GLIBC_2.26	absent from runtime export surface
float-n-math	libm.so.6	nearbyintf32	GLIBC_2.27	absent from runtime export surface
float-n-math	libm.so.6	nearbyintf32x	GLIBC_2.27	absent from runtime export surface
float-n-math	libm.so.6	nearbyintf64x	GLIBC_2.27	absent from runtime export surface
float-n-math	libm.so.6	nextafterf128	GLIBC_2.26	absent from runtime export surface
float-n-math	libm.so.6	nextafterf32	GLIBC_2.27	absent from runtime export surface
float-n-math	libm.so.6	nextafterf32x	GLIBC_2.27	absent from runtime export surface
float-n-math	libm.so.6	nextafterf64x	GLIBC_2.27	absent from runtime export surface
float-n-math	libm.so.6	nextdownf128	GLIBC_2.26	absent from runtime export surface
float-n-math	libm.so.6	nextdownf32	GLIBC_2.27	absent from runtime export surface
float-n-math	libm.so.6	nextdownf32x	GLIBC_2.27	absent from runtime export surface
float-n-math	libm.so.6	nextdownf64	GLIBC_2.27	absent from runtime export surface
float-n-math	libm.so.6	nextdownf64x	GLIBC_2.27	absent from runtime export surface
float-n-math	libm.so.6	nextupf128	GLIBC_2.26	absent from runtime export surface
float-n-math	libm.so.6	nextupf32	GLIBC_2.27	absent from runtime export surface
float-n-math	libm.so.6	nextupf32x	GLIBC_2.27	absent from runtime export surface
float-n-math	libm.so.6	nextupf64	GLIBC_2.27	absent from runtime export surface
float-n-math	libm.so.6	nextupf64x	GLIBC_2.27	absent from runtime export surface
float-n-math	libm.so.6	powf128	GLIBC_2.26	absent from runtime export surface
float-n-math	libm.so.6	powf32	GLIBC_2.27	absent from runtime export surface
float-n-math	libm.so.6	powf32x	GLIBC_2.27	absent from runtime export surface
float-n-math	libm.so.6	powf64x	GLIBC_2.27	absent from runtime export surface
float-n-math	libm.so.6	remainderf128	GLIBC_2.26	absent from runtime export surface
float-n-math	libm.so.6	remainderf32	GLIBC_2.27	absent from runtime export surface
float-n-math	libm.so.6	remainderf32x	GLIBC_2.27	absent from runtime export surface
float-n-math	libm.so.6	remainderf64x	GLIBC_2.27	absent from runtime export surface
float-n-math	libm.so.6	remquof128	GLIBC_2.26	absent from runtime export surface
float-n-math	libm.so.6	remquof32	GLIBC_2.27	absent from runtime export surface
float-n-math	libm.so.6	remquof32x	GLIBC_2.27	absent from runtime export surface
float-n-math	libm.so.6	remquof64x	GLIBC_2.27	absent from runtime export surface
float-n-math	libm.so.6	rintf128	GLIBC_2.26	absent from runtime export surface
float-n-math	libm.so.6	rintf32	GLIBC_2.27	absent from runtime export surface
float-n-math	libm.so.6	rintf32x	GLIBC_2.27	absent from runtime export surface
float-n-math	libm.so.6	rintf64x	GLIBC_2.27	absent from runtime export surface
float-n-math	libm.so.6	roundevenf128	GLIBC_2.26	absent from runtime export surface
float-n-math	libm.so.6	roundevenf32	GLIBC_2.27	absent from runtime export surface
float-n-math	libm.so.6	roundevenf32x	GLIBC_2.27	absent from runtime export surface
float-n-math	libm.so.6	roundevenf64	GLIBC_2.27	absent from runtime export surface
float-n-math	libm.so.6	roundevenf64x	GLIBC_2.27	absent from runtime export surface
float-n-math	libm.so.6	roundf128	GLIBC_2.26	absent from runtime export surface
float-n-math	libm.so.6	roundf32	GLIBC_2.27	absent from runtime export surface
float-n-math	libm.so.6	roundf32x	GLIBC_2.27	absent from runtime export surface
float-n-math	libm.so.6	roundf64x	GLIBC_2.27	absent from runtime export surface
float-n-math	libm.so.6	scalblnf128	GLIBC_2.26	absent from runtime export surface
float-n-math	libm.so.6	scalblnf32	GLIBC_2.27	absent from runtime export surface
float-n-math	libm.so.6	scalblnf32x	GLIBC_2.27	absent from runtime export surface
float-n-math	libm.so.6	scalblnf64x	GLIBC_2.27	absent from runtime export surface
float-n-math	libm.so.6	scalbnf128	GLIBC_2.26	absent from runtime export surface
float-n-math	libm.so.6	scalbnf32	GLIBC_2.27	absent from runtime export surface
float-n-math	libm.so.6	scalbnf32x	GLIBC_2.27	absent from runtime export surface
float-n-math	libm.so.6	scalbnf64x	GLIBC_2.27	absent from runtime export surface
float-n-math	libm.so.6	setpayloadf128	GLIBC_2.26	absent from runtime export surface
float-n-math	libm.so.6	setpayloadf32	GLIBC_2.27	absent from runtime export surface
float-n-math	libm.so.6	setpayloadf32x	GLIBC_2.27	absent from runtime export surface
float-n-math	libm.so.6	setpayloadf64	GLIBC_2.27	absent from runtime export surface
float-n-math	libm.so.6	setpayloadf64x	GLIBC_2.27	absent from runtime export surface
float-n-math	libm.so.6	setpayloadsigf128	GLIBC_2.26	absent from runtime export surface
float-n-math	libm.so.6	setpayloadsigf32	GLIBC_2.27	absent from runtime export surface
float-n-math	libm.so.6	setpayloadsigf32x	GLIBC_2.27	absent from runtime export surface
float-n-math	libm.so.6	setpayloadsigf64	GLIBC_2.27	absent from runtime export surface
float-n-math	libm.so.6	setpayloadsigf64x	GLIBC_2.27	absent from runtime export surface
float-n-math	libm.so.6	sincosf128	GLIBC_2.26	absent from runtime export surface
float-n-math	libm.so.6	sincosf32	GLIBC_2.27	absent from runtime export surface
float-n-math	libm.so.6	sincosf32x	GLIBC_2.27	absent from runtime export surface
float-n-math	libm.so.6	sincosf64x	GLIBC_2.27	absent from runtime export surface
float-n-math	libm.so.6	sinf128	GLIBC_2.26	absent from runtime export surface
float-n-math	libm.so.6	sinf32	GLIBC_2.27	absent from runtime export surface
float-n-math	libm.so.6	sinf32x	GLIBC_2.27	absent from runtime export surface
float-n-math	libm.so.6	sinf64x	GLIBC_2.27	absent from runtime export surface
float-n-math	libm.so.6	sinhf128	GLIBC_2.26	absent from runtime export surface
float-n-math	libm.so.6	sinhf32	GLIBC_2.27	absent from runtime export surface
float-n-math	libm.so.6	sinhf32x	GLIBC_2.27	absent from runtime export surface
float-n-math	libm.so.6	sinhf64x	GLIBC_2.27	absent from runtime export surface
float-n-math	libm.so.6	sqrtf128	GLIBC_2.26	absent from runtime export surface
float-n-math	libm.so.6	sqrtf32	GLIBC_2.27	absent from runtime export surface
float-n-math	libm.so.6	sqrtf32x	GLIBC_2.27	absent from runtime export surface
float-n-math	libm.so.6	sqrtf64x	GLIBC_2.27	absent from runtime export surface
float-n-math	libm.so.6	tanf128	GLIBC_2.26	absent from runtime export surface
float-n-math	libm.so.6	tanf32	GLIBC_2.27	absent from runtime export surface
float-n-math	libm.so.6	tanf32x	GLIBC_2.27	absent from runtime export surface
float-n-math	libm.so.6	tanf64x	GLIBC_2.27	absent from runtime export surface
float-n-math	libm.so.6	tanhf128	GLIBC_2.26	absent from runtime export surface
float-n-math	libm.so.6	tanhf32	GLIBC_2.27	absent from runtime export surface
float-n-math	libm.so.6	tanhf32x	GLIBC_2.27	absent from runtime export surface
float-n-math	libm.so.6	tanhf64x	GLIBC_2.27	absent from runtime export surface
float-n-math	libm.so.6	tgammaf128	GLIBC_2.26	absent from runtime export surface
float-n-math	libm.so.6	tgammaf32	GLIBC_2.27	absent from runtime export surface
float-n-math	libm.so.6	tgammaf32x	GLIBC_2.27	absent from runtime export surface
float-n-math	libm.so.6	tgammaf64x	GLIBC_2.27	absent from runtime export surface
float-n-math	libm.so.6	totalorderf128	GLIBC_2.26	absent from runtime export surface
float-n-math	libm.so.6	totalorderf32	GLIBC_2.27	absent from runtime export surface
float-n-math	libm.so.6	totalorderf32x	GLIBC_2.27	absent from runtime export surface
float-n-math	libm.so.6	totalorderf64	GLIBC_2.27	absent from runtime export surface
float-n-math	libm.so.6	totalorderf64x	GLIBC_2.27	absent from runtime export surface
float-n-math	libm.so.6	totalordermagf128	GLIBC_2.26	absent from runtime export surface
float-n-math	libm.so.6	totalordermagf32	GLIBC_2.27	absent from runtime export surface
float-n-math	libm.so.6	totalordermagf32x	GLIBC_2.27	absent from runtime export surface
float-n-math	libm.so.6	totalordermagf64	GLIBC_2.27	absent from runtime export surface
float-n-math	libm.so.6	totalordermagf64x	GLIBC_2.27	absent from runtime export surface
float-n-math	libm.so.6	truncf128	GLIBC_2.26	absent from runtime export surface
float-n-math	libm.so.6	truncf32	GLIBC_2.27	absent from runtime export surface
float-n-math	libm.so.6	truncf32x	GLIBC_2.27	absent from runtime export surface
float-n-math	libm.so.6	truncf64x	GLIBC_2.27	absent from runtime export surface
float-n-math	libm.so.6	ufromfpf128	GLIBC_2.26	absent from runtime export surface
float-n-math	libm.so.6	ufromfpf32	GLIBC_2.27	absent from runtime export surface
float-n-math	libm.so.6	ufromfpf32x	GLIBC_2.27	absent from runtime export surface
float-n-math	libm.so.6	ufromfpf64	GLIBC_2.27	absent from runtime export surface
float-n-math	libm.so.6	ufromfpf64x	GLIBC_2.27	absent from runtime export surface
float-n-math	libm.so.6	ufromfpxf128	GLIBC_2.26	absent from runtime export surface
float-n-math	libm.so.6	ufromfpxf32	GLIBC_2.27	absent from runtime export surface
float-n-math	libm.so.6	ufromfpxf32x	GLIBC_2.27	absent from runtime export surface
float-n-math	libm.so.6	ufromfpxf64	GLIBC_2.27	absent from runtime export surface
float-n-math	libm.so.6	ufromfpxf64x	GLIBC_2.27	absent from runtime export surface
float-n-math	libm.so.6	y0f128	GLIBC_2.26	absent from runtime export surface
float-n-math	libm.so.6	y0f32	GLIBC_2.27	absent from runtime export surface
float-n-math	libm.so.6	y0f32x	GLIBC_2.27	absent from runtime export surface
float-n-math	libm.so.6	y0f64x	GLIBC_2.27	absent from runtime export surface
float-n-math	libm.so.6	y1f128	GLIBC_2.26	absent from runtime export surface
float-n-math	libm.so.6	y1f32	GLIBC_2.27	absent from runtime export surface
float-n-math	libm.so.6	y1f32x	GLIBC_2.27	absent from runtime export surface
float-n-math	libm.so.6	y1f64x	GLIBC_2.27	absent from runtime export surface
float-n-math	libm.so.6	ynf128	GLIBC_2.26	absent from runtime export surface
float-n-math	libm.so.6	ynf32	GLIBC_2.27	absent from runtime export surface
float-n-math	libm.so.6	ynf32x	GLIBC_2.27	absent from runtime export surface
float-n-math	libm.so.6	ynf64x	GLIBC_2.27	absent from runtime export surface
fortify-chk-no-base	libc.so.6	__fdelt_chk	GLIBC_2.15	FORTIFY _chk variant; base fdelt also absent
fortify-chk-no-base	libc.so.6	__obstack_printf_chk	GLIBC_2.8	FORTIFY _chk variant; base obstack_printf also absent
fortify-chk-no-base	libc.so.6	__obstack_vprintf_chk	GLIBC_2.8	FORTIFY _chk variant; base obstack_vprintf also absent
fortify-chk-no-base	libc.so.6	__pread64_chk	GLIBC_2.4	FORTIFY _chk variant; base pread64 also absent
internal-helpers	libc.so.6	__abort_msg	GLIBC_PRIVATE	absent from runtime export surface
internal-helpers	libc.so.6	__adjtimex	GLIBC_2.2.5	absent from runtime export surface
internal-helpers	libc.so.6	__arch_prctl	GLIBC_2.2.5	absent from runtime export surface
internal-helpers	libc.so.6	__assert_fail	GLIBC_2.2.5	absent from runtime export surface
internal-helpers	libc.so.6	__assert_perror_fail	GLIBC_2.2.5	absent from runtime export surface
internal-helpers	libc.so.6	__backtrace	GLIBC_2.2.5	absent from runtime export surface
internal-helpers	libc.so.6	__backtrace_symbols	GLIBC_2.2.5	absent from runtime export surface
internal-helpers	libc.so.6	__backtrace_symbols_fd	GLIBC_2.2.5	absent from runtime export surface
internal-helpers	libc.so.6	__bsd_getpgrp	GLIBC_2.2.5	absent from runtime export surface
internal-helpers	libc.so.6	__call_tls_dtors	GLIBC_PRIVATE	absent from runtime export surface
internal-helpers	libc.so.6	__clone	GLIBC_2.2.5	absent from runtime export surface
internal-helpers	libc.so.6	__close_nocancel	GLIBC_PRIVATE	absent from runtime export surface
internal-helpers	libc.so.6	__cmsg_nxthdr	GLIBC_2.2.5	absent from runtime export surface
internal-helpers	libc.so.6	__copy_grp	GLIBC_PRIVATE	absent from runtime export surface
internal-helpers	libc.so.6	__ctype32_b	GLIBC_2.2.5	absent from runtime export surface
internal-helpers	libc.so.6	__ctype32_tolower	GLIBC_2.2.5	absent from runtime export surface
internal-helpers	libc.so.6	__ctype32_toupper	GLIBC_2.2.5	absent from runtime export surface
internal-helpers	libc.so.6	__ctype_b	GLIBC_2.2.5	absent from runtime export surface
internal-helpers	libc.so.6	__ctype_b_loc	GLIBC_2.3	absent from runtime export surface
internal-helpers	libc.so.6	__ctype_get_mb_cur_max	GLIBC_2.2.5	absent from runtime export surface
internal-helpers	libc.so.6	__ctype_init	GLIBC_PRIVATE	absent from runtime export surface
internal-helpers	libc.so.6	__ctype_tolower	GLIBC_2.2.5	absent from runtime export surface
internal-helpers	libc.so.6	__ctype_tolower_loc	GLIBC_2.3	absent from runtime export surface
internal-helpers	libc.so.6	__ctype_toupper	GLIBC_2.2.5	absent from runtime export surface
internal-helpers	libc.so.6	__ctype_toupper_loc	GLIBC_2.3	absent from runtime export surface
internal-helpers	libc.so.6	__curbrk	GLIBC_2.2.5	absent from runtime export surface
internal-helpers	libc.so.6	__cxa_at_quick_exit	GLIBC_2.10	absent from runtime export surface
internal-helpers	libc.so.6	__cxa_thread_atexit_impl	GLIBC_2.18	absent from runtime export surface
internal-helpers	libc.so.6	__cyg_profile_func_enter	GLIBC_2.2.5	absent from runtime export surface
internal-helpers	libc.so.6	__cyg_profile_func_exit	GLIBC_2.2.5	absent from runtime export surface
internal-helpers	libc.so.6	__daylight	GLIBC_2.2.5	absent from runtime export surface
internal-helpers	libc.so.6	__dcgettext	GLIBC_2.2.5	absent from runtime export surface
internal-helpers	libc.so.6	__default_morecore	GLIBC_2.2.5	absent from runtime export surface
internal-helpers	libc.so.6	__dgettext	GLIBC_2.2.5	absent from runtime export surface
internal-helpers	libc.so.6	__fdelt_warn	GLIBC_2.15	absent from runtime export surface
internal-helpers	libc.so.6	__fentry__	GLIBC_2.13	absent from runtime export surface
internal-helpers	libc.so.6	__file_change_detection_for_fp	GLIBC_PRIVATE	absent from runtime export surface
internal-helpers	libc.so.6	__file_change_detection_for_path	GLIBC_PRIVATE	absent from runtime export surface
internal-helpers	libc.so.6	__file_change_detection_for_stat	GLIBC_PRIVATE	absent from runtime export surface
internal-helpers	libc.so.6	__file_is_unchanged	GLIBC_PRIVATE	absent from runtime export surface
internal-helpers	libc.so.6	__fortify_fail	GLIBC_PRIVATE	absent from runtime export surface
internal-helpers	libc.so.6	__fpu_control	GLIBC_2.2.5	absent from runtime export surface
internal-helpers	libc.so.6	__gconv_create_spec	GLIBC_PRIVATE	absent from runtime export surface
internal-helpers	libc.so.6	__gconv_destroy_spec	GLIBC_PRIVATE	absent from runtime export surface
internal-helpers	libc.so.6	__gconv_get_alias_db	GLIBC_PRIVATE	absent from runtime export surface
internal-helpers	libc.so.6	__gconv_get_cache	GLIBC_PRIVATE	absent from runtime export surface
internal-helpers	libc.so.6	__gconv_get_modules_db	GLIBC_PRIVATE	absent from runtime export surface
internal-helpers	libc.so.6	__gconv_open	GLIBC_PRIVATE	absent from runtime export surface
internal-helpers	libc.so.6	__gconv_transliterate	GLIBC_PRIVATE	absent from runtime export surface
internal-helpers	libc.so.6	__getauxval	GLIBC_2.16	absent from runtime export surface
internal-helpers	libc.so.6	__h_errno_location	GLIBC_2.2.5	absent from runtime export surface
internal-helpers	libc.so.6	__idna_from_dns_encoding	GLIBC_PRIVATE	absent from runtime export surface
internal-helpers	libc.so.6	__idna_to_dns_encoding	GLIBC_PRIVATE	absent from runtime export surface
internal-helpers	libc.so.6	__inet6_scopeid_pton	GLIBC_PRIVATE	absent from runtime export surface
internal-helpers	libc.so.6	__inet_aton_exact	GLIBC_PRIVATE	absent from runtime export surface
internal-helpers	libc.so.6	__inet_pton_length	GLIBC_PRIVATE	absent from runtime export surface
internal-helpers	libc.so.6	__internal_endnetgrent	GLIBC_PRIVATE	absent from runtime export surface
internal-helpers	libc.so.6	__internal_getnetgrent_r	GLIBC_PRIVATE	absent from runtime export surface
internal-helpers	libc.so.6	__internal_setnetgrent	GLIBC_PRIVATE	absent from runtime export surface
internal-helpers	libc.so.6	__isctype	GLIBC_2.3	absent from runtime export surface
internal-helpers	libc.so.6	__isoc99_fscanf	GLIBC_2.7	absent from runtime export surface
internal-helpers	libc.so.6	__isoc99_fwscanf	GLIBC_2.7	absent from runtime export surface
internal-helpers	libc.so.6	__isoc99_scanf	GLIBC_2.7	absent from runtime export surface
internal-helpers	libc.so.6	__isoc99_sscanf	GLIBC_2.7	absent from runtime export surface
internal-helpers	libc.so.6	__isoc99_swscanf	GLIBC_2.7	absent from runtime export surface
internal-helpers	libc.so.6	__isoc99_vfscanf	GLIBC_2.7	absent from runtime export surface
internal-helpers	libc.so.6	__isoc99_vfwscanf	GLIBC_2.7	absent from runtime export surface
internal-helpers	libc.so.6	__isoc99_vscanf	GLIBC_2.7	absent from runtime export surface
internal-helpers	libc.so.6	__isoc99_vsscanf	GLIBC_2.7	absent from runtime export surface
internal-helpers	libc.so.6	__isoc99_vswscanf	GLIBC_2.7	absent from runtime export surface
internal-helpers	libc.so.6	__isoc99_vwscanf	GLIBC_2.7	absent from runtime export surface
internal-helpers	libc.so.6	__isoc99_wscanf	GLIBC_2.7	absent from runtime export surface
internal-helpers	libc.so.6	__ivaliduser	GLIBC_2.2.5	absent from runtime export surface
internal-helpers	libc.so.6	__key_decryptsession_pk_LOCAL	GLIBC_2.2.5	absent from runtime export surface
internal-helpers	libc.so.6	__key_encryptsession_pk_LOCAL	GLIBC_2.2.5	absent from runtime export surface
internal-helpers	libc.so.6	__key_gendes_LOCAL	GLIBC_2.2.5	absent from runtime export surface
internal-helpers	libc.so.6	__libc_alloc_buffer_alloc_array	GLIBC_PRIVATE	absent from runtime export surface
internal-helpers	libc.so.6	__libc_alloc_buffer_allocate	GLIBC_PRIVATE	absent from runtime export surface
internal-helpers	libc.so.6	__libc_alloc_buffer_copy_bytes	GLIBC_PRIVATE	absent from runtime export surface
internal-helpers	libc.so.6	__libc_alloc_buffer_copy_string	GLIBC_PRIVATE	absent from runtime export surface
internal-helpers	libc.so.6	__libc_alloc_buffer_create_failure	GLIBC_PRIVATE	absent from runtime export surface
internal-helpers	libc.so.6	__libc_alloca_cutoff	GLIBC_PRIVATE	absent from runtime export surface
internal-helpers	libc.so.6	__libc_allocate_once_slow	GLIBC_PRIVATE	absent from runtime export surface
internal-helpers	libc.so.6	__libc_allocate_rtsig	GLIBC_2.2.5	absent from runtime export surface
internal-helpers	libc.so.6	__libc_allocate_rtsig_private	GLIBC_PRIVATE	absent from runtime export surface
internal-helpers	libc.so.6	__libc_calloc	GLIBC_2.2.5	absent from runtime export surface
internal-helpers	libc.so.6	__libc_clntudp_bufcreate	GLIBC_PRIVATE	absent from runtime export surface
internal-helpers	libc.so.6	__libc_current_sigrtmax	GLIBC_2.2.5	absent from runtime export surface
internal-helpers	libc.so.6	__libc_current_sigrtmax_private	GLIBC_PRIVATE	absent from runtime export surface
internal-helpers	libc.so.6	__libc_current_sigrtmin	GLIBC_2.2.5	absent from runtime export surface
internal-helpers	libc.so.6	__libc_current_sigrtmin_private	GLIBC_PRIVATE	absent from runtime export surface
internal-helpers	libc.so.6	__libc_dlclose	GLIBC_PRIVATE	absent from runtime export surface
internal-helpers	libc.so.6	__libc_dlerror_result	GLIBC_PRIVATE	absent from runtime export surface
internal-helpers	libc.so.6	__libc_dlopen_mode	GLIBC_PRIVATE	absent from runtime export surface
internal-helpers	libc.so.6	__libc_dlsym	GLIBC_PRIVATE	absent from runtime export surface
internal-helpers	libc.so.6	__libc_dlvsym	GLIBC_PRIVATE	absent from runtime export surface
internal-helpers	libc.so.6	__libc_dynarray_at_failure	GLIBC_PRIVATE	absent from runtime export surface
internal-helpers	libc.so.6	__libc_dynarray_emplace_enlarge	GLIBC_PRIVATE	absent from runtime export surface
internal-helpers	libc.so.6	__libc_dynarray_finalize	GLIBC_PRIVATE	absent from runtime export surface
internal-helpers	libc.so.6	__libc_dynarray_resize	GLIBC_PRIVATE	absent from runtime export surface
internal-helpers	libc.so.6	__libc_dynarray_resize_clear	GLIBC_PRIVATE	absent from runtime export surface
internal-helpers	libc.so.6	__libc_early_init	GLIBC_PRIVATE	absent from runtime export surface
internal-helpers	libc.so.6	__libc_fatal	GLIBC_PRIVATE	absent from runtime export surface
internal-helpers	libc.so.6	__libc_fcntl64	GLIBC_PRIVATE	absent from runtime export surface
internal-helpers	libc.so.6	__libc_fork	GLIBC_PRIVATE	absent from runtime export surface
internal-helpers	libc.so.6	__libc_free	GLIBC_2.2.5	absent from runtime export surface
internal-helpers	libc.so.6	__libc_freeres	GLIBC_2.2.5	absent from runtime export surface
internal-helpers	libc.so.6	__libc_ifunc_impl_list	GLIBC_PRIVATE	absent from runtime export surface
internal-helpers	libc.so.6	__libc_init_first	GLIBC_2.2.5	absent from runtime export surface
internal-helpers	libc.so.6	__libc_longjmp	GLIBC_PRIVATE	absent from runtime export surface
internal-helpers	libc.so.6	__libc_mallinfo	GLIBC_2.2.5	absent from runtime export surface
internal-helpers	libc.so.6	__libc_malloc	GLIBC_2.2.5	absent from runtime export surface
internal-helpers	libc.so.6	__libc_mallopt	GLIBC_2.2.5	absent from runtime export surface
internal-helpers	libc.so.6	__libc_memalign	GLIBC_2.2.5	absent from runtime export surface
internal-helpers	libc.so.6	__libc_msgrcv	GLIBC_PRIVATE	absent from runtime export surface
internal-helpers	libc.so.6	__libc_msgsnd	GLIBC_PRIVATE	absent from runtime export surface
internal-helpers	libc.so.6	__libc_pread	GLIBC_PRIVATE	absent from runtime export surface
internal-helpers	libc.so.6	__libc_pthread_init	GLIBC_PRIVATE	absent from runtime export surface
internal-helpers	libc.so.6	__libc_pvalloc	GLIBC_2.2.5	absent from runtime export surface
internal-helpers	libc.so.6	__libc_pwrite	GLIBC_PRIVATE	absent from runtime export surface
internal-helpers	libc.so.6	__libc_realloc	GLIBC_2.2.5	absent from runtime export surface
internal-helpers	libc.so.6	__libc_reallocarray	GLIBC_PRIVATE	absent from runtime export surface
internal-helpers	libc.so.6	__libc_rpc_getport	GLIBC_PRIVATE	absent from runtime export surface
internal-helpers	libc.so.6	__libc_sa_len	GLIBC_2.2.5	absent from runtime export surface
internal-helpers	libc.so.6	__libc_scratch_buffer_grow	GLIBC_PRIVATE	absent from runtime export surface
internal-helpers	libc.so.6	__libc_scratch_buffer_grow_preserve	GLIBC_PRIVATE	absent from runtime export surface
internal-helpers	libc.so.6	__libc_scratch_buffer_set_array_size	GLIBC_PRIVATE	absent from runtime export surface
internal-helpers	libc.so.6	__libc_secure_getenv	GLIBC_PRIVATE	absent from runtime export surface
internal-helpers	libc.so.6	__libc_siglongjmp	GLIBC_PRIVATE	absent from runtime export surface
internal-helpers	libc.so.6	__libc_start_main	GLIBC_2.2.5	absent from runtime export surface
internal-helpers	libc.so.6	__libc_system	GLIBC_PRIVATE	absent from runtime export surface
internal-helpers	libc.so.6	__libc_thread_freeres	GLIBC_PRIVATE	absent from runtime export surface
internal-helpers	libc.so.6	__libc_valloc	GLIBC_2.2.5	absent from runtime export surface
internal-helpers	libc.so.6	__mempcpy_small	GLIBC_2.2.5	absent from runtime export surface
internal-helpers	libc.so.6	__merge_grp	GLIBC_PRIVATE	absent from runtime export surface
internal-helpers	libc.so.6	__monstartup	GLIBC_2.2.5	absent from runtime export surface
internal-helpers	libc.so.6	__morecore	GLIBC_2.2.5	absent from runtime export surface
internal-helpers	libc.so.6	__nanosleep_nocancel	GLIBC_PRIVATE	absent from runtime export surface
internal-helpers	libc.so.6	__netlink_assert_response	GLIBC_PRIVATE	absent from runtime export surface
internal-helpers	libc.so.6	__nss_configure_lookup	GLIBC_2.2.5	absent from runtime export surface
internal-helpers	libc.so.6	__nss_database_lookup	GLIBC_2.2.5	absent from runtime export surface
internal-helpers	libc.so.6	__nss_database_lookup2	GLIBC_PRIVATE	absent from runtime export surface
internal-helpers	libc.so.6	__nss_disable_nscd	GLIBC_PRIVATE	absent from runtime export surface
internal-helpers	libc.so.6	__nss_files_fopen	GLIBC_PRIVATE	absent from runtime export surface
internal-helpers	libc.so.6	__nss_group_lookup	GLIBC_2.2.5	absent from runtime export surface
internal-helpers	libc.so.6	__nss_group_lookup2	GLIBC_PRIVATE	absent from runtime export surface
internal-helpers	libc.so.6	__nss_hash	GLIBC_PRIVATE	absent from runtime export surface
internal-helpers	libc.so.6	__nss_hostname_digits_dots	GLIBC_2.2.5	absent from runtime export surface
internal-helpers	libc.so.6	__nss_hosts_lookup	GLIBC_2.2.5	absent from runtime export surface
internal-helpers	libc.so.6	__nss_hosts_lookup2	GLIBC_PRIVATE	absent from runtime export surface
internal-helpers	libc.so.6	__nss_lookup	GLIBC_PRIVATE	absent from runtime export surface
internal-helpers	libc.so.6	__nss_lookup_function	GLIBC_PRIVATE	absent from runtime export surface
internal-helpers	libc.so.6	__nss_next	GLIBC_2.2.5	absent from runtime export surface
internal-helpers	libc.so.6	__nss_next2	GLIBC_PRIVATE	absent from runtime export surface
internal-helpers	libc.so.6	__nss_parse_line_result	GLIBC_PRIVATE	absent from runtime export surface
internal-helpers	libc.so.6	__nss_passwd_lookup	GLIBC_2.2.5	absent from runtime export surface
internal-helpers	libc.so.6	__nss_passwd_lookup2	GLIBC_PRIVATE	absent from runtime export surface
internal-helpers	libc.so.6	__nss_readline	GLIBC_PRIVATE	absent from runtime export surface
internal-helpers	libc.so.6	__nss_services_lookup2	GLIBC_PRIVATE	absent from runtime export surface
internal-helpers	libc.so.6	__open64_2	GLIBC_2.7	absent from runtime export surface
internal-helpers	libc.so.6	__open64_nocancel	GLIBC_PRIVATE	absent from runtime export surface
internal-helpers	libc.so.6	__open_2	GLIBC_2.7	absent from runtime export surface
internal-helpers	libc.so.6	__open_catalog	GLIBC_PRIVATE	absent from runtime export surface
internal-helpers	libc.so.6	__open_nocancel	GLIBC_PRIVATE	absent from runtime export surface
internal-helpers	libc.so.6	__openat64_2	GLIBC_2.7	absent from runtime export surface
internal-helpers	libc.so.6	__openat_2	GLIBC_2.7	absent from runtime export surface
internal-helpers	libc.so.6	__overflow	GLIBC_2.2.5	absent from runtime export surface
internal-helpers	libc.so.6	__pause_nocancel	GLIBC_PRIVATE	absent from runtime export surface
internal-helpers	libc.so.6	__posix_getopt	GLIBC_2.10	absent from runtime export surface
internal-helpers	libc.so.6	__pread64_nocancel	GLIBC_PRIVATE	absent from runtime export surface
internal-helpers	libc.so.6	__printf_fp	GLIBC_2.2.5	absent from runtime export surface
internal-helpers	libc.so.6	__profile_frequency	GLIBC_2.2.5	absent from runtime export surface
internal-helpers	libc.so.6	__progname_full	GLIBC_2.2.5	absent from runtime export surface
internal-helpers	libc.so.6	__read_nocancel	GLIBC_PRIVATE	absent from runtime export surface
internal-helpers	libc.so.6	__register_atfork	GLIBC_2.3.2	absent from runtime export surface
internal-helpers	libc.so.6	__rpc_thread_createerr	GLIBC_2.2.5	absent from runtime export surface
internal-helpers	libc.so.6	__rpc_thread_svc_fdset	GLIBC_2.2.5	absent from runtime export surface
internal-helpers	libc.so.6	__rpc_thread_svc_max_pollfd	GLIBC_2.2.5	absent from runtime export surface
internal-helpers	libc.so.6	__rpc_thread_svc_pollfd	GLIBC_2.2.5	absent from runtime export surface
internal-helpers	libc.so.6	__sched_cpualloc	GLIBC_2.7	absent from runtime export surface
internal-helpers	libc.so.6	__sched_cpucount	GLIBC_2.6	absent from runtime export surface
internal-helpers	libc.so.6	__sched_cpufree	GLIBC_2.7	absent from runtime export surface
internal-helpers	libc.so.6	__sendmmsg	GLIBC_PRIVATE	absent from runtime export surface
internal-helpers	libc.so.6	__signbit	GLIBC_2.2.5	absent from runtime export surface
internal-helpers	libc.so.6	__signbitl	GLIBC_2.2.5	absent from runtime export surface
internal-helpers	libc.so.6	__stpcpy_small	GLIBC_2.2.5	absent from runtime export surface
internal-helpers	libc.so.6	__strcpy_small	GLIBC_2.2.5	absent from runtime export surface
internal-helpers	libc.so.6	__strcspn_c1	GLIBC_2.2.5	absent from runtime export surface
internal-helpers	libc.so.6	__strcspn_c2	GLIBC_2.2.5	absent from runtime export surface
internal-helpers	libc.so.6	__strcspn_c3	GLIBC_2.2.5	absent from runtime export surface
internal-helpers	libc.so.6	__strpbrk_c2	GLIBC_2.2.5	absent from runtime export surface
internal-helpers	libc.so.6	__strpbrk_c3	GLIBC_2.2.5	absent from runtime export surface
internal-helpers	libc.so.6	__strsep_1c	GLIBC_2.2.5	absent from runtime export surface
internal-helpers	libc.so.6	__strsep_2c	GLIBC_2.2.5	absent from runtime export surface
internal-helpers	libc.so.6	__strsep_3c	GLIBC_2.2.5	absent from runtime export surface
internal-helpers	libc.so.6	__strsep_g	GLIBC_2.2.5	absent from runtime export surface
internal-helpers	libc.so.6	__strspn_c1	GLIBC_2.2.5	absent from runtime export surface
internal-helpers	libc.so.6	__strspn_c2	GLIBC_2.2.5	absent from runtime export surface
internal-helpers	libc.so.6	__strspn_c3	GLIBC_2.2.5	absent from runtime export surface
internal-helpers	libc.so.6	__strtod_internal	GLIBC_2.2.5	absent from runtime export surface
internal-helpers	libc.so.6	__strtod_nan	GLIBC_PRIVATE	absent from runtime export surface
internal-helpers	libc.so.6	__strtof_internal	GLIBC_2.2.5	absent from runtime export surface
internal-helpers	libc.so.6	__strtof_nan	GLIBC_PRIVATE	absent from runtime export surface
internal-helpers	libc.so.6	__strtok_r_1c	GLIBC_2.2.5	absent from runtime export surface
internal-helpers	libc.so.6	__strtol_internal	GLIBC_2.2.5	absent from runtime export surface
internal-helpers	libc.so.6	__strtold_internal	GLIBC_2.2.5	absent from runtime export surface
internal-helpers	libc.so.6	__strtold_nan	GLIBC_PRIVATE	absent from runtime export surface
internal-helpers	libc.so.6	__strtoll_internal	GLIBC_2.2.5	absent from runtime export surface
internal-helpers	libc.so.6	__strtoul_internal	GLIBC_2.2.5	absent from runtime export surface
internal-helpers	libc.so.6	__strtoull_internal	GLIBC_2.2.5	absent from runtime export surface
internal-helpers	libc.so.6	__sysctl	GLIBC_2.2.5	absent from runtime export surface
internal-helpers	libc.so.6	__tzname	GLIBC_2.2.5	absent from runtime export surface
internal-helpers	libc.so.6	__uflow	GLIBC_2.2.5	absent from runtime export surface
internal-helpers	libc.so.6	__underflow	GLIBC_2.2.5	absent from runtime export surface
internal-helpers	libc.so.6	__wcstod_internal	GLIBC_2.2.5	absent from runtime export surface
internal-helpers	libc.so.6	__wcstof_internal	GLIBC_2.2.5	absent from runtime export surface
internal-helpers	libc.so.6	__wcstol_internal	GLIBC_2.2.5	absent from runtime export surface
internal-helpers	libc.so.6	__wcstold_internal	GLIBC_2.2.5	absent from runtime export surface
internal-helpers	libc.so.6	__wcstoll_internal	GLIBC_2.2.5	absent from runtime export surface
internal-helpers	libc.so.6	__wcstoul_internal	GLIBC_2.2.5	absent from runtime export surface
internal-helpers	libc.so.6	__wcstoull_internal	GLIBC_2.2.5	absent from runtime export surface
internal-helpers	libc.so.6	__woverflow	GLIBC_2.2.5	absent from runtime export surface
internal-helpers	libc.so.6	__write_nocancel	GLIBC_PRIVATE	absent from runtime export surface
internal-helpers	libc.so.6	__wuflow	GLIBC_2.2.5	absent from runtime export surface
internal-helpers	libc.so.6	__wunderflow	GLIBC_2.2.5	absent from runtime export surface
internal-helpers	libc.so.6	__xpg_basename	GLIBC_2.2.5	absent from runtime export surface
internal-helpers	libm.so.6	__fpclassify	GLIBC_2.2.5	absent from runtime export surface
internal-helpers	libm.so.6	__fpclassifyl	GLIBC_2.2.5	absent from runtime export surface
internal-helpers	libm.so.6	__iscanonicall	GLIBC_2.25	absent from runtime export surface
internal-helpers	libm.so.6	__iseqsig	GLIBC_2.25	absent from runtime export surface
internal-helpers	libm.so.6	__iseqsigf	GLIBC_2.25	absent from runtime export surface
internal-helpers	libm.so.6	__iseqsigl	GLIBC_2.25	absent from runtime export surface
internal-helpers	libm.so.6	__issignaling	GLIBC_2.18	absent from runtime export surface
internal-helpers	libm.so.6	__issignalingf	GLIBC_2.18	absent from runtime export surface
internal-helpers	libm.so.6	__issignalingl	GLIBC_2.18	absent from runtime export surface
internal-helpers	libm.so.6	__signbit	GLIBC_2.2.5	absent from runtime export surface
internal-helpers	libm.so.6	__signbitl	GLIBC_2.2.5	absent from runtime export surface
internal-helpers	libnsl.so.1	__create_ib_request	GLIBC_PRIVATE	absent from runtime export surface
internal-helpers	libnsl.so.1	__do_niscall3	GLIBC_PRIVATE	absent from runtime export surface
internal-helpers	libnsl.so.1	__follow_path	GLIBC_PRIVATE	absent from runtime export surface
internal-helpers	libnsl.so.1	__free_fdresult	GLIBC_2.2.5	absent from runtime export surface
internal-helpers	libnsl.so.1	__nis_default_access	GLIBC_2.2.5	absent from runtime export surface
internal-helpers	libnsl.so.1	__nis_default_group	GLIBC_2.2.5	absent from runtime export surface
internal-helpers	libnsl.so.1	__nis_default_owner	GLIBC_2.2.5	absent from runtime export surface
internal-helpers	libnsl.so.1	__nis_default_ttl	GLIBC_2.2.5	absent from runtime export surface
internal-helpers	libnsl.so.1	__nis_finddirectory	GLIBC_2.2.5	absent from runtime export surface
internal-helpers	libnsl.so.1	__nis_hash	GLIBC_2.2.5	absent from runtime export surface
internal-helpers	libnsl.so.1	__nisbind_connect	GLIBC_2.2.5	absent from runtime export surface
internal-helpers	libnsl.so.1	__nisbind_create	GLIBC_2.2.5	absent from runtime export surface
internal-helpers	libnsl.so.1	__nisbind_destroy	GLIBC_2.2.5	absent from runtime export surface
internal-helpers	libnsl.so.1	__nisbind_next	GLIBC_2.2.5	absent from runtime export surface
internal-helpers	libnsl.so.1	__prepare_niscall	GLIBC_PRIVATE	absent from runtime export surface
internal-helpers	libnsl.so.1	__yp_check	GLIBC_2.2.5	absent from runtime export surface
internal-helpers	libpthread.so.0	__h_errno_location	GLIBC_2.2.5	absent from runtime export surface
internal-helpers	libpthread.so.0	__libc_allocate_rtsig	GLIBC_2.2.5	absent from runtime export surface
internal-helpers	libpthread.so.0	__libc_current_sigrtmax	GLIBC_2.2.5	absent from runtime export surface
internal-helpers	libpthread.so.0	__libc_current_sigrtmin	GLIBC_2.2.5	absent from runtime export surface
internal-helpers	libpthread.so.0	__libpthread_freeres	GLIBC_PRIVATE	absent from runtime export surface
internal-helpers	libpthread.so.0	__shm_directory	GLIBC_PRIVATE	absent from runtime export surface
internal-helpers	libresolv.so.2	__dn_count_labels	GLIBC_2.2.5	absent from runtime export surface
internal-helpers	libresolv.so.2	__fp_nquery	GLIBC_2.2.5	absent from runtime export surface
internal-helpers	libresolv.so.2	__fp_query	GLIBC_2.2.5	absent from runtime export surface
internal-helpers	libresolv.so.2	__fp_resstat	GLIBC_2.2.5	absent from runtime export surface
internal-helpers	libresolv.so.2	__hostalias	GLIBC_2.2.5	absent from runtime export surface
internal-helpers	libresolv.so.2	__loc_aton	GLIBC_2.2.5	absent from runtime export surface
internal-helpers	libresolv.so.2	__loc_ntoa	GLIBC_2.2.5	absent from runtime export surface
internal-helpers	libresolv.so.2	__p_cdname	GLIBC_2.2.5	absent from runtime export surface
internal-helpers	libresolv.so.2	__p_cdnname	GLIBC_2.2.5	absent from runtime export surface
internal-helpers	libresolv.so.2	__p_class	GLIBC_2.2.5	absent from runtime export surface
internal-helpers	libresolv.so.2	__p_class_syms	GLIBC_2.2.5	absent from runtime export surface
internal-helpers	libresolv.so.2	__p_fqname	GLIBC_2.2.5	absent from runtime export surface
internal-helpers	libresolv.so.2	__p_fqnname	GLIBC_2.2.5	absent from runtime export surface
internal-helpers	libresolv.so.2	__p_option	GLIBC_2.2.5	absent from runtime export surface
internal-helpers	libresolv.so.2	__p_query	GLIBC_2.2.5	absent from runtime export surface
internal-helpers	libresolv.so.2	__p_rcode	GLIBC_2.3.2	absent from runtime export surface
internal-helpers	libresolv.so.2	__p_secstodate	GLIBC_2.2.5	absent from runtime export surface
internal-helpers	libresolv.so.2	__p_time	GLIBC_2.2.5	absent from runtime export surface
internal-helpers	libresolv.so.2	__p_type	GLIBC_2.2.5	absent from runtime export surface
internal-helpers	libresolv.so.2	__p_type_syms	GLIBC_2.2.5	absent from runtime export surface
internal-helpers	libresolv.so.2	__putlong	GLIBC_2.2.5	absent from runtime export surface
internal-helpers	libresolv.so.2	__putshort	GLIBC_2.2.5	absent from runtime export surface
internal-helpers	libresolv.so.2	__sym_ntop	GLIBC_2.2.5	absent from runtime export surface
internal-helpers	libresolv.so.2	__sym_ntos	GLIBC_2.2.5	absent from runtime export surface
internal-helpers	libresolv.so.2	__sym_ston	GLIBC_2.2.5	absent from runtime export surface
internal-helpers	librt.so.1	__mq_open_2	GLIBC_2.7	absent from runtime export surface
loader-internals	libc.so.6	__after_morecore_hook	GLIBC_2.2.5	absent from runtime export surface
loader-internals	libc.so.6	__free_hook	GLIBC_2.2.5	absent from runtime export surface
loader-internals	libc.so.6	__malloc_hook	GLIBC_2.2.5	absent from runtime export surface
loader-internals	libc.so.6	__malloc_initialize_hook	GLIBC_2.2.5	absent from runtime export surface
loader-internals	libc.so.6	__memalign_hook	GLIBC_2.2.5	absent from runtime export surface
loader-internals	libc.so.6	__realloc_hook	GLIBC_2.2.5	absent from runtime export surface
loader-internals	libc.so.6	_dl_addr	GLIBC_PRIVATE	absent from runtime export surface
loader-internals	libc.so.6	_dl_catch_error	GLIBC_PRIVATE	absent from runtime export surface
loader-internals	libc.so.6	_dl_catch_exception	GLIBC_PRIVATE	absent from runtime export surface
loader-internals	libc.so.6	_dl_mcount_wrapper	GLIBC_2.2.5	absent from runtime export surface
loader-internals	libc.so.6	_dl_mcount_wrapper_check	GLIBC_2.2.5	absent from runtime export surface
loader-internals	libc.so.6	_dl_open_hook	GLIBC_PRIVATE	absent from runtime export surface
loader-internals	libc.so.6	_dl_open_hook2	GLIBC_PRIVATE	absent from runtime export surface
loader-internals	libc.so.6	_dl_signal_error	GLIBC_PRIVATE	absent from runtime export surface
loader-internals	libc.so.6	_dl_signal_exception	GLIBC_PRIVATE	absent from runtime export surface
loader-internals	libc.so.6	_dl_sym	GLIBC_PRIVATE	absent from runtime export surface
loader-internals	libc.so.6	_dl_vsym	GLIBC_PRIVATE	absent from runtime export surface
loader-internals	libc.so.6	argp_program_version_hook	GLIBC_2.2.5	absent from runtime export surface
loader-internals	libdl.so.2	_dlfcn_hook	GLIBC_PRIVATE	absent from runtime export surface
pthread-internals	libpthread.so.0	__pthread_attr_copy	GLIBC_PRIVATE	absent from runtime export surface
pthread-internals	libpthread.so.0	__pthread_cleanup_routine	GLIBC_2.3.3	absent from runtime export surface
pthread-internals	libpthread.so.0	__pthread_get_minstack	GLIBC_PRIVATE	absent from runtime export surface
pthread-internals	libpthread.so.0	__pthread_initialize_minimal	GLIBC_PRIVATE	absent from runtime export surface
pthread-internals	libpthread.so.0	__pthread_register_cancel	GLIBC_2.3.3	absent from runtime export surface
pthread-internals	libpthread.so.0	__pthread_register_cancel_defer	GLIBC_2.3.3	absent from runtime export surface
pthread-internals	libpthread.so.0	__pthread_unregister_cancel	GLIBC_2.3.3	absent from runtime export surface
pthread-internals	libpthread.so.0	__pthread_unregister_cancel_restore	GLIBC_2.3.3	absent from runtime export surface
pthread-internals	libpthread.so.0	__pthread_unwind	GLIBC_PRIVATE	absent from runtime export surface
pthread-internals	libpthread.so.0	__pthread_unwind_next	GLIBC_2.3.3	absent from runtime export surface
pthread-internals	libpthread.so.0	pthread_attr_getaffinity_np	GLIBC_2.3.3	absent from runtime export surface
pthread-internals	libpthread.so.0	pthread_attr_getaffinity_np	GLIBC_2.3.4	absent from runtime export surface
pthread-internals	libpthread.so.0	pthread_attr_setaffinity_np	GLIBC_2.3.3	absent from runtime export surface
pthread-internals	libpthread.so.0	pthread_attr_setaffinity_np	GLIBC_2.3.4	absent from runtime export surface
pthread-internals	libpthread.so.0	pthread_getattr_default_np	GLIBC_2.18	absent from runtime export surface
pthread-internals	libpthread.so.0	pthread_kill_other_threads_np	GLIBC_2.2.5	absent from runtime export surface
pthread-internals	libpthread.so.0	pthread_mutex_consistent	GLIBC_2.12	absent from runtime export surface
pthread-internals	libpthread.so.0	pthread_mutex_consistent_np	GLIBC_2.4	absent from runtime export surface
pthread-internals	libpthread.so.0	pthread_mutexattr_getkind_np	GLIBC_2.2.5	absent from runtime export surface
pthread-internals	libpthread.so.0	pthread_mutexattr_getrobust	GLIBC_2.12	absent from runtime export surface
pthread-internals	libpthread.so.0	pthread_mutexattr_getrobust_np	GLIBC_2.4	absent from runtime export surface
pthread-internals	libpthread.so.0	pthread_mutexattr_setkind_np	GLIBC_2.2.5	absent from runtime export surface
pthread-internals	libpthread.so.0	pthread_mutexattr_setrobust	GLIBC_2.12	absent from runtime export surface
pthread-internals	libpthread.so.0	pthread_mutexattr_setrobust_np	GLIBC_2.4	absent from runtime export surface
pthread-internals	libpthread.so.0	pthread_rwlockattr_getkind_np	GLIBC_2.2.5	absent from runtime export surface
pthread-internals	libpthread.so.0	pthread_rwlockattr_setkind_np	GLIBC_2.2.5	absent from runtime export surface
pthread-internals	libpthread.so.0	pthread_setattr_default_np	GLIBC_2.18	absent from runtime export surface
public-absent	libc.so.6	acct	GLIBC_2.2.5	absent from runtime export surface
public-absent	libc.so.6	addmntent	GLIBC_2.2.5	absent from runtime export surface
public-absent	libc.so.6	addseverity	GLIBC_2.2.5	absent from runtime export surface
public-absent	libc.so.6	adjtime	GLIBC_2.2.5	absent from runtime export surface
public-absent	libc.so.6	adjtimex	GLIBC_2.2.5	absent from runtime export surface
public-absent	libc.so.6	advance	GLIBC_2.2.5	absent from runtime export surface
public-absent	libc.so.6	arch_prctl	GLIBC_2.2.5	absent from runtime export surface
public-absent	libc.so.6	authdes_create	GLIBC_2.2.5	absent from runtime export surface
public-absent	libc.so.6	authdes_getucred	GLIBC_2.2.5	absent from runtime export surface
public-absent	libc.so.6	authdes_pk_create	GLIBC_2.2.5	absent from runtime export surface
public-absent	libc.so.6	authnone_create	GLIBC_2.2.5	absent from runtime export surface
public-absent	libc.so.6	authunix_create	GLIBC_2.2.5	absent from runtime export surface
public-absent	libc.so.6	authunix_create_default	GLIBC_2.2.5	absent from runtime export surface
public-absent	libc.so.6	backtrace	GLIBC_2.2.5	absent from runtime export surface
public-absent	libc.so.6	backtrace_symbols	GLIBC_2.2.5	absent from runtime export surface
public-absent	libc.so.6	backtrace_symbols_fd	GLIBC_2.2.5	absent from runtime export surface
public-absent	libc.so.6	bdflush	GLIBC_2.2.5	absent from runtime export surface
public-absent	libc.so.6	bind_textdomain_codeset	GLIBC_2.2.5	absent from runtime export surface
public-absent	libc.so.6	bindtextdomain	GLIBC_2.2.5	absent from runtime export surface
public-absent	libc.so.6	brk	GLIBC_2.2.5	absent from runtime export surface
public-absent	libc.so.6	bsd_signal	GLIBC_2.2.5	absent from runtime export surface
public-absent	libc.so.6	callrpc	GLIBC_2.2.5	absent from runtime export surface
public-absent	libc.so.6	capget	GLIBC_2.2.5	absent from runtime export surface
public-absent	libc.so.6	capset	GLIBC_2.2.5	absent from runtime export surface
public-absent	libc.so.6	cbc_crypt	GLIBC_2.2.5	absent from runtime export surface
public-absent	libc.so.6	cfree	GLIBC_2.2.5	absent from runtime export surface
public-absent	libc.so.6	chflags	GLIBC_2.2.5	absent from runtime export surface
public-absent	libc.so.6	clnt_broadcast	GLIBC_2.2.5	absent from runtime export surface
public-absent	libc.so.6	clnt_create	GLIBC_2.2.5	absent from runtime export surface
public-absent	libc.so.6	clnt_pcreateerror	GLIBC_2.2.5	absent from runtime export surface
public-absent	libc.so.6	clnt_perrno	GLIBC_2.2.5	absent from runtime export surface
public-absent	libc.so.6	clnt_perror	GLIBC_2.2.5	absent from runtime export surface
public-absent	libc.so.6	clnt_spcreateerror	GLIBC_2.2.5	absent from runtime export surface
public-absent	libc.so.6	clnt_sperrno	GLIBC_2.2.5	absent from runtime export surface
public-absent	libc.so.6	clnt_sperror	GLIBC_2.2.5	absent from runtime export surface
public-absent	libc.so.6	clntraw_create	GLIBC_2.2.5	absent from runtime export surface
public-absent	libc.so.6	clnttcp_create	GLIBC_2.2.5	absent from runtime export surface
public-absent	libc.so.6	clntudp_bufcreate	GLIBC_2.2.5	absent from runtime export surface
public-absent	libc.so.6	clntudp_create	GLIBC_2.2.5	absent from runtime export surface
public-absent	libc.so.6	clntunix_create	GLIBC_2.2.5	absent from runtime export surface
public-absent	libc.so.6	clock_adjtime	GLIBC_2.14	absent from runtime export surface
public-absent	libc.so.6	clone	GLIBC_2.2.5	absent from runtime export surface
public-absent	libc.so.6	copy_file_range	GLIBC_2.27	absent from runtime export surface
public-absent	libc.so.6	create_module	GLIBC_2.2.5	absent from runtime export surface
public-absent	libc.so.6	dcgettext	GLIBC_2.2.5	absent from runtime export surface
public-absent	libc.so.6	dcngettext	GLIBC_2.2.5	absent from runtime export surface
public-absent	libc.so.6	delete_module	GLIBC_2.2.5	absent from runtime export surface
public-absent	libc.so.6	des_setparity	GLIBC_2.2.5	absent from runtime export surface
public-absent	libc.so.6	dgettext	GLIBC_2.2.5	absent from runtime export surface
public-absent	libc.so.6	dl_iterate_phdr	GLIBC_2.2.5	absent from runtime export surface
public-absent	libc.so.6	dngettext	GLIBC_2.2.5	absent from runtime export surface
public-absent	libc.so.6	drand48_r	GLIBC_2.2.5	absent from runtime export surface
public-absent	libc.so.6	dysize	GLIBC_2.2.5	absent from runtime export surface
public-absent	libc.so.6	ecb_crypt	GLIBC_2.2.5	absent from runtime export surface
public-absent	libc.so.6	ecvt_r	GLIBC_2.2.5	absent from runtime export surface
public-absent	libc.so.6	endaliasent	GLIBC_2.2.5	absent from runtime export surface
public-absent	libc.so.6	endfsent	GLIBC_2.2.5	absent from runtime export surface
public-absent	libc.so.6	endnetent	GLIBC_2.2.5	absent from runtime export surface
public-absent	libc.so.6	endnetgrent	GLIBC_2.2.5	absent from runtime export surface
public-absent	libc.so.6	endrpcent	GLIBC_2.2.5	absent from runtime export surface
public-absent	libc.so.6	endsgent	GLIBC_2.10	absent from runtime export surface
public-absent	libc.so.6	endspent	GLIBC_2.2.5	absent from runtime export surface
public-absent	libc.so.6	endttyent	GLIBC_2.2.5	absent from runtime export surface
public-absent	libc.so.6	epoll_create	GLIBC_2.3.2	absent from runtime export surface
public-absent	libc.so.6	epoll_create1	GLIBC_2.9	absent from runtime export surface
public-absent	libc.so.6	epoll_ctl	GLIBC_2.3.2	absent from runtime export surface
public-absent	libc.so.6	epoll_pwait	GLIBC_2.6	absent from runtime export surface
public-absent	libc.so.6	epoll_wait	GLIBC_2.3.2	absent from runtime export surface
public-absent	libc.so.6	erand48_r	GLIBC_2.2.5	absent from runtime export surface
public-absent	libc.so.6	ether_aton	GLIBC_2.2.5	absent from runtime export surface
public-absent	libc.so.6	ether_aton_r	GLIBC_2.2.5	absent from runtime export surface
public-absent	libc.so.6	ether_hostton	GLIBC_2.2.5	absent from runtime export surface
public-absent	libc.so.6	ether_line	GLIBC_2.2.5	absent from runtime export surface
public-absent	libc.so.6	ether_ntoa	GLIBC_2.2.5	absent from runtime export surface
public-absent	libc.so.6	ether_ntoa_r	GLIBC_2.2.5	absent from runtime export surface
public-absent	libc.so.6	ether_ntohost	GLIBC_2.2.5	absent from runtime export surface
public-absent	libc.so.6	eventfd	GLIBC_2.7	absent from runtime export surface
public-absent	libc.so.6	eventfd_read	GLIBC_2.7	absent from runtime export surface
public-absent	libc.so.6	eventfd_write	GLIBC_2.7	absent from runtime export surface
public-absent	libc.so.6	fanotify_init	GLIBC_2.13	absent from runtime export surface
public-absent	libc.so.6	fanotify_mark	GLIBC_2.13	absent from runtime export surface
public-absent	libc.so.6	fattach	GLIBC_2.2.5	absent from runtime export surface
public-absent	libc.so.6	fchflags	GLIBC_2.2.5	absent from runtime export surface
public-absent	libc.so.6	fcvt_r	GLIBC_2.2.5	absent from runtime export surface
public-absent	libc.so.6	fdetach	GLIBC_2.2.5	absent from runtime export surface
public-absent	libc.so.6	fgetgrent	GLIBC_2.2.5	absent from runtime export surface
public-absent	libc.so.6	fgetgrent_r	GLIBC_2.2.5	absent from runtime export surface
public-absent	libc.so.6	fgetpwent	GLIBC_2.2.5	absent from runtime export surface
public-absent	libc.so.6	fgetpwent_r	GLIBC_2.2.5	absent from runtime export surface
public-absent	libc.so.6	fgetsgent	GLIBC_2.10	absent from runtime export surface
public-absent	libc.so.6	fgetsgent_r	GLIBC_2.10	absent from runtime export surface
public-absent	libc.so.6	fgetspent	GLIBC_2.2.5	absent from runtime export surface
public-absent	libc.so.6	fgetspent_r	GLIBC_2.2.5	absent from runtime export surface
public-absent	libc.so.6	fmtmsg	GLIBC_2.2.5	absent from runtime export surface
public-absent	libc.so.6	fts64_children	GLIBC_2.23	absent from runtime export surface
public-absent	libc.so.6	fts64_close	GLIBC_2.23	absent from runtime export surface
public-absent	libc.so.6	fts64_open	GLIBC_2.23	absent from runtime export surface
public-absent	libc.so.6	fts64_read	GLIBC_2.23	absent from runtime export surface
public-absent	libc.so.6	fts64_set	GLIBC_2.23	absent from runtime export surface
public-absent	libc.so.6	get_kernel_syms	GLIBC_2.2.5	absent from runtime export surface
public-absent	libc.so.6	get_myaddress	GLIBC_2.2.5	absent from runtime export surface
public-absent	libc.so.6	getaliasbyname	GLIBC_2.2.5	absent from runtime export surface
public-absent	libc.so.6	getaliasbyname_r	GLIBC_2.2.5	absent from runtime export surface
public-absent	libc.so.6	getaliasent	GLIBC_2.2.5	absent from runtime export surface
public-absent	libc.so.6	getaliasent_r	GLIBC_2.2.5	absent from runtime export surface
public-absent	libc.so.6	getauxval	GLIBC_2.16	absent from runtime export surface
public-absent	libc.so.6	getdate	GLIBC_2.2.5	absent from runtime export surface
public-absent	libc.so.6	getdate_err	GLIBC_2.2.5	absent from runtime export surface
public-absent	libc.so.6	getdate_r	GLIBC_2.2.5	absent from runtime export surface
public-absent	libc.so.6	getdirentries64	GLIBC_2.2.5	absent from runtime export surface
public-absent	libc.so.6	getfsent	GLIBC_2.2.5	absent from runtime export surface
public-absent	libc.so.6	getfsfile	GLIBC_2.2.5	absent from runtime export surface
public-absent	libc.so.6	getfsspec	GLIBC_2.2.5	absent from runtime export surface
public-absent	libc.so.6	getgrent_r	GLIBC_2.2.5	absent from runtime export surface
public-absent	libc.so.6	gethostbyaddr_r	GLIBC_2.2.5	absent from runtime export surface
public-absent	libc.so.6	gethostbyname2_r	GLIBC_2.2.5	absent from runtime export surface
public-absent	libc.so.6	gethostbyname_r	GLIBC_2.2.5	absent from runtime export surface
public-absent	libc.so.6	gethostent	GLIBC_2.2.5	absent from runtime export surface
public-absent	libc.so.6	gethostent_r	GLIBC_2.2.5	absent from runtime export surface
public-absent	libc.so.6	getipv4sourcefilter	GLIBC_2.3.4	absent from runtime export surface
public-absent	libc.so.6	getmsg	GLIBC_2.2.5	absent from runtime export surface
public-absent	libc.so.6	getnetbyaddr	GLIBC_2.2.5	absent from runtime export surface
public-absent	libc.so.6	getnetbyaddr_r	GLIBC_2.2.5	absent from runtime export surface
public-absent	libc.so.6	getnetbyname	GLIBC_2.2.5	absent from runtime export surface
public-absent	libc.so.6	getnetbyname_r	GLIBC_2.2.5	absent from runtime export surface
public-absent	libc.so.6	getnetent	GLIBC_2.2.5	absent from runtime export surface
public-absent	libc.so.6	getnetent_r	GLIBC_2.2.5	absent from runtime export surface
public-absent	libc.so.6	getnetgrent	GLIBC_2.2.5	absent from runtime export surface
public-absent	libc.so.6	getnetgrent_r	GLIBC_2.2.5	absent from runtime export surface
public-absent	libc.so.6	getnetname	GLIBC_2.2.5	absent from runtime export surface
public-absent	libc.so.6	getpmsg	GLIBC_2.2.5	absent from runtime export surface
public-absent	libc.so.6	getprotobyname_r	GLIBC_2.2.5	absent from runtime export surface
public-absent	libc.so.6	getprotobynumber_r	GLIBC_2.2.5	absent from runtime export surface
public-absent	libc.so.6	getprotoent_r	GLIBC_2.2.5	absent from runtime export surface
public-absent	libc.so.6	getpublickey	GLIBC_2.2.5	absent from runtime export surface
public-absent	libc.so.6	getpw	GLIBC_2.2.5	absent from runtime export surface
public-absent	libc.so.6	getpwent_r	GLIBC_2.2.5	absent from runtime export surface
public-absent	libc.so.6	getresgid	GLIBC_2.2.5	absent from runtime export surface
public-absent	libc.so.6	getresuid	GLIBC_2.2.5	absent from runtime export surface
public-absent	libc.so.6	getrpcbyname	GLIBC_2.2.5	absent from runtime export surface
public-absent	libc.so.6	getrpcbyname_r	GLIBC_2.2.5	absent from runtime export surface
public-absent	libc.so.6	getrpcbynumber	GLIBC_2.2.5	absent from runtime export surface
public-absent	libc.so.6	getrpcbynumber_r	GLIBC_2.2.5	absent from runtime export surface
public-absent	libc.so.6	getrpcent	GLIBC_2.2.5	absent from runtime export surface
public-absent	libc.so.6	getrpcent_r	GLIBC_2.2.5	absent from runtime export surface
public-absent	libc.so.6	getrpcport	GLIBC_2.2.5	absent from runtime export surface
public-absent	libc.so.6	getsecretkey	GLIBC_2.2.5	absent from runtime export surface
public-absent	libc.so.6	getservbyname_r	GLIBC_2.2.5	absent from runtime export surface
public-absent	libc.so.6	getservbyport_r	GLIBC_2.2.5	absent from runtime export surface
public-absent	libc.so.6	getservent_r	GLIBC_2.2.5	absent from runtime export surface
public-absent	libc.so.6	getsgent	GLIBC_2.10	absent from runtime export surface
public-absent	libc.so.6	getsgent_r	GLIBC_2.10	absent from runtime export surface
public-absent	libc.so.6	getsgnam	GLIBC_2.10	absent from runtime export surface
public-absent	libc.so.6	getsgnam_r	GLIBC_2.10	absent from runtime export surface
public-absent	libc.so.6	getsourcefilter	GLIBC_2.3.4	absent from runtime export surface
public-absent	libc.so.6	getspent	GLIBC_2.2.5	absent from runtime export surface
public-absent	libc.so.6	getspent_r	GLIBC_2.2.5	absent from runtime export surface
public-absent	libc.so.6	getspnam	GLIBC_2.2.5	absent from runtime export surface
public-absent	libc.so.6	getspnam_r	GLIBC_2.2.5	absent from runtime export surface
public-absent	libc.so.6	gettext	GLIBC_2.2.5	absent from runtime export surface
public-absent	libc.so.6	getttyent	GLIBC_2.2.5	absent from runtime export surface
public-absent	libc.so.6	getttynam	GLIBC_2.2.5	absent from runtime export surface
public-absent	libc.so.6	getutent_r	GLIBC_2.2.5	absent from runtime export surface
public-absent	libc.so.6	getutid_r	GLIBC_2.2.5	absent from runtime export surface
public-absent	libc.so.6	getutline_r	GLIBC_2.2.5	absent from runtime export surface
public-absent	libc.so.6	getutmp	GLIBC_2.2.5	absent from runtime export surface
public-absent	libc.so.6	getutmpx	GLIBC_2.2.5	absent from runtime export surface
public-absent	libc.so.6	gnu_dev_major	GLIBC_2.3.3	absent from runtime export surface
public-absent	libc.so.6	gnu_dev_makedev	GLIBC_2.3.3	absent from runtime export surface
public-absent	libc.so.6	gnu_dev_minor	GLIBC_2.3.3	absent from runtime export surface
public-absent	libc.so.6	gnu_get_libc_release	GLIBC_2.2.5	absent from runtime export surface
public-absent	libc.so.6	gnu_get_libc_version	GLIBC_2.2.5	absent from runtime export surface
public-absent	libc.so.6	group_member	GLIBC_2.2.5	absent from runtime export surface
public-absent	libc.so.6	gsignal	GLIBC_2.2.5	absent from runtime export surface
public-absent	libc.so.6	gtty	GLIBC_2.2.5	absent from runtime export surface
public-absent	libc.so.6	h_errlist	GLIBC_2.2.5	absent from runtime export surface
public-absent	libc.so.6	h_nerr	GLIBC_2.2.5	absent from runtime export surface
public-absent	libc.so.6	hasmntopt	GLIBC_2.2.5	absent from runtime export surface
public-absent	libc.so.6	host2netname	GLIBC_2.2.5	absent from runtime export surface
public-absent	libc.so.6	iconv	GLIBC_2.2.5	absent from runtime export surface
public-absent	libc.so.6	iconv_close	GLIBC_2.2.5	absent from runtime export surface
public-absent	libc.so.6	iconv_open	GLIBC_2.2.5	absent from runtime export surface
public-absent	libc.so.6	inet6_opt_append	GLIBC_2.5	absent from runtime export surface
public-absent	libc.so.6	inet6_opt_find	GLIBC_2.5	absent from runtime export surface
public-absent	libc.so.6	inet6_opt_finish	GLIBC_2.5	absent from runtime export surface
public-absent	libc.so.6	inet6_opt_get_val	GLIBC_2.5	absent from runtime export surface
public-absent	libc.so.6	inet6_opt_init	GLIBC_2.5	absent from runtime export surface
public-absent	libc.so.6	inet6_opt_next	GLIBC_2.5	absent from runtime export surface
public-absent	libc.so.6	inet6_opt_set_val	GLIBC_2.5	absent from runtime export surface
public-absent	libc.so.6	inet6_option_alloc	GLIBC_2.3.3	absent from runtime export surface
public-absent	libc.so.6	inet6_option_append	GLIBC_2.3.3	absent from runtime export surface
public-absent	libc.so.6	inet6_option_find	GLIBC_2.3.3	absent from runtime export surface
public-absent	libc.so.6	inet6_option_init	GLIBC_2.3.3	absent from runtime export surface
public-absent	libc.so.6	inet6_option_next	GLIBC_2.3.3	absent from runtime export surface
public-absent	libc.so.6	inet6_option_space	GLIBC_2.3.3	absent from runtime export surface
public-absent	libc.so.6	inet6_rth_add	GLIBC_2.5	absent from runtime export surface
public-absent	libc.so.6	inet6_rth_getaddr	GLIBC_2.5	absent from runtime export surface
public-absent	libc.so.6	inet6_rth_init	GLIBC_2.5	absent from runtime export surface
public-absent	libc.so.6	inet6_rth_reverse	GLIBC_2.5	absent from runtime export surface
public-absent	libc.so.6	inet6_rth_segments	GLIBC_2.5	absent from runtime export surface
public-absent	libc.so.6	inet6_rth_space	GLIBC_2.5	absent from runtime export surface
public-absent	libc.so.6	inet_lnaof	GLIBC_2.2.5	absent from runtime export surface
public-absent	libc.so.6	inet_nsap_addr	GLIBC_2.2.5	absent from runtime export surface
public-absent	libc.so.6	inet_nsap_ntoa	GLIBC_2.2.5	absent from runtime export surface
public-absent	libc.so.6	init_module	GLIBC_2.2.5	absent from runtime export surface
public-absent	libc.so.6	initstate_r	GLIBC_2.2.5	absent from runtime export surface
public-absent	libc.so.6	innetgr	GLIBC_2.2.5	absent from runtime export surface
public-absent	libc.so.6	inotify_add_watch	GLIBC_2.4	absent from runtime export surface
public-absent	libc.so.6	inotify_init	GLIBC_2.4	absent from runtime export surface
public-absent	libc.so.6	inotify_init1	GLIBC_2.9	absent from runtime export surface
public-absent	libc.so.6	inotify_rm_watch	GLIBC_2.4	absent from runtime export surface
public-absent	libc.so.6	ioperm	GLIBC_2.2.5	absent from runtime export surface
public-absent	libc.so.6	iopl	GLIBC_2.2.5	absent from runtime export surface
public-absent	libc.so.6	iruserok_af	GLIBC_2.2.5	absent from runtime export surface
public-absent	libc.so.6	isastream	GLIBC_2.2.5	absent from runtime export surface
public-absent	libc.so.6	isctype	GLIBC_2.3	absent from runtime export surface
public-absent	libc.so.6	isfdtype	GLIBC_2.2.5	absent from runtime export surface
public-absent	libc.so.6	jrand48_r	GLIBC_2.2.5	absent from runtime export surface
public-absent	libc.so.6	key_decryptsession	GLIBC_2.2.5	absent from runtime export surface
public-absent	libc.so.6	key_decryptsession_pk	GLIBC_2.2.5	absent from runtime export surface
public-absent	libc.so.6	key_encryptsession	GLIBC_2.2.5	absent from runtime export surface
public-absent	libc.so.6	key_encryptsession_pk	GLIBC_2.2.5	absent from runtime export surface
public-absent	libc.so.6	key_gendes	GLIBC_2.2.5	absent from runtime export surface
public-absent	libc.so.6	key_get_conv	GLIBC_2.2.5	absent from runtime export surface
public-absent	libc.so.6	key_secretkey_is_set	GLIBC_2.2.5	absent from runtime export surface
public-absent	libc.so.6	key_setnet	GLIBC_2.2.5	absent from runtime export surface
public-absent	libc.so.6	key_setsecret	GLIBC_2.2.5	absent from runtime export surface
public-absent	libc.so.6	klogctl	GLIBC_2.2.5	absent from runtime export surface
public-absent	libc.so.6	lchmod	GLIBC_2.3.2	absent from runtime export surface
public-absent	libc.so.6	lckpwdf	GLIBC_2.2.5	absent from runtime export surface
public-absent	libc.so.6	lcong48_r	GLIBC_2.2.5	absent from runtime export surface
public-absent	libc.so.6	llseek	GLIBC_2.2.5	absent from runtime export surface
public-absent	libc.so.6	loc1	GLIBC_2.2.5	absent from runtime export surface
public-absent	libc.so.6	loc2	GLIBC_2.2.5	absent from runtime export surface
public-absent	libc.so.6	locs	GLIBC_2.2.5	absent from runtime export surface
public-absent	libc.so.6	lrand48_r	GLIBC_2.2.5	absent from runtime export surface
public-absent	libc.so.6	malloc_get_state	GLIBC_2.2.5	absent from runtime export surface
public-absent	libc.so.6	malloc_info	GLIBC_2.10	absent from runtime export surface
public-absent	libc.so.6	malloc_set_state	GLIBC_2.2.5	absent from runtime export surface
public-absent	libc.so.6	mallwatch	GLIBC_2.2.5	absent from runtime export surface
public-absent	libc.so.6	mcheck	GLIBC_2.2.5	absent from runtime export surface
public-absent	libc.so.6	mcheck_check_all	GLIBC_2.2.5	absent from runtime export surface
public-absent	libc.so.6	mcheck_pedantic	GLIBC_2.2.5	absent from runtime export surface
public-absent	libc.so.6	mcount	GLIBC_2.2.5	absent from runtime export surface
public-absent	libc.so.6	memfd_create	GLIBC_2.27	absent from runtime export surface
public-absent	libc.so.6	memfrob	GLIBC_2.2.5	absent from runtime export surface
public-absent	libc.so.6	mincore	GLIBC_2.2.5	absent from runtime export surface
public-absent	libc.so.6	mlock2	GLIBC_2.27	absent from runtime export surface
public-absent	libc.so.6	mlockall	GLIBC_2.2.5	absent from runtime export surface
public-absent	libc.so.6	modify_ldt	GLIBC_2.2.5	absent from runtime export surface
public-absent	libc.so.6	moncontrol	GLIBC_2.2.5	absent from runtime export surface
public-absent	libc.so.6	monstartup	GLIBC_2.2.5	absent from runtime export surface
public-absent	libc.so.6	mprobe	GLIBC_2.2.5	absent from runtime export surface
public-absent	libc.so.6	mrand48_r	GLIBC_2.2.5	absent from runtime export surface
public-absent	libc.so.6	mremap	GLIBC_2.2.5	absent from runtime export surface
public-absent	libc.so.6	mtrace	GLIBC_2.2.5	absent from runtime export surface
public-absent	libc.so.6	munlockall	GLIBC_2.2.5	absent from runtime export surface
public-absent	libc.so.6	muntrace	GLIBC_2.2.5	absent from runtime export surface
public-absent	libc.so.6	name_to_handle_at	GLIBC_2.14	absent from runtime export surface
public-absent	libc.so.6	netname2host	GLIBC_2.2.5	absent from runtime export surface
public-absent	libc.so.6	netname2user	GLIBC_2.2.5	absent from runtime export surface
public-absent	libc.so.6	nfsservctl	GLIBC_2.2.5	absent from runtime export surface
public-absent	libc.so.6	ngettext	GLIBC_2.2.5	absent from runtime export surface
public-absent	libc.so.6	nrand48_r	GLIBC_2.2.5	absent from runtime export surface
public-absent	libc.so.6	ntp_adjtime	GLIBC_2.2.5	absent from runtime export surface
public-absent	libc.so.6	ntp_gettime	GLIBC_2.2.5	absent from runtime export surface
public-absent	libc.so.6	ntp_gettimex	GLIBC_2.12	absent from runtime export surface
public-absent	libc.so.6	obstack_alloc_failed_handler	GLIBC_2.2.5	absent from runtime export surface
public-absent	libc.so.6	obstack_exit_failure	GLIBC_2.2.5	absent from runtime export surface
public-absent	libc.so.6	obstack_free	GLIBC_2.2.5	absent from runtime export surface
public-absent	libc.so.6	obstack_printf	GLIBC_2.2.5	absent from runtime export surface
public-absent	libc.so.6	obstack_vprintf	GLIBC_2.2.5	absent from runtime export surface
public-absent	libc.so.6	open_by_handle_at	GLIBC_2.14	absent from runtime export surface
public-absent	libc.so.6	parse_printf_format	GLIBC_2.2.5	absent from runtime export surface
public-absent	libc.so.6	passwd2des	GLIBC_2.2.5	absent from runtime export surface
public-absent	libc.so.6	personality	GLIBC_2.2.5	absent from runtime export surface
public-absent	libc.so.6	pivot_root	GLIBC_2.2.5	absent from runtime export surface
public-absent	libc.so.6	pkey_alloc	GLIBC_2.27	absent from runtime export surface
public-absent	libc.so.6	pkey_free	GLIBC_2.27	absent from runtime export surface
public-absent	libc.so.6	pkey_get	GLIBC_2.27	absent from runtime export surface
public-absent	libc.so.6	pkey_mprotect	GLIBC_2.27	absent from runtime export surface
public-absent	libc.so.6	pkey_set	GLIBC_2.27	absent from runtime export surface
public-absent	libc.so.6	pmap_getmaps	GLIBC_2.2.5	absent from runtime export surface
public-absent	libc.so.6	pmap_getport	GLIBC_2.2.5	absent from runtime export surface
public-absent	libc.so.6	pmap_rmtcall	GLIBC_2.2.5	absent from runtime export surface
public-absent	libc.so.6	pmap_set	GLIBC_2.2.5	absent from runtime export surface
public-absent	libc.so.6	pmap_unset	GLIBC_2.2.5	absent from runtime export surface
public-absent	libc.so.6	prctl	GLIBC_2.2.5	absent from runtime export surface
public-absent	libc.so.6	preadv	GLIBC_2.10	absent from runtime export surface
public-absent	libc.so.6	preadv2	GLIBC_2.26	absent from runtime export surface
public-absent	libc.so.6	preadv64	GLIBC_2.10	absent from runtime export surface
public-absent	libc.so.6	preadv64v2	GLIBC_2.26	absent from runtime export surface
public-absent	libc.so.6	printf_size	GLIBC_2.2.5	absent from runtime export surface
public-absent	libc.so.6	printf_size_info	GLIBC_2.2.5	absent from runtime export surface
public-absent	libc.so.6	prlimit	GLIBC_2.13	absent from runtime export surface
public-absent	libc.so.6	prlimit64	GLIBC_2.13	absent from runtime export surface
public-absent	libc.so.6	process_vm_readv	GLIBC_2.15	absent from runtime export surface
public-absent	libc.so.6	process_vm_writev	GLIBC_2.15	absent from runtime export surface
public-absent	libc.so.6	profil	GLIBC_2.2.5	absent from runtime export surface
public-absent	libc.so.6	ptrace	GLIBC_2.2.5	absent from runtime export surface
public-absent	libc.so.6	putgrent	GLIBC_2.2.5	absent from runtime export surface
public-absent	libc.so.6	putmsg	GLIBC_2.2.5	absent from runtime export surface
public-absent	libc.so.6	putpmsg	GLIBC_2.2.5	absent from runtime export surface
public-absent	libc.so.6	putpwent	GLIBC_2.2.5	absent from runtime export surface
public-absent	libc.so.6	putsgent	GLIBC_2.10	absent from runtime export surface
public-absent	libc.so.6	putspent	GLIBC_2.2.5	absent from runtime export surface
public-absent	libc.so.6	pvalloc	GLIBC_2.2.5	absent from runtime export surface
public-absent	libc.so.6	pwritev	GLIBC_2.10	absent from runtime export surface
public-absent	libc.so.6	pwritev2	GLIBC_2.26	absent from runtime export surface
public-absent	libc.so.6	pwritev64	GLIBC_2.10	absent from runtime export surface
public-absent	libc.so.6	pwritev64v2	GLIBC_2.26	absent from runtime export surface
public-absent	libc.so.6	qecvt	GLIBC_2.2.5	absent from runtime export surface
public-absent	libc.so.6	qecvt_r	GLIBC_2.2.5	absent from runtime export surface
public-absent	libc.so.6	qfcvt	GLIBC_2.2.5	absent from runtime export surface
public-absent	libc.so.6	qfcvt_r	GLIBC_2.2.5	absent from runtime export surface
public-absent	libc.so.6	qgcvt	GLIBC_2.2.5	absent from runtime export surface
public-absent	libc.so.6	query_module	GLIBC_2.2.5	absent from runtime export surface
public-absent	libc.so.6	random_r	GLIBC_2.2.5	absent from runtime export surface
public-absent	libc.so.6	re_comp	GLIBC_2.2.5	absent from runtime export surface
public-absent	libc.so.6	re_compile_fastmap	GLIBC_2.2.5	absent from runtime export surface
public-absent	libc.so.6	re_compile_pattern	GLIBC_2.2.5	absent from runtime export surface
public-absent	libc.so.6	re_exec	GLIBC_2.2.5	absent from runtime export surface
public-absent	libc.so.6	re_match	GLIBC_2.2.5	absent from runtime export surface
public-absent	libc.so.6	re_match_2	GLIBC_2.2.5	absent from runtime export surface
public-absent	libc.so.6	re_max_failures	GLIBC_2.2.5	absent from runtime export surface
public-absent	libc.so.6	re_search	GLIBC_2.2.5	absent from runtime export surface
public-absent	libc.so.6	re_search_2	GLIBC_2.2.5	absent from runtime export surface
public-absent	libc.so.6	re_set_registers	GLIBC_2.2.5	absent from runtime export surface
public-absent	libc.so.6	re_set_syntax	GLIBC_2.2.5	absent from runtime export surface
public-absent	libc.so.6	re_syntax_options	GLIBC_2.2.5	absent from runtime export surface
public-absent	libc.so.6	readahead	GLIBC_2.3	absent from runtime export surface
public-absent	libc.so.6	readdir64_r	GLIBC_2.2.5	absent from runtime export surface
public-absent	libc.so.6	reboot	GLIBC_2.2.5	absent from runtime export surface
public-absent	libc.so.6	recvmmsg	GLIBC_2.12	absent from runtime export surface
public-absent	libc.so.6	register_printf_function	GLIBC_2.2.5	absent from runtime export surface
public-absent	libc.so.6	register_printf_modifier	GLIBC_2.10	absent from runtime export surface
public-absent	libc.so.6	register_printf_specifier	GLIBC_2.10	absent from runtime export surface
public-absent	libc.so.6	register_printf_type	GLIBC_2.10	absent from runtime export surface
public-absent	libc.so.6	registerrpc	GLIBC_2.2.5	absent from runtime export surface
public-absent	libc.so.6	remap_file_pages	GLIBC_2.3.3	absent from runtime export surface
public-absent	libc.so.6	rexec_af	GLIBC_2.2.5	absent from runtime export surface
public-absent	libc.so.6	rexecoptions	GLIBC_2.2.5	absent from runtime export surface
public-absent	libc.so.6	rpc_createerr	GLIBC_2.2.5	absent from runtime export surface
public-absent	libc.so.6	rtime	GLIBC_2.2.5	absent from runtime export surface
public-absent	libc.so.6	ruserok_af	GLIBC_2.2.5	absent from runtime export surface
public-absent	libc.so.6	ruserpass	GLIBC_2.2.5	absent from runtime export surface
public-absent	libc.so.6	seed48_r	GLIBC_2.2.5	absent from runtime export surface
public-absent	libc.so.6	semtimedop	GLIBC_2.3.3	absent from runtime export surface
public-absent	libc.so.6	sendfile	GLIBC_2.2.5	absent from runtime export surface
public-absent	libc.so.6	sendfile64	GLIBC_2.3	absent from runtime export surface
public-absent	libc.so.6	sendmmsg	GLIBC_2.14	absent from runtime export surface
public-absent	libc.so.6	setaliasent	GLIBC_2.2.5	absent from runtime export surface
public-absent	libc.so.6	setdomainname	GLIBC_2.2.5	absent from runtime export surface
public-absent	libc.so.6	setfsent	GLIBC_2.2.5	absent from runtime export surface
public-absent	libc.so.6	setfsgid	GLIBC_2.2.5	absent from runtime export surface
public-absent	libc.so.6	setfsuid	GLIBC_2.2.5	absent from runtime export surface
public-absent	libc.so.6	sethostid	GLIBC_2.2.5	absent from runtime export surface
public-absent	libc.so.6	setipv4sourcefilter	GLIBC_2.3.4	absent from runtime export surface
public-absent	libc.so.6	setlogin	GLIBC_2.2.5	absent from runtime export surface
public-absent	libc.so.6	setnetent	GLIBC_2.2.5	absent from runtime export surface
public-absent	libc.so.6	setnetgrent	GLIBC_2.2.5	absent from runtime export surface
public-absent	libc.so.6	setns	GLIBC_2.14	absent from runtime export surface
public-absent	libc.so.6	setresgid	GLIBC_2.2.5	absent from runtime export surface
public-absent	libc.so.6	setresuid	GLIBC_2.2.5	absent from runtime export surface
public-absent	libc.so.6	setrpcent	GLIBC_2.2.5	absent from runtime export surface
public-absent	libc.so.6	setsgent	GLIBC_2.10	absent from runtime export surface
public-absent	libc.so.6	setsourcefilter	GLIBC_2.3.4	absent from runtime export surface
public-absent	libc.so.6	setspent	GLIBC_2.2.5	absent from runtime export surface
public-absent	libc.so.6	setstate_r	GLIBC_2.2.5	absent from runtime export surface
public-absent	libc.so.6	setttyent	GLIBC_2.2.5	absent from runtime export surface
public-absent	libc.so.6	sgetsgent	GLIBC_2.10	absent from runtime export surface
public-absent	libc.so.6	sgetsgent_r	GLIBC_2.10	absent from runtime export surface
public-absent	libc.so.6	sgetspent	GLIBC_2.2.5	absent from runtime export surface
public-absent	libc.so.6	sgetspent_r	GLIBC_2.2.5	absent from runtime export surface
public-absent	libc.so.6	sigandset	GLIBC_2.2.5	absent from runtime export surface
public-absent	libc.so.6	sigblock	GLIBC_2.2.5	absent from runtime export surface
public-absent	libc.so.6	siggetmask	GLIBC_2.2.5	absent from runtime export surface
public-absent	libc.so.6	sigisemptyset	GLIBC_2.2.5	absent from runtime export surface
public-absent	libc.so.6	sigorset	GLIBC_2.2.5	absent from runtime export surface
public-absent	libc.so.6	sigreturn	GLIBC_2.2.5	absent from runtime export surface
public-absent	libc.so.6	sigsetmask	GLIBC_2.2.5	absent from runtime export surface
public-absent	libc.so.6	sigstack	GLIBC_2.2.5	absent from runtime export surface
public-absent	libc.so.6	sigvec	GLIBC_2.2.5	absent from runtime export surface
public-absent	libc.so.6	splice	GLIBC_2.5	absent from runtime export surface
public-absent	libc.so.6	sprofil	GLIBC_2.2.5	absent from runtime export surface
public-absent	libc.so.6	srand48_r	GLIBC_2.2.5	absent from runtime export surface
public-absent	libc.so.6	srandom_r	GLIBC_2.2.5	absent from runtime export surface
public-absent	libc.so.6	ssignal	GLIBC_2.2.5	absent from runtime export surface
public-absent	libc.so.6	sstk	GLIBC_2.2.5	absent from runtime export surface
public-absent	libc.so.6	statx	GLIBC_2.28	absent from runtime export surface
public-absent	libc.so.6	stderr	GLIBC_2.2.5	absent from runtime export surface
public-absent	libc.so.6	stdin	GLIBC_2.2.5	absent from runtime export surface
public-absent	libc.so.6	stdout	GLIBC_2.2.5	absent from runtime export surface
public-absent	libc.so.6	step	GLIBC_2.2.5	absent from runtime export surface
public-absent	libc.so.6	strfromd	GLIBC_2.25	absent from runtime export surface
public-absent	libc.so.6	strfromf	GLIBC_2.25	absent from runtime export surface
public-absent	libc.so.6	strfroml	GLIBC_2.25	absent from runtime export surface
public-absent	libc.so.6	strfry	GLIBC_2.2.5	absent from runtime export surface
public-absent	libc.so.6	strtoq	GLIBC_2.2.5	absent from runtime export surface
public-absent	libc.so.6	strtouq	GLIBC_2.2.5	absent from runtime export surface
public-absent	libc.so.6	stty	GLIBC_2.2.5	absent from runtime export surface
public-absent	libc.so.6	svc_exit	GLIBC_2.2.5	absent from runtime export surface
public-absent	libc.so.6	svc_fdset	GLIBC_2.2.5	absent from runtime export surface
public-absent	libc.so.6	svc_getreq	GLIBC_2.2.5	absent from runtime export surface
public-absent	libc.so.6	svc_getreq_common	GLIBC_2.2.5	absent from runtime export surface
public-absent	libc.so.6	svc_getreq_poll	GLIBC_2.2.5	absent from runtime export surface
public-absent	libc.so.6	svc_getreqset	GLIBC_2.2.5	absent from runtime export surface
public-absent	libc.so.6	svc_max_pollfd	GLIBC_2.2.5	absent from runtime export surface
public-absent	libc.so.6	svc_pollfd	GLIBC_2.2.5	absent from runtime export surface
public-absent	libc.so.6	svc_register	GLIBC_2.2.5	absent from runtime export surface
public-absent	libc.so.6	svc_run	GLIBC_2.2.5	absent from runtime export surface
public-absent	libc.so.6	svc_sendreply	GLIBC_2.2.5	absent from runtime export surface
public-absent	libc.so.6	svc_unregister	GLIBC_2.2.5	absent from runtime export surface
public-absent	libc.so.6	svcauthdes_stats	GLIBC_2.2.5	absent from runtime export surface
public-absent	libc.so.6	svcerr_auth	GLIBC_2.2.5	absent from runtime export surface
public-absent	libc.so.6	svcerr_decode	GLIBC_2.2.5	absent from runtime export surface
public-absent	libc.so.6	svcerr_noproc	GLIBC_2.2.5	absent from runtime export surface
public-absent	libc.so.6	svcerr_noprog	GLIBC_2.2.5	absent from runtime export surface
public-absent	libc.so.6	svcerr_progvers	GLIBC_2.2.5	absent from runtime export surface
public-absent	libc.so.6	svcerr_systemerr	GLIBC_2.2.5	absent from runtime export surface
public-absent	libc.so.6	svcerr_weakauth	GLIBC_2.2.5	absent from runtime export surface
public-absent	libc.so.6	svcfd_create	GLIBC_2.2.5	absent from runtime export surface
public-absent	libc.so.6	svcraw_create	GLIBC_2.2.5	absent from runtime export surface
public-absent	libc.so.6	svctcp_create	GLIBC_2.2.5	absent from runtime export surface
public-absent	libc.so.6	svcudp_bufcreate	GLIBC_2.2.5	absent from runtime export surface
public-absent	libc.so.6	svcudp_create	GLIBC_2.2.5	absent from runtime export surface
public-absent	libc.so.6	svcudp_enablecache	GLIBC_2.2.5	absent from runtime export surface
public-absent	libc.so.6	svcunix_create	GLIBC_2.2.5	absent from runtime export surface
public-absent	libc.so.6	svcunixfd_create	GLIBC_2.2.5	absent from runtime export surface
public-absent	libc.so.6	swapoff	GLIBC_2.2.5	absent from runtime export surface
public-absent	libc.so.6	swapon	GLIBC_2.2.5	absent from runtime export surface
public-absent	libc.so.6	sync_file_range	GLIBC_2.6	absent from runtime export surface
public-absent	libc.so.6	syncfs	GLIBC_2.14	absent from runtime export surface
public-absent	libc.so.6	syscall	GLIBC_2.2.5	absent from runtime export surface
public-absent	libc.so.6	sysctl	GLIBC_2.2.5	absent from runtime export surface
public-absent	libc.so.6	tee	GLIBC_2.5	absent from runtime export surface
public-absent	libc.so.6	textdomain	GLIBC_2.2.5	absent from runtime export surface
public-absent	libc.so.6	tmpnam_r	GLIBC_2.2.5	absent from runtime export surface
public-absent	libc.so.6	tr_break	GLIBC_2.2.5	absent from runtime export surface
public-absent	libc.so.6	ulckpwdf	GLIBC_2.2.5	absent from runtime export surface
public-absent	libc.so.6	ulimit	GLIBC_2.2.5	absent from runtime export surface
public-absent	libc.so.6	umount2	GLIBC_2.2.5	absent from runtime export surface
public-absent	libc.so.6	unshare	GLIBC_2.4	absent from runtime export surface
public-absent	libc.so.6	uselib	GLIBC_2.2.5	absent from runtime export surface
public-absent	libc.so.6	user2netname	GLIBC_2.2.5	absent from runtime export surface
public-absent	libc.so.6	ustat	GLIBC_2.2.5	absent from runtime export surface
public-absent	libc.so.6	vlimit	GLIBC_2.2.5	absent from runtime export surface
public-absent	libc.so.6	vmsplice	GLIBC_2.5	absent from runtime export surface
public-absent	libc.so.6	vtimes	GLIBC_2.2.5	absent from runtime export surface
public-absent	libc.so.6	waitid	GLIBC_2.2.5	absent from runtime export surface
public-absent	libc.so.6	wcschrnul	GLIBC_2.2.5	absent from runtime export surface
public-absent	libc.so.6	wcstoq	GLIBC_2.2.5	absent from runtime export surface
public-absent	libc.so.6	wcstouq	GLIBC_2.2.5	absent from runtime export surface
public-absent	libc.so.6	wcswcs	GLIBC_2.2.5	absent from runtime export surface
public-absent	libc.so.6	xdecrypt	GLIBC_2.2.5	absent from runtime export surface
public-absent	libc.so.6	xdr_accepted_reply	GLIBC_2.2.5	absent from runtime export surface
public-absent	libc.so.6	xdr_authdes_cred	GLIBC_2.2.5	absent from runtime export surface
public-absent	libc.so.6	xdr_authdes_verf	GLIBC_2.2.5	absent from runtime export surface
public-absent	libc.so.6	xdr_authunix_parms	GLIBC_2.2.5	absent from runtime export surface
public-absent	libc.so.6	xdr_callhdr	GLIBC_2.2.5	absent from runtime export surface
public-absent	libc.so.6	xdr_callmsg	GLIBC_2.2.5	absent from runtime export surface
public-absent	libc.so.6	xdr_cryptkeyarg	GLIBC_2.2.5	absent from runtime export surface
public-absent	libc.so.6	xdr_cryptkeyarg2	GLIBC_2.2.5	absent from runtime export surface
public-absent	libc.so.6	xdr_cryptkeyres	GLIBC_2.2.5	absent from runtime export surface
public-absent	libc.so.6	xdr_des_block	GLIBC_2.2.5	absent from runtime export surface
public-absent	libc.so.6	xdr_getcredres	GLIBC_2.2.5	absent from runtime export surface
public-absent	libc.so.6	xdr_key_netstarg	GLIBC_2.2.5	absent from runtime export surface
public-absent	libc.so.6	xdr_key_netstres	GLIBC_2.2.5	absent from runtime export surface
public-absent	libc.so.6	xdr_keybuf	GLIBC_2.2.5	absent from runtime export surface
public-absent	libc.so.6	xdr_keystatus	GLIBC_2.2.5	absent from runtime export surface
public-absent	libc.so.6	xdr_netnamestr	GLIBC_2.2.5	absent from runtime export surface
public-absent	libc.so.6	xdr_opaque_auth	GLIBC_2.2.5	absent from runtime export surface
public-absent	libc.so.6	xdr_pmap	GLIBC_2.2.5	absent from runtime export surface
public-absent	libc.so.6	xdr_pmaplist	GLIBC_2.2.5	absent from runtime export surface
public-absent	libc.so.6	xdr_quad_t	GLIBC_2.3.4	absent from runtime export surface
public-absent	libc.so.6	xdr_rejected_reply	GLIBC_2.2.5	absent from runtime export surface
public-absent	libc.so.6	xdr_replymsg	GLIBC_2.2.5	absent from runtime export surface
public-absent	libc.so.6	xdr_rmtcall_args	GLIBC_2.2.5	absent from runtime export surface
public-absent	libc.so.6	xdr_rmtcallres	GLIBC_2.2.5	absent from runtime export surface
public-absent	libc.so.6	xdr_u_quad_t	GLIBC_2.3.4	absent from runtime export surface
public-absent	libc.so.6	xdr_unixcred	GLIBC_2.2.5	absent from runtime export surface
public-absent	libc.so.6	xencrypt	GLIBC_2.2.5	absent from runtime export surface
public-absent	libc.so.6	xprt_register	GLIBC_2.2.5	absent from runtime export surface
public-absent	libc.so.6	xprt_unregister	GLIBC_2.2.5	absent from runtime export surface
public-absent	libcrypt.so.1	crypt	GLIBC_2.2.5	absent from runtime export surface
public-absent	libcrypt.so.1	crypt	XCRYPT_2.0	absent from runtime export surface
public-absent	libcrypt.so.1	crypt_gensalt	XCRYPT_2.0	absent from runtime export surface
public-absent	libcrypt.so.1	crypt_gensalt_ra	XCRYPT_2.0	absent from runtime export surface
public-absent	libcrypt.so.1	crypt_gensalt_rn	XCRYPT_2.0	absent from runtime export surface
public-absent	libcrypt.so.1	crypt_r	GLIBC_2.2.5	absent from runtime export surface
public-absent	libcrypt.so.1	crypt_r	XCRYPT_2.0	absent from runtime export surface
public-absent	libcrypt.so.1	crypt_ra	XCRYPT_2.0	absent from runtime export surface
public-absent	libcrypt.so.1	crypt_rn	XCRYPT_2.0	absent from runtime export surface
public-absent	libcrypt.so.1	encrypt	GLIBC_2.2.5	absent from runtime export surface
public-absent	libcrypt.so.1	encrypt_r	GLIBC_2.2.5	absent from runtime export surface
public-absent	libcrypt.so.1	fcrypt	GLIBC_2.2.5	absent from runtime export surface
public-absent	libcrypt.so.1	setkey	GLIBC_2.2.5	absent from runtime export surface
public-absent	libcrypt.so.1	setkey_r	GLIBC_2.2.5	absent from runtime export surface
public-absent	libdl.so.2	dladdr1	GLIBC_2.3.3	absent from runtime export surface
public-absent	libdl.so.2	dlinfo	GLIBC_2.3.3	absent from runtime export surface
public-absent	libdl.so.2	dlmopen	GLIBC_2.3.4	absent from runtime export surface
public-absent	libdl.so.2	dlvsym	GLIBC_2.2.5	absent from runtime export surface
public-absent	libm.so.6	canonicalize	GLIBC_2.25	absent from runtime export surface
public-absent	libm.so.6	canonicalizef	GLIBC_2.25	absent from runtime export surface
public-absent	libm.so.6	canonicalizel	GLIBC_2.25	absent from runtime export surface
public-absent	libm.so.6	daddl	GLIBC_2.28	absent from runtime export surface
public-absent	libm.so.6	ddivl	GLIBC_2.28	absent from runtime export surface
public-absent	libm.so.6	dmull	GLIBC_2.28	absent from runtime export surface
public-absent	libm.so.6	dsubl	GLIBC_2.28	absent from runtime export surface
public-absent	libm.so.6	fadd	GLIBC_2.28	absent from runtime export surface
public-absent	libm.so.6	faddl	GLIBC_2.28	absent from runtime export surface
public-absent	libm.so.6	fdiv	GLIBC_2.28	absent from runtime export surface
public-absent	libm.so.6	fdivl	GLIBC_2.28	absent from runtime export surface
public-absent	libm.so.6	fegetmode	GLIBC_2.25	absent from runtime export surface
public-absent	libm.so.6	fesetexcept	GLIBC_2.25	absent from runtime export surface
public-absent	libm.so.6	fesetmode	GLIBC_2.25	absent from runtime export surface
public-absent	libm.so.6	fetestexceptflag	GLIBC_2.25	absent from runtime export surface
public-absent	libm.so.6	fmaxmag	GLIBC_2.25	absent from runtime export surface
public-absent	libm.so.6	fmaxmagf	GLIBC_2.25	absent from runtime export surface
public-absent	libm.so.6	fmaxmagl	GLIBC_2.25	absent from runtime export surface
public-absent	libm.so.6	fminmag	GLIBC_2.25	absent from runtime export surface
public-absent	libm.so.6	fminmagf	GLIBC_2.25	absent from runtime export surface
public-absent	libm.so.6	fminmagl	GLIBC_2.25	absent from runtime export surface
public-absent	libm.so.6	fmul	GLIBC_2.28	absent from runtime export surface
public-absent	libm.so.6	fmull	GLIBC_2.28	absent from runtime export surface
public-absent	libm.so.6	fromfp	GLIBC_2.25	absent from runtime export surface
public-absent	libm.so.6	fromfpf	GLIBC_2.25	absent from runtime export surface
public-absent	libm.so.6	fromfpl	GLIBC_2.25	absent from runtime export surface
public-absent	libm.so.6	fromfpx	GLIBC_2.25	absent from runtime export surface
public-absent	libm.so.6	fromfpxf	GLIBC_2.25	absent from runtime export surface
public-absent	libm.so.6	fromfpxl	GLIBC_2.25	absent from runtime export surface
public-absent	libm.so.6	fsub	GLIBC_2.28	absent from runtime export surface
public-absent	libm.so.6	fsubl	GLIBC_2.28	absent from runtime export surface
public-absent	libm.so.6	gammal	GLIBC_2.2.5	absent from runtime export surface
public-absent	libm.so.6	getpayload	GLIBC_2.25	absent from runtime export surface
public-absent	libm.so.6	getpayloadf	GLIBC_2.25	absent from runtime export surface
public-absent	libm.so.6	getpayloadl	GLIBC_2.25	absent from runtime export surface
public-absent	libm.so.6	j0l	GLIBC_2.2.5	absent from runtime export surface
public-absent	libm.so.6	j1l	GLIBC_2.2.5	absent from runtime export surface
public-absent	libm.so.6	jnl	GLIBC_2.2.5	absent from runtime export surface
public-absent	libm.so.6	llogb	GLIBC_2.25	absent from runtime export surface
public-absent	libm.so.6	llogbf	GLIBC_2.25	absent from runtime export surface
public-absent	libm.so.6	llogbl	GLIBC_2.25	absent from runtime export surface
public-absent	libm.so.6	matherr	GLIBC_2.2.5	absent from runtime export surface
public-absent	libm.so.6	nextdown	GLIBC_2.24	absent from runtime export surface
public-absent	libm.so.6	nextdownf	GLIBC_2.24	absent from runtime export surface
public-absent	libm.so.6	nextdownl	GLIBC_2.24	absent from runtime export surface
public-absent	libm.so.6	nextup	GLIBC_2.24	absent from runtime export surface
public-absent	libm.so.6	nextupf	GLIBC_2.24	absent from runtime export surface
public-absent	libm.so.6	nextupl	GLIBC_2.24	absent from runtime export surface
public-absent	libm.so.6	roundeven	GLIBC_2.25	absent from runtime export surface
public-absent	libm.so.6	roundevenf	GLIBC_2.25	absent from runtime export surface
public-absent	libm.so.6	roundevenl	GLIBC_2.25	absent from runtime export surface
public-absent	libm.so.6	setpayload	GLIBC_2.25	absent from runtime export surface
public-absent	libm.so.6	setpayloadf	GLIBC_2.25	absent from runtime export surface
public-absent	libm.so.6	setpayloadl	GLIBC_2.25	absent from runtime export surface
public-absent	libm.so.6	setpayloadsig	GLIBC_2.25	absent from runtime export surface
public-absent	libm.so.6	setpayloadsigf	GLIBC_2.25	absent from runtime export surface
public-absent	libm.so.6	setpayloadsigl	GLIBC_2.25	absent from runtime export surface
public-absent	libm.so.6	significandl	GLIBC_2.2.5	absent from runtime export surface
public-absent	libm.so.6	totalorder	GLIBC_2.25	absent from runtime export surface
public-absent	libm.so.6	totalorderf	GLIBC_2.25	absent from runtime export surface
public-absent	libm.so.6	totalorderl	GLIBC_2.25	absent from runtime export surface
public-absent	libm.so.6	totalordermag	GLIBC_2.25	absent from runtime export surface
public-absent	libm.so.6	totalordermagf	GLIBC_2.25	absent from runtime export surface
public-absent	libm.so.6	totalordermagl	GLIBC_2.25	absent from runtime export surface
public-absent	libm.so.6	ufromfp	GLIBC_2.25	absent from runtime export surface
public-absent	libm.so.6	ufromfpf	GLIBC_2.25	absent from runtime export surface
public-absent	libm.so.6	ufromfpl	GLIBC_2.25	absent from runtime export surface
public-absent	libm.so.6	ufromfpx	GLIBC_2.25	absent from runtime export surface
public-absent	libm.so.6	ufromfpxf	GLIBC_2.25	absent from runtime export surface
public-absent	libm.so.6	ufromfpxl	GLIBC_2.25	absent from runtime export surface
public-absent	libm.so.6	y0l	GLIBC_2.2.5	absent from runtime export surface
public-absent	libm.so.6	y1l	GLIBC_2.2.5	absent from runtime export surface
public-absent	libm.so.6	ynl	GLIBC_2.2.5	absent from runtime export surface
public-absent	libnsl.so.1	nis_add	GLIBC_2.2.5	absent from runtime export surface
public-absent	libnsl.so.1	nis_add_entry	GLIBC_2.2.5	absent from runtime export surface
public-absent	libnsl.so.1	nis_addmember	GLIBC_2.2.5	absent from runtime export surface
public-absent	libnsl.so.1	nis_checkpoint	GLIBC_2.2.5	absent from runtime export surface
public-absent	libnsl.so.1	nis_clone_directory	GLIBC_2.2.5	absent from runtime export surface
public-absent	libnsl.so.1	nis_clone_object	GLIBC_2.2.5	absent from runtime export surface
public-absent	libnsl.so.1	nis_clone_result	GLIBC_2.2.5	absent from runtime export surface
public-absent	libnsl.so.1	nis_creategroup	GLIBC_2.2.5	absent from runtime export surface
public-absent	libnsl.so.1	nis_destroy_object	GLIBC_2.2.5	absent from runtime export surface
public-absent	libnsl.so.1	nis_destroygroup	GLIBC_2.2.5	absent from runtime export surface
public-absent	libnsl.so.1	nis_dir_cmp	GLIBC_2.2.5	absent from runtime export surface
public-absent	libnsl.so.1	nis_domain_of	GLIBC_2.2.5	absent from runtime export surface
public-absent	libnsl.so.1	nis_domain_of_r	GLIBC_2.2.5	absent from runtime export surface
public-absent	libnsl.so.1	nis_first_entry	GLIBC_2.2.5	absent from runtime export surface
public-absent	libnsl.so.1	nis_free_directory	GLIBC_2.2.5	absent from runtime export surface
public-absent	libnsl.so.1	nis_free_object	GLIBC_2.2.5	absent from runtime export surface
public-absent	libnsl.so.1	nis_free_request	GLIBC_2.2.5	absent from runtime export surface
public-absent	libnsl.so.1	nis_freenames	GLIBC_2.2.5	absent from runtime export surface
public-absent	libnsl.so.1	nis_freeresult	GLIBC_2.2.5	absent from runtime export surface
public-absent	libnsl.so.1	nis_freeservlist	GLIBC_2.2.5	absent from runtime export surface
public-absent	libnsl.so.1	nis_freetags	GLIBC_2.2.5	absent from runtime export surface
public-absent	libnsl.so.1	nis_getnames	GLIBC_2.2.5	absent from runtime export surface
public-absent	libnsl.so.1	nis_getservlist	GLIBC_2.2.5	absent from runtime export surface
public-absent	libnsl.so.1	nis_ismember	GLIBC_2.2.5	absent from runtime export surface
public-absent	libnsl.so.1	nis_leaf_of	GLIBC_2.2.5	absent from runtime export surface
public-absent	libnsl.so.1	nis_leaf_of_r	GLIBC_2.2.5	absent from runtime export surface
public-absent	libnsl.so.1	nis_lerror	GLIBC_2.2.5	absent from runtime export surface
public-absent	libnsl.so.1	nis_list	GLIBC_2.2.5	absent from runtime export surface
public-absent	libnsl.so.1	nis_local_directory	GLIBC_2.2.5	absent from runtime export surface
public-absent	libnsl.so.1	nis_local_group	GLIBC_2.2.5	absent from runtime export surface
public-absent	libnsl.so.1	nis_local_host	GLIBC_2.2.5	absent from runtime export surface
public-absent	libnsl.so.1	nis_local_principal	GLIBC_2.2.5	absent from runtime export surface
public-absent	libnsl.so.1	nis_lookup	GLIBC_2.2.5	absent from runtime export surface
public-absent	libnsl.so.1	nis_mkdir	GLIBC_2.2.5	absent from runtime export surface
public-absent	libnsl.so.1	nis_modify	GLIBC_2.2.5	absent from runtime export surface
public-absent	libnsl.so.1	nis_modify_entry	GLIBC_2.2.5	absent from runtime export surface
public-absent	libnsl.so.1	nis_name_of	GLIBC_2.2.5	absent from runtime export surface
public-absent	libnsl.so.1	nis_name_of_r	GLIBC_2.2.5	absent from runtime export surface
public-absent	libnsl.so.1	nis_next_entry	GLIBC_2.2.5	absent from runtime export surface
public-absent	libnsl.so.1	nis_perror	GLIBC_2.2.5	absent from runtime export surface
public-absent	libnsl.so.1	nis_ping	GLIBC_2.2.5	absent from runtime export surface
public-absent	libnsl.so.1	nis_print_directory	GLIBC_2.2.5	absent from runtime export surface
public-absent	libnsl.so.1	nis_print_entry	GLIBC_2.2.5	absent from runtime export surface
public-absent	libnsl.so.1	nis_print_group	GLIBC_2.2.5	absent from runtime export surface
public-absent	libnsl.so.1	nis_print_group_entry	GLIBC_2.2.5	absent from runtime export surface
public-absent	libnsl.so.1	nis_print_link	GLIBC_2.2.5	absent from runtime export surface
public-absent	libnsl.so.1	nis_print_object	GLIBC_2.2.5	absent from runtime export surface
public-absent	libnsl.so.1	nis_print_result	GLIBC_2.2.5	absent from runtime export surface
public-absent	libnsl.so.1	nis_print_rights	GLIBC_2.2.5	absent from runtime export surface
public-absent	libnsl.so.1	nis_print_table	GLIBC_2.2.5	absent from runtime export surface
public-absent	libnsl.so.1	nis_read_obj	GLIBC_2.2.5	absent from runtime export surface
public-absent	libnsl.so.1	nis_remove	GLIBC_2.2.5	absent from runtime export surface
public-absent	libnsl.so.1	nis_remove_entry	GLIBC_2.2.5	absent from runtime export surface
public-absent	libnsl.so.1	nis_removemember	GLIBC_2.2.5	absent from runtime export surface
public-absent	libnsl.so.1	nis_rmdir	GLIBC_2.2.5	absent from runtime export surface
public-absent	libnsl.so.1	nis_servstate	GLIBC_2.2.5	absent from runtime export surface
public-absent	libnsl.so.1	nis_sperrno	GLIBC_2.2.5	absent from runtime export surface
public-absent	libnsl.so.1	nis_sperror	GLIBC_2.2.5	absent from runtime export surface
public-absent	libnsl.so.1	nis_sperror_r	GLIBC_2.2.5	absent from runtime export surface
public-absent	libnsl.so.1	nis_stats	GLIBC_2.2.5	absent from runtime export surface
public-absent	libnsl.so.1	nis_verifygroup	GLIBC_2.2.5	absent from runtime export surface
public-absent	libnsl.so.1	nis_write_obj	GLIBC_2.2.5	absent from runtime export surface
public-absent	libnsl.so.1	readColdStartFile	GLIBC_2.2.5	absent from runtime export surface
public-absent	libnsl.so.1	writeColdStartFile	GLIBC_2.2.5	absent from runtime export surface
public-absent	libnsl.so.1	xdr_cback_data	GLIBC_2.2.5	absent from runtime export surface
public-absent	libnsl.so.1	xdr_domainname	GLIBC_2.2.5	absent from runtime export surface
public-absent	libnsl.so.1	xdr_keydat	GLIBC_2.2.5	absent from runtime export surface
public-absent	libnsl.so.1	xdr_mapname	GLIBC_2.2.5	absent from runtime export surface
public-absent	libnsl.so.1	xdr_obj_p	GLIBC_2.2.5	absent from runtime export surface
public-absent	libnsl.so.1	xdr_peername	GLIBC_2.2.5	absent from runtime export surface
public-absent	libnsl.so.1	xdr_valdat	GLIBC_2.2.5	absent from runtime export surface
public-absent	libnsl.so.1	xdr_yp_buf	GLIBC_2.2.5	absent from runtime export surface
public-absent	libnsl.so.1	xdr_ypall	GLIBC_2.2.5	absent from runtime export surface
public-absent	libnsl.so.1	xdr_ypbind_binding	GLIBC_2.2.5	absent from runtime export surface
public-absent	libnsl.so.1	xdr_ypbind_resp	GLIBC_2.2.5	absent from runtime export surface
public-absent	libnsl.so.1	xdr_ypbind_resptype	GLIBC_2.2.5	absent from runtime export surface
public-absent	libnsl.so.1	xdr_ypbind_setdom	GLIBC_2.2.5	absent from runtime export surface
public-absent	libnsl.so.1	xdr_ypdelete_args	GLIBC_2.2.5	absent from runtime export surface
public-absent	libnsl.so.1	xdr_ypmap_parms	GLIBC_2.2.5	absent from runtime export surface
public-absent	libnsl.so.1	xdr_ypmaplist	GLIBC_2.2.5	absent from runtime export surface
public-absent	libnsl.so.1	xdr_yppush_status	GLIBC_2.2.5	absent from runtime export surface
public-absent	libnsl.so.1	xdr_yppushresp_xfr	GLIBC_2.2.5	absent from runtime export surface
public-absent	libnsl.so.1	xdr_ypreq_key	GLIBC_2.2.5	absent from runtime export surface
public-absent	libnsl.so.1	xdr_ypreq_nokey	GLIBC_2.2.5	absent from runtime export surface
public-absent	libnsl.so.1	xdr_ypreq_xfr	GLIBC_2.2.5	absent from runtime export surface
public-absent	libnsl.so.1	xdr_ypresp_all	GLIBC_2.2.5	absent from runtime export surface
public-absent	libnsl.so.1	xdr_ypresp_key_val	GLIBC_2.2.5	absent from runtime export surface
public-absent	libnsl.so.1	xdr_ypresp_maplist	GLIBC_2.2.5	absent from runtime export surface
public-absent	libnsl.so.1	xdr_ypresp_master	GLIBC_2.2.5	absent from runtime export surface
public-absent	libnsl.so.1	xdr_ypresp_order	GLIBC_2.2.5	absent from runtime export surface
public-absent	libnsl.so.1	xdr_ypresp_val	GLIBC_2.2.5	absent from runtime export surface
public-absent	libnsl.so.1	xdr_ypresp_xfr	GLIBC_2.2.5	absent from runtime export surface
public-absent	libnsl.so.1	xdr_ypstat	GLIBC_2.2.5	absent from runtime export surface
public-absent	libnsl.so.1	xdr_ypupdate_args	GLIBC_2.2.5	absent from runtime export surface
public-absent	libnsl.so.1	xdr_ypxfrstat	GLIBC_2.2.5	absent from runtime export surface
public-absent	libnsl.so.1	yp_all	GLIBC_2.2.5	absent from runtime export surface
public-absent	libnsl.so.1	yp_bind	GLIBC_2.2.5	absent from runtime export surface
public-absent	libnsl.so.1	yp_first	GLIBC_2.2.5	absent from runtime export surface
public-absent	libnsl.so.1	yp_get_default_domain	GLIBC_2.2.5	absent from runtime export surface
public-absent	libnsl.so.1	yp_maplist	GLIBC_2.2.5	absent from runtime export surface
public-absent	libnsl.so.1	yp_master	GLIBC_2.2.5	absent from runtime export surface
public-absent	libnsl.so.1	yp_match	GLIBC_2.2.5	absent from runtime export surface
public-absent	libnsl.so.1	yp_next	GLIBC_2.2.5	absent from runtime export surface
public-absent	libnsl.so.1	yp_order	GLIBC_2.2.5	absent from runtime export surface
public-absent	libnsl.so.1	yp_unbind	GLIBC_2.2.5	absent from runtime export surface
public-absent	libnsl.so.1	yp_update	GLIBC_2.2.5	absent from runtime export surface
public-absent	libnsl.so.1	ypbinderr_string	GLIBC_2.2.5	absent from runtime export surface
public-absent	libnsl.so.1	yperr_string	GLIBC_2.2.5	absent from runtime export surface
public-absent	libnsl.so.1	ypprot_err	GLIBC_2.2.5	absent from runtime export surface
public-absent	libresolv.so.2	inet_net_ntop	GLIBC_2.2.5	absent from runtime export surface
public-absent	libresolv.so.2	inet_net_pton	GLIBC_2.2.5	absent from runtime export surface
public-absent	libresolv.so.2	inet_neta	GLIBC_2.2.5	absent from runtime export surface
public-absent	librt.so.1	aio_init	GLIBC_2.2.5	absent from runtime export surface
resolver-internals	libc.so.6	__gai_sigqueue	GLIBC_PRIVATE	absent from runtime export surface
resolver-internals	libc.so.6	__res_iclose	GLIBC_PRIVATE	absent from runtime export surface
resolver-internals	libc.so.6	__res_randomid	GLIBC_2.2.5	absent from runtime export surface
resolver-internals	libc.so.6	__resolv_context_get	GLIBC_PRIVATE	absent from runtime export surface
resolver-internals	libc.so.6	__resolv_context_get_override	GLIBC_PRIVATE	absent from runtime export surface
resolver-internals	libc.so.6	__resolv_context_get_preinit	GLIBC_PRIVATE	absent from runtime export surface
resolver-internals	libc.so.6	__resolv_context_put	GLIBC_PRIVATE	absent from runtime export surface
resolver-internals	libc.so.6	__resp	GLIBC_PRIVATE	absent from runtime export surface
resolver-internals	libresolv.so.2	__ns_get16	GLIBC_PRIVATE	absent from runtime export surface
resolver-internals	libresolv.so.2	__ns_get32	GLIBC_PRIVATE	absent from runtime export surface
resolver-internals	libresolv.so.2	__ns_name_ntop	GLIBC_PRIVATE	absent from runtime export surface
resolver-internals	libresolv.so.2	__ns_name_unpack	GLIBC_PRIVATE	absent from runtime export surface
resolver-internals	libresolv.so.2	__res_context_hostalias	GLIBC_PRIVATE	absent from runtime export surface
resolver-internals	libresolv.so.2	__res_context_query	GLIBC_PRIVATE	absent from runtime export surface
resolver-internals	libresolv.so.2	__res_context_search	GLIBC_PRIVATE	absent from runtime export surface
resolver-internals	libresolv.so.2	__res_dnok	GLIBC_2.2.5	absent from runtime export surface
resolver-internals	libresolv.so.2	__res_hnok	GLIBC_2.2.5	absent from runtime export surface
resolver-internals	libresolv.so.2	__res_hostalias	GLIBC_2.2.5	absent from runtime export surface
resolver-internals	libresolv.so.2	__res_isourserver	GLIBC_2.2.5	absent from runtime export surface
resolver-internals	libresolv.so.2	__res_mailok	GLIBC_2.2.5	absent from runtime export surface
resolver-internals	libresolv.so.2	__res_nameinquery	GLIBC_2.2.5	absent from runtime export surface
resolver-internals	libresolv.so.2	__res_ownok	GLIBC_2.2.5	absent from runtime export surface
resolver-internals	libresolv.so.2	__res_queriesmatch	GLIBC_2.2.5	absent from runtime export surface
resolver-internals	libresolv.so.2	ns_datetosecs	GLIBC_2.9	absent from runtime export surface
resolver-internals	libresolv.so.2	ns_format_ttl	GLIBC_2.9	absent from runtime export surface
resolver-internals	libresolv.so.2	ns_get16	GLIBC_2.9	absent from runtime export surface
resolver-internals	libresolv.so.2	ns_get32	GLIBC_2.9	absent from runtime export surface
resolver-internals	libresolv.so.2	ns_initparse	GLIBC_2.9	absent from runtime export surface
resolver-internals	libresolv.so.2	ns_makecanon	GLIBC_2.9	absent from runtime export surface
resolver-internals	libresolv.so.2	ns_msg_getflag	GLIBC_2.9	absent from runtime export surface
resolver-internals	libresolv.so.2	ns_name_compress	GLIBC_2.9	absent from runtime export surface
resolver-internals	libresolv.so.2	ns_name_ntol	GLIBC_2.9	absent from runtime export surface
resolver-internals	libresolv.so.2	ns_name_ntop	GLIBC_2.9	absent from runtime export surface
resolver-internals	libresolv.so.2	ns_name_pack	GLIBC_2.9	absent from runtime export surface
resolver-internals	libresolv.so.2	ns_name_pton	GLIBC_2.9	absent from runtime export surface
resolver-internals	libresolv.so.2	ns_name_rollback	GLIBC_2.9	absent from runtime export surface
resolver-internals	libresolv.so.2	ns_name_skip	GLIBC_2.9	absent from runtime export surface
resolver-internals	libresolv.so.2	ns_name_uncompress	GLIBC_2.9	absent from runtime export surface
resolver-internals	libresolv.so.2	ns_name_unpack	GLIBC_2.9	absent from runtime export surface
resolver-internals	libresolv.so.2	ns_parse_ttl	GLIBC_2.9	absent from runtime export surface
resolver-internals	libresolv.so.2	ns_parserr	GLIBC_2.9	absent from runtime export surface
resolver-internals	libresolv.so.2	ns_put16	GLIBC_2.9	absent from runtime export surface
resolver-internals	libresolv.so.2	ns_put32	GLIBC_2.9	absent from runtime export surface
resolver-internals	libresolv.so.2	ns_samedomain	GLIBC_2.9	absent from runtime export surface
resolver-internals	libresolv.so.2	ns_samename	GLIBC_2.9	absent from runtime export surface
resolver-internals	libresolv.so.2	ns_skiprr	GLIBC_2.9	absent from runtime export surface
resolver-internals	libresolv.so.2	ns_sprintrr	GLIBC_2.9	absent from runtime export surface
resolver-internals	libresolv.so.2	ns_sprintrrf	GLIBC_2.9	absent from runtime export surface
resolver-internals	libresolv.so.2	ns_subdomain	GLIBC_2.9	absent from runtime export surface
resolver-internals	libresolv.so.2	res_gethostbyaddr	GLIBC_2.2.5	absent from runtime export surface
resolver-internals	libresolv.so.2	res_gethostbyname	GLIBC_2.2.5	absent from runtime export surface
resolver-internals	libresolv.so.2	res_gethostbyname2	GLIBC_2.2.5	absent from runtime export surface
resolver-internals	libresolv.so.2	res_send_setqhook	GLIBC_2.2.5	absent from runtime export surface
resolver-internals	libresolv.so.2	res_send_setrhook	GLIBC_2.2.5	absent from runtime export surface
stdio-internals	libc.so.6	_IO_2_1_stderr_	GLIBC_2.2.5	absent from runtime export surface
stdio-internals	libc.so.6	_IO_2_1_stdin_	GLIBC_2.2.5	absent from runtime export surface
stdio-internals	libc.so.6	_IO_2_1_stdout_	GLIBC_2.2.5	absent from runtime export surface
stdio-internals	libc.so.6	_IO_adjust_column	GLIBC_2.2.5	absent from runtime export surface
stdio-internals	libc.so.6	_IO_adjust_wcolumn	GLIBC_2.2.5	absent from runtime export surface
stdio-internals	libc.so.6	_IO_default_doallocate	GLIBC_2.2.5	absent from runtime export surface
stdio-internals	libc.so.6	_IO_default_finish	GLIBC_2.2.5	absent from runtime export surface
stdio-internals	libc.so.6	_IO_default_pbackfail	GLIBC_2.2.5	absent from runtime export surface
stdio-internals	libc.so.6	_IO_default_uflow	GLIBC_2.2.5	absent from runtime export surface
stdio-internals	libc.so.6	_IO_default_xsgetn	GLIBC_2.2.5	absent from runtime export surface
stdio-internals	libc.so.6	_IO_default_xsputn	GLIBC_2.2.5	absent from runtime export surface
stdio-internals	libc.so.6	_IO_do_write	GLIBC_2.2.5	absent from runtime export surface
stdio-internals	libc.so.6	_IO_doallocbuf	GLIBC_2.2.5	absent from runtime export surface
stdio-internals	libc.so.6	_IO_enable_locks	GLIBC_PRIVATE	absent from runtime export surface
stdio-internals	libc.so.6	_IO_fclose	GLIBC_2.2.5	absent from runtime export surface
stdio-internals	libc.so.6	_IO_fdopen	GLIBC_2.2.5	absent from runtime export surface
stdio-internals	libc.so.6	_IO_feof	GLIBC_2.2.5	absent from runtime export surface
stdio-internals	libc.so.6	_IO_ferror	GLIBC_2.2.5	absent from runtime export surface
stdio-internals	libc.so.6	_IO_fflush	GLIBC_2.2.5	absent from runtime export surface
stdio-internals	libc.so.6	_IO_fgetpos	GLIBC_2.2.5	absent from runtime export surface
stdio-internals	libc.so.6	_IO_fgetpos64	GLIBC_2.2.5	absent from runtime export surface
stdio-internals	libc.so.6	_IO_fgets	GLIBC_2.2.5	absent from runtime export surface
stdio-internals	libc.so.6	_IO_file_attach	GLIBC_2.2.5	absent from runtime export surface
stdio-internals	libc.so.6	_IO_file_close	GLIBC_2.2.5	absent from runtime export surface
stdio-internals	libc.so.6	_IO_file_close_it	GLIBC_2.2.5	absent from runtime export surface
stdio-internals	libc.so.6	_IO_file_doallocate	GLIBC_2.2.5	absent from runtime export surface
stdio-internals	libc.so.6	_IO_file_finish	GLIBC_2.2.5	absent from runtime export surface
stdio-internals	libc.so.6	_IO_file_fopen	GLIBC_2.2.5	absent from runtime export surface
stdio-internals	libc.so.6	_IO_file_init	GLIBC_2.2.5	absent from runtime export surface
stdio-internals	libc.so.6	_IO_file_jumps	GLIBC_2.2.5	absent from runtime export surface
stdio-internals	libc.so.6	_IO_file_open	GLIBC_2.2.5	absent from runtime export surface
stdio-internals	libc.so.6	_IO_file_overflow	GLIBC_2.2.5	absent from runtime export surface
stdio-internals	libc.so.6	_IO_file_read	GLIBC_2.2.5	absent from runtime export surface
stdio-internals	libc.so.6	_IO_file_seek	GLIBC_2.2.5	absent from runtime export surface
stdio-internals	libc.so.6	_IO_file_seekoff	GLIBC_2.2.5	absent from runtime export surface
stdio-internals	libc.so.6	_IO_file_setbuf	GLIBC_2.2.5	absent from runtime export surface
stdio-internals	libc.so.6	_IO_file_stat	GLIBC_2.2.5	absent from runtime export surface
stdio-internals	libc.so.6	_IO_file_sync	GLIBC_2.2.5	absent from runtime export surface
stdio-internals	libc.so.6	_IO_file_underflow	GLIBC_2.2.5	absent from runtime export surface
stdio-internals	libc.so.6	_IO_file_write	GLIBC_2.2.5	absent from runtime export surface
stdio-internals	libc.so.6	_IO_file_xsputn	GLIBC_2.2.5	absent from runtime export surface
stdio-internals	libc.so.6	_IO_flockfile	GLIBC_2.2.5	absent from runtime export surface
stdio-internals	libc.so.6	_IO_flush_all	GLIBC_2.2.5	absent from runtime export surface
stdio-internals	libc.so.6	_IO_flush_all_linebuffered	GLIBC_2.2.5	absent from runtime export surface
stdio-internals	libc.so.6	_IO_fopen	GLIBC_2.2.5	absent from runtime export surface
stdio-internals	libc.so.6	_IO_fprintf	GLIBC_2.2.5	absent from runtime export surface
stdio-internals	libc.so.6	_IO_fputs	GLIBC_2.2.5	absent from runtime export surface
stdio-internals	libc.so.6	_IO_fread	GLIBC_2.2.5	absent from runtime export surface
stdio-internals	libc.so.6	_IO_free_backup_area	GLIBC_2.2.5	absent from runtime export surface
stdio-internals	libc.so.6	_IO_free_wbackup_area	GLIBC_2.2.5	absent from runtime export surface
stdio-internals	libc.so.6	_IO_fsetpos	GLIBC_2.2.5	absent from runtime export surface
stdio-internals	libc.so.6	_IO_fsetpos64	GLIBC_2.2.5	absent from runtime export surface
stdio-internals	libc.so.6	_IO_ftell	GLIBC_2.2.5	absent from runtime export surface
stdio-internals	libc.so.6	_IO_ftrylockfile	GLIBC_2.2.5	absent from runtime export surface
stdio-internals	libc.so.6	_IO_funlockfile	GLIBC_2.2.5	absent from runtime export surface
stdio-internals	libc.so.6	_IO_fwrite	GLIBC_2.2.5	absent from runtime export surface
stdio-internals	libc.so.6	_IO_getc	GLIBC_2.2.5	absent from runtime export surface
stdio-internals	libc.so.6	_IO_getline	GLIBC_2.2.5	absent from runtime export surface
stdio-internals	libc.so.6	_IO_getline_info	GLIBC_2.2.5	absent from runtime export surface
stdio-internals	libc.so.6	_IO_gets	GLIBC_2.2.5	absent from runtime export surface
stdio-internals	libc.so.6	_IO_init	GLIBC_2.2.5	absent from runtime export surface
stdio-internals	libc.so.6	_IO_init_marker	GLIBC_2.2.5	absent from runtime export surface
stdio-internals	libc.so.6	_IO_init_wmarker	GLIBC_2.2.5	absent from runtime export surface
stdio-internals	libc.so.6	_IO_iter_begin	GLIBC_2.2.5	absent from runtime export surface
stdio-internals	libc.so.6	_IO_iter_end	GLIBC_2.2.5	absent from runtime export surface
stdio-internals	libc.so.6	_IO_iter_file	GLIBC_2.2.5	absent from runtime export surface
stdio-internals	libc.so.6	_IO_iter_next	GLIBC_2.2.5	absent from runtime export surface
stdio-internals	libc.so.6	_IO_least_wmarker	GLIBC_2.2.5	absent from runtime export surface
stdio-internals	libc.so.6	_IO_link_in	GLIBC_2.2.5	absent from runtime export surface
stdio-internals	libc.so.6	_IO_list_all	GLIBC_2.2.5	absent from runtime export surface
stdio-internals	libc.so.6	_IO_list_lock	GLIBC_2.2.5	absent from runtime export surface
stdio-internals	libc.so.6	_IO_list_resetlock	GLIBC_2.2.5	absent from runtime export surface
stdio-internals	libc.so.6	_IO_list_unlock	GLIBC_2.2.5	absent from runtime export surface
stdio-internals	libc.so.6	_IO_marker_delta	GLIBC_2.2.5	absent from runtime export surface
stdio-internals	libc.so.6	_IO_marker_difference	GLIBC_2.2.5	absent from runtime export surface
stdio-internals	libc.so.6	_IO_padn	GLIBC_2.2.5	absent from runtime export surface
stdio-internals	libc.so.6	_IO_peekc_locked	GLIBC_2.2.5	absent from runtime export surface
stdio-internals	libc.so.6	_IO_popen	GLIBC_2.2.5	absent from runtime export surface
stdio-internals	libc.so.6	_IO_printf	GLIBC_2.2.5	absent from runtime export surface
stdio-internals	libc.so.6	_IO_proc_close	GLIBC_2.2.5	absent from runtime export surface
stdio-internals	libc.so.6	_IO_proc_open	GLIBC_2.2.5	absent from runtime export surface
stdio-internals	libc.so.6	_IO_putc	GLIBC_2.2.5	absent from runtime export surface
stdio-internals	libc.so.6	_IO_puts	GLIBC_2.2.5	absent from runtime export surface
stdio-internals	libc.so.6	_IO_remove_marker	GLIBC_2.2.5	absent from runtime export surface
stdio-internals	libc.so.6	_IO_seekmark	GLIBC_2.2.5	absent from runtime export surface
stdio-internals	libc.so.6	_IO_seekoff	GLIBC_2.2.5	absent from runtime export surface
stdio-internals	libc.so.6	_IO_seekpos	GLIBC_2.2.5	absent from runtime export surface
stdio-internals	libc.so.6	_IO_seekwmark	GLIBC_2.2.5	absent from runtime export surface
stdio-internals	libc.so.6	_IO_setb	GLIBC_2.2.5	absent from runtime export surface
stdio-internals	libc.so.6	_IO_setbuffer	GLIBC_2.2.5	absent from runtime export surface
stdio-internals	libc.so.6	_IO_setvbuf	GLIBC_2.2.5	absent from runtime export surface
stdio-internals	libc.so.6	_IO_sgetn	GLIBC_2.2.5	absent from runtime export surface
stdio-internals	libc.so.6	_IO_sprintf	GLIBC_2.2.5	absent from runtime export surface
stdio-internals	libc.so.6	_IO_sputbackc	GLIBC_2.2.5	absent from runtime export surface
stdio-internals	libc.so.6	_IO_sputbackwc	GLIBC_2.2.5	absent from runtime export surface
stdio-internals	libc.so.6	_IO_sscanf	GLIBC_2.2.5	absent from runtime export surface
stdio-internals	libc.so.6	_IO_str_init_readonly	GLIBC_2.2.5	absent from runtime export surface
stdio-internals	libc.so.6	_IO_str_init_static	GLIBC_2.2.5	absent from runtime export surface
stdio-internals	libc.so.6	_IO_str_overflow	GLIBC_2.2.5	absent from runtime export surface
stdio-internals	libc.so.6	_IO_str_pbackfail	GLIBC_2.2.5	absent from runtime export surface
stdio-internals	libc.so.6	_IO_str_seekoff	GLIBC_2.2.5	absent from runtime export surface
stdio-internals	libc.so.6	_IO_str_underflow	GLIBC_2.2.5	absent from runtime export surface
stdio-internals	libc.so.6	_IO_sungetc	GLIBC_2.2.5	absent from runtime export surface
stdio-internals	libc.so.6	_IO_sungetwc	GLIBC_2.2.5	absent from runtime export surface
stdio-internals	libc.so.6	_IO_switch_to_get_mode	GLIBC_2.2.5	absent from runtime export surface
stdio-internals	libc.so.6	_IO_switch_to_main_wget_area	GLIBC_2.2.5	absent from runtime export surface
stdio-internals	libc.so.6	_IO_switch_to_wbackup_area	GLIBC_2.2.5	absent from runtime export surface
stdio-internals	libc.so.6	_IO_switch_to_wget_mode	GLIBC_2.2.5	absent from runtime export surface
stdio-internals	libc.so.6	_IO_un_link	GLIBC_2.2.5	absent from runtime export surface
stdio-internals	libc.so.6	_IO_ungetc	GLIBC_2.2.5	absent from runtime export surface
stdio-internals	libc.so.6	_IO_unsave_markers	GLIBC_2.2.5	absent from runtime export surface
stdio-internals	libc.so.6	_IO_unsave_wmarkers	GLIBC_2.2.5	absent from runtime export surface
stdio-internals	libc.so.6	_IO_vfprintf	GLIBC_2.2.5	absent from runtime export surface
stdio-internals	libc.so.6	_IO_vfscanf	GLIBC_2.2.5	absent from runtime export surface
stdio-internals	libc.so.6	_IO_vsprintf	GLIBC_2.2.5	absent from runtime export surface
stdio-internals	libc.so.6	_IO_wdefault_doallocate	GLIBC_2.2.5	absent from runtime export surface
stdio-internals	libc.so.6	_IO_wdefault_finish	GLIBC_2.2.5	absent from runtime export surface
stdio-internals	libc.so.6	_IO_wdefault_pbackfail	GLIBC_2.2.5	absent from runtime export surface
stdio-internals	libc.so.6	_IO_wdefault_uflow	GLIBC_2.2.5	absent from runtime export surface
stdio-internals	libc.so.6	_IO_wdefault_xsgetn	GLIBC_2.2.5	absent from runtime export surface
stdio-internals	libc.so.6	_IO_wdefault_xsputn	GLIBC_2.2.5	absent from runtime export surface
stdio-internals	libc.so.6	_IO_wdo_write	GLIBC_2.2.5	absent from runtime export surface
stdio-internals	libc.so.6	_IO_wdoallocbuf	GLIBC_2.2.5	absent from runtime export surface
stdio-internals	libc.so.6	_IO_wfile_jumps	GLIBC_2.2.5	absent from runtime export surface
stdio-internals	libc.so.6	_IO_wfile_overflow	GLIBC_2.2.5	absent from runtime export surface
stdio-internals	libc.so.6	_IO_wfile_seekoff	GLIBC_2.2.5	absent from runtime export surface
stdio-internals	libc.so.6	_IO_wfile_sync	GLIBC_2.2.5	absent from runtime export surface
stdio-internals	libc.so.6	_IO_wfile_underflow	GLIBC_2.2.5	absent from runtime export surface
stdio-internals	libc.so.6	_IO_wfile_xsputn	GLIBC_2.2.5	absent from runtime export surface
stdio-internals	libc.so.6	_IO_wmarker_delta	GLIBC_2.2.5	absent from runtime export surface
stdio-internals	libc.so.6	_IO_wsetb	GLIBC_2.2.5	absent from runtime export surface
stdio-internals	libpthread.so.0	_IO_flockfile	GLIBC_2.2.5	absent from runtime export surface
stdio-internals	libpthread.so.0	_IO_ftrylockfile	GLIBC_2.2.5	absent from runtime export surface
stdio-internals	libpthread.so.0	_IO_funlockfile	GLIBC_2.2.5	absent from runtime export surface
underscore-internals	libc.so.6	_authenticate	GLIBC_2.2.5	absent from runtime export surface
underscore-internals	libc.so.6	_flushlbf	GLIBC_2.2.5	absent from runtime export surface
underscore-internals	libc.so.6	_itoa_lower_digits	GLIBC_PRIVATE	absent from runtime export surface
underscore-internals	libc.so.6	_libc_intl_domainname	GLIBC_2.2.5	absent from runtime export surface
underscore-internals	libc.so.6	_mcleanup	GLIBC_2.2.5	absent from runtime export surface
underscore-internals	libc.so.6	_mcount	GLIBC_2.2.5	absent from runtime export surface
underscore-internals	libc.so.6	_nl_default_dirname	GLIBC_2.2.5	absent from runtime export surface
underscore-internals	libc.so.6	_nl_domain_bindings	GLIBC_2.2.5	absent from runtime export surface
underscore-internals	libc.so.6	_nl_msg_cat_cntr	GLIBC_2.2.5	absent from runtime export surface
underscore-internals	libc.so.6	_nss_files_parse_grent	GLIBC_PRIVATE	absent from runtime export surface
underscore-internals	libc.so.6	_nss_files_parse_pwent	GLIBC_PRIVATE	absent from runtime export surface
underscore-internals	libc.so.6	_nss_files_parse_sgent	GLIBC_PRIVATE	absent from runtime export surface
underscore-internals	libc.so.6	_nss_files_parse_spent	GLIBC_PRIVATE	absent from runtime export surface
underscore-internals	libc.so.6	_null_auth	GLIBC_2.2.5	absent from runtime export surface
underscore-internals	libc.so.6	_obstack	GLIBC_2.2.5	absent from runtime export surface
underscore-internals	libc.so.6	_obstack_allocated_p	GLIBC_2.2.5	absent from runtime export surface
underscore-internals	libc.so.6	_obstack_begin	GLIBC_2.2.5	absent from runtime export surface
underscore-internals	libc.so.6	_obstack_begin_1	GLIBC_2.2.5	absent from runtime export surface
underscore-internals	libc.so.6	_obstack_free	GLIBC_2.2.5	absent from runtime export surface
underscore-internals	libc.so.6	_obstack_memory_used	GLIBC_2.2.5	absent from runtime export surface
underscore-internals	libc.so.6	_obstack_newchunk	GLIBC_2.2.5	absent from runtime export surface
underscore-internals	libc.so.6	_res	GLIBC_2.2.5	absent from runtime export surface
underscore-internals	libc.so.6	_res_hconf	GLIBC_2.2.5	absent from runtime export surface
underscore-internals	libc.so.6	_rpc_dtablesize	GLIBC_2.2.5	absent from runtime export surface
underscore-internals	libc.so.6	_seterr_reply	GLIBC_2.2.5	absent from runtime export surface
underscore-internals	libm.so.6	_LIB_VERSION	GLIBC_2.2.5	absent from runtime export surface
underscore-internals	libnsl.so.1	_xdr_ib_request	GLIBC_PRIVATE	absent from runtime export surface
underscore-internals	libnsl.so.1	_xdr_nis_result	GLIBC_PRIVATE	absent from runtime export surface
underscore-internals	libpthread.so.0	_pthread_cleanup_pop_restore	GLIBC_2.2.5	absent from runtime export surface
underscore-internals	libpthread.so.0	_pthread_cleanup_push_defer	GLIBC_2.2.5	absent from runtime export surface
underscore-internals	libresolv.so.2	_gethtbyaddr	GLIBC_2.2.5	absent from runtime export surface
underscore-internals	libresolv.so.2	_gethtbyname	GLIBC_2.2.5	absent from runtime export surface
underscore-internals	libresolv.so.2	_gethtbyname2	GLIBC_2.2.5	absent from runtime export surface
underscore-internals	libresolv.so.2	_gethtent	GLIBC_2.2.5	absent from runtime export surface
underscore-internals	libresolv.so.2	_getlong	GLIBC_2.2.5	absent from runtime export surface
underscore-internals	libresolv.so.2	_getshort	GLIBC_2.2.5	absent from runtime export surface
underscore-internals	libresolv.so.2	_res_opcodes	GLIBC_2.2.5	absent from runtime export surface
underscore-internals	libresolv.so.2	_sethtent	GLIBC_2.2.5	absent from runtime export surface
