libc.so.6	GLIBC_2.10	GLIBC_2.10	scaffold	scaffold	-	-	version-node identity object (WP-53 scaffold)
libc.so.6	GLIBC_2.11	GLIBC_2.11	scaffold	scaffold	-	-	version-node identity object (WP-53 scaffold)
libc.so.6	GLIBC_2.12	GLIBC_2.12	scaffold	scaffold	-	-	version-node identity object (WP-53 scaffold)
libc.so.6	GLIBC_2.13	GLIBC_2.13	scaffold	scaffold	-	-	version-node identity object (WP-53 scaffold)
libc.so.6	GLIBC_2.14	GLIBC_2.14	scaffold	scaffold	-	-	version-node identity object (WP-53 scaffold)
libc.so.6	GLIBC_2.15	GLIBC_2.15	scaffold	scaffold	-	-	version-node identity object (WP-53 scaffold)
libc.so.6	GLIBC_2.16	GLIBC_2.16	scaffold	scaffold	-	-	version-node identity object (WP-53 scaffold)
libc.so.6	GLIBC_2.17	GLIBC_2.17	scaffold	scaffold	-	-	version-node identity object (WP-53 scaffold)
libc.so.6	GLIBC_2.18	GLIBC_2.18	scaffold	scaffold	-	-	version-node identity object (WP-53 scaffold)
libc.so.6	GLIBC_2.2.5	GLIBC_2.2.5	scaffold	scaffold	-	-	version-node identity object (WP-53 scaffold)
libc.so.6	GLIBC_2.2.6	GLIBC_2.2.6	scaffold	scaffold	-	-	version-node identity object (WP-53 scaffold)
libc.so.6	GLIBC_2.22	GLIBC_2.22	scaffold	scaffold	-	-	version-node identity object (WP-53 scaffold)
libc.so.6	GLIBC_2.23	GLIBC_2.23	scaffold	scaffold	-	-	version-node identity object (WP-53 scaffold)
libc.so.6	GLIBC_2.24	GLIBC_2.24	scaffold	scaffold	-	-	version-node identity object (WP-53 scaffold)
libc.so.6	GLIBC_2.25	GLIBC_2.25	scaffold	scaffold	-	-	version-node identity object (WP-53 scaffold)
libc.so.6	GLIBC_2.26	GLIBC_2.26	scaffold	scaffold	-	-	version-node identity object (WP-53 scaffold)
libc.so.6	GLIBC_2.27	GLIBC_2.27	scaffold	scaffold	-	-	version-node identity object (WP-53 scaffold)
libc.so.6	GLIBC_2.28	GLIBC_2.28	scaffold	scaffold	-	-	version-node identity object (WP-53 scaffold)
libc.so.6	GLIBC_2.3	GLIBC_2.3	scaffold	scaffold	-	-	version-node identity object (WP-53 scaffold)
libc.so.6	GLIBC_2.3.2	GLIBC_2.3.2	scaffold	scaffold	-	-	version-node identity object (WP-53 scaffold)
libc.so.6	GLIBC_2.3.3	GLIBC_2.3.3	scaffold	scaffold	-	-	version-node identity object (WP-53 scaffold)
libc.so.6	GLIBC_2.3.4	GLIBC_2.3.4	scaffold	scaffold	-	-	version-node identity object (WP-53 scaffold)
libc.so.6	GLIBC_2.4	GLIBC_2.4	scaffold	scaffold	-	-	version-node identity object (WP-53 scaffold)
libc.so.6	GLIBC_2.5	GLIBC_2.5	scaffold	scaffold	-	-	version-node identity object (WP-53 scaffold)
libc.so.6	GLIBC_2.6	GLIBC_2.6	scaffold	scaffold	-	-	version-node identity object (WP-53 scaffold)
libc.so.6	GLIBC_2.7	GLIBC_2.7	scaffold	scaffold	-	-	version-node identity object (WP-53 scaffold)
libc.so.6	GLIBC_2.8	GLIBC_2.8	scaffold	scaffold	-	-	version-node identity object (WP-53 scaffold)
libc.so.6	GLIBC_2.9	GLIBC_2.9	scaffold	scaffold	-	-	version-node identity object (WP-53 scaffold)
libc.so.6	GLIBC_PRIVATE	GLIBC_PRIVATE	scaffold	scaffold	-	-	version-node identity object (WP-53 scaffold)
libc.so.6	_Exit	GLIBC_2.2.5	2	forward-same	_Exit	-	runtime exports the same name
libc.so.6	_IO_2_1_stderr_	GLIBC_2.2.5	4	stub	-	-	absent from runtime export surface
libc.so.6	_IO_2_1_stdin_	GLIBC_2.2.5	4	stub	-	-	absent from runtime export surface
libc.so.6	_IO_2_1_stdout_	GLIBC_2.2.5	4	stub	-	-	absent from runtime export surface
libc.so.6	_IO_adjust_column	GLIBC_2.2.5	4	stub	-	-	absent from runtime export surface
libc.so.6	_IO_adjust_wcolumn	GLIBC_2.2.5	4	stub	-	-	absent from runtime export surface
libc.so.6	_IO_default_doallocate	GLIBC_2.2.5	4	stub	-	-	absent from runtime export surface
libc.so.6	_IO_default_finish	GLIBC_2.2.5	4	stub	-	-	absent from runtime export surface
libc.so.6	_IO_default_pbackfail	GLIBC_2.2.5	4	stub	-	-	absent from runtime export surface
libc.so.6	_IO_default_uflow	GLIBC_2.2.5	4	stub	-	-	absent from runtime export surface
libc.so.6	_IO_default_xsgetn	GLIBC_2.2.5	4	stub	-	-	absent from runtime export surface
libc.so.6	_IO_default_xsputn	GLIBC_2.2.5	4	stub	-	-	absent from runtime export surface
libc.so.6	_IO_do_write	GLIBC_2.2.5	4	stub	-	-	absent from runtime export surface
libc.so.6	_IO_doallocbuf	GLIBC_2.2.5	4	stub	-	-	absent from runtime export surface
libc.so.6	_IO_enable_locks	GLIBC_PRIVATE	4	stub	-	-	absent from runtime export surface
libc.so.6	_IO_fclose	GLIBC_2.2.5	4	stub	-	-	absent from runtime export surface
libc.so.6	_IO_fdopen	GLIBC_2.2.5	4	stub	-	-	absent from runtime export surface
libc.so.6	_IO_feof	GLIBC_2.2.5	4	stub	-	-	absent from runtime export surface
libc.so.6	_IO_ferror	GLIBC_2.2.5	4	stub	-	-	absent from runtime export surface
libc.so.6	_IO_fflush	GLIBC_2.2.5	4	stub	-	-	absent from runtime export surface
libc.so.6	_IO_fgetpos	GLIBC_2.2.5	4	stub	-	-	absent from runtime export surface
libc.so.6	_IO_fgetpos64	GLIBC_2.2.5	4	stub	-	-	absent from runtime export surface
libc.so.6	_IO_fgets	GLIBC_2.2.5	4	stub	-	-	absent from runtime export surface
libc.so.6	_IO_file_attach	GLIBC_2.2.5	4	stub	-	-	absent from runtime export surface
libc.so.6	_IO_file_close	GLIBC_2.2.5	4	stub	-	-	absent from runtime export surface
libc.so.6	_IO_file_close_it	GLIBC_2.2.5	4	stub	-	-	absent from runtime export surface
libc.so.6	_IO_file_doallocate	GLIBC_2.2.5	4	stub	-	-	absent from runtime export surface
libc.so.6	_IO_file_finish	GLIBC_2.2.5	4	stub	-	-	absent from runtime export surface
libc.so.6	_IO_file_fopen	GLIBC_2.2.5	4	stub	-	-	absent from runtime export surface
libc.so.6	_IO_file_init	GLIBC_2.2.5	4	stub	-	-	absent from runtime export surface
libc.so.6	_IO_file_jumps	GLIBC_2.2.5	4	stub	-	-	absent from runtime export surface
libc.so.6	_IO_file_open	GLIBC_2.2.5	4	stub	-	-	absent from runtime export surface
libc.so.6	_IO_file_overflow	GLIBC_2.2.5	4	stub	-	-	absent from runtime export surface
libc.so.6	_IO_file_read	GLIBC_2.2.5	4	stub	-	-	absent from runtime export surface
libc.so.6	_IO_file_seek	GLIBC_2.2.5	4	stub	-	-	absent from runtime export surface
libc.so.6	_IO_file_seekoff	GLIBC_2.2.5	4	stub	-	-	absent from runtime export surface
libc.so.6	_IO_file_setbuf	GLIBC_2.2.5	4	stub	-	-	absent from runtime export surface
libc.so.6	_IO_file_stat	GLIBC_2.2.5	4	stub	-	-	absent from runtime export surface
libc.so.6	_IO_file_sync	GLIBC_2.2.5	4	stub	-	-	absent from runtime export surface
libc.so.6	_IO_file_underflow	GLIBC_2.2.5	4	stub	-	-	absent from runtime export surface
libc.so.6	_IO_file_write	GLIBC_2.2.5	4	stub	-	-	absent from runtime export surface
libc.so.6	_IO_file_xsputn	GLIBC_2.2.5	4	stub	-	-	absent from runtime export surface
libc.so.6	_IO_flockfile	GLIBC_2.2.5	4	stub	-	-	absent from runtime export surface
libc.so.6	_IO_flush_all	GLIBC_2.2.5	4	stub	-	-	absent from runtime export surface
libc.so.6	_IO_flush_all_linebuffered	GLIBC_2.2.5	4	stub	-	-	absent from runtime export surface
libc.so.6	_IO_fopen	GLIBC_2.2.5	4	stub	-	-	absent from runtime export surface
libc.so.6	_IO_fprintf	GLIBC_2.2.5	4	stub	-	-	absent from runtime export surface
libc.so.6	_IO_fputs	GLIBC_2.2.5	4	stub	-	-	absent from runtime export surface
libc.so.6	_IO_fread	GLIBC_2.2.5	4	stub	-	-	absent from runtime export surface
libc.so.6	_IO_free_backup_area	GLIBC_2.2.5	4	stub	-	-	absent from runtime export surface
libc.so.6	_IO_free_wbackup_area	GLIBC_2.2.5	4	stub	-	-	absent from runtime export surface
libc.so.6	_IO_fsetpos	GLIBC_2.2.5	4	stub	-	-	absent from runtime export surface
libc.so.6	_IO_fsetpos64	GLIBC_2.2.5	4	stub	-	-	absent from runtime export surface
libc.so.6	_IO_ftell	GLIBC_2.2.5	4	stub	-	-	absent from runtime export surface
libc.so.6	_IO_ftrylockfile	GLIBC_2.2.5	4	stub	-	-	absent from runtime export surface
libc.so.6	_IO_funlockfile	GLIBC_2.2.5	4	stub	-	-	absent from runtime export surface
libc.so.6	_IO_fwrite	GLIBC_2.2.5	4	stub	-	-	absent from runtime export surface
libc.so.6	_IO_getc	GLIBC_2.2.5	4	stub	-	-	absent from runtime export surface
libc.so.6	_IO_getline	GLIBC_2.2.5	4	stub	-	-	absent from runtime export surface
libc.so.6	_IO_getline_info	GLIBC_2.2.5	4	stub	-	-	absent from runtime export surface
libc.so.6	_IO_gets	GLIBC_2.2.5	4	stub	-	-	absent from runtime export surface
libc.so.6	_IO_init	GLIBC_2.2.5	4	stub	-	-	absent from runtime export surface
libc.so.6	_IO_init_marker	GLIBC_2.2.5	4	stub	-	-	absent from runtime export surface
libc.so.6	_IO_init_wmarker	GLIBC_2.2.5	4	stub	-	-	absent from runtime export surface
libc.so.6	_IO_iter_begin	GLIBC_2.2.5	4	stub	-	-	absent from runtime export surface
libc.so.6	_IO_iter_end	GLIBC_2.2.5	4	stub	-	-	absent from runtime export surface
libc.so.6	_IO_iter_file	GLIBC_2.2.5	4	stub	-	-	absent from runtime export surface
libc.so.6	_IO_iter_next	GLIBC_2.2.5	4	stub	-	-	absent from runtime export surface
libc.so.6	_IO_least_wmarker	GLIBC_2.2.5	4	stub	-	-	absent from runtime export surface
libc.so.6	_IO_link_in	GLIBC_2.2.5	4	stub	-	-	absent from runtime export surface
libc.so.6	_IO_list_all	GLIBC_2.2.5	4	stub	-	-	absent from runtime export surface
libc.so.6	_IO_list_lock	GLIBC_2.2.5	4	stub	-	-	absent from runtime export surface
libc.so.6	_IO_list_resetlock	GLIBC_2.2.5	4	stub	-	-	absent from runtime export surface
libc.so.6	_IO_list_unlock	GLIBC_2.2.5	4	stub	-	-	absent from runtime export surface
libc.so.6	_IO_marker_delta	GLIBC_2.2.5	4	stub	-	-	absent from runtime export surface
libc.so.6	_IO_marker_difference	GLIBC_2.2.5	4	stub	-	-	absent from runtime export surface
libc.so.6	_IO_padn	GLIBC_2.2.5	4	stub	-	-	absent from runtime export surface
libc.so.6	_IO_peekc_locked	GLIBC_2.2.5	4	stub	-	-	absent from runtime export surface
libc.so.6	_IO_popen	GLIBC_2.2.5	4	stub	-	-	absent from runtime export surface
libc.so.6	_IO_printf	GLIBC_2.2.5	4	stub	-	-	absent from runtime export surface
libc.so.6	_IO_proc_close	GLIBC_2.2.5	4	stub	-	-	absent from runtime export surface
libc.so.6	_IO_proc_open	GLIBC_2.2.5	4	stub	-	-	absent from runtime export surface
libc.so.6	_IO_putc	GLIBC_2.2.5	4	stub	-	-	absent from runtime export surface
libc.so.6	_IO_puts	GLIBC_2.2.5	4	stub	-	-	absent from runtime export surface
libc.so.6	_IO_remove_marker	GLIBC_2.2.5	4	stub	-	-	absent from runtime export surface
libc.so.6	_IO_seekmark	GLIBC_2.2.5	4	stub	-	-	absent from runtime export surface
libc.so.6	_IO_seekoff	GLIBC_2.2.5	4	stub	-	-	absent from runtime export surface
libc.so.6	_IO_seekpos	GLIBC_2.2.5	4	stub	-	-	absent from runtime export surface
libc.so.6	_IO_seekwmark	GLIBC_2.2.5	4	stub	-	-	absent from runtime export surface
libc.so.6	_IO_setb	GLIBC_2.2.5	4	stub	-	-	absent from runtime export surface
libc.so.6	_IO_setbuffer	GLIBC_2.2.5	4	stub	-	-	absent from runtime export surface
libc.so.6	_IO_setvbuf	GLIBC_2.2.5	4	stub	-	-	absent from runtime export surface
libc.so.6	_IO_sgetn	GLIBC_2.2.5	4	stub	-	-	absent from runtime export surface
libc.so.6	_IO_sprintf	GLIBC_2.2.5	4	stub	-	-	absent from runtime export surface
libc.so.6	_IO_sputbackc	GLIBC_2.2.5	4	stub	-	-	absent from runtime export surface
libc.so.6	_IO_sputbackwc	GLIBC_2.2.5	4	stub	-	-	absent from runtime export surface
libc.so.6	_IO_sscanf	GLIBC_2.2.5	4	stub	-	-	absent from runtime export surface
libc.so.6	_IO_str_init_readonly	GLIBC_2.2.5	4	stub	-	-	absent from runtime export surface
libc.so.6	_IO_str_init_static	GLIBC_2.2.5	4	stub	-	-	absent from runtime export surface
libc.so.6	_IO_str_overflow	GLIBC_2.2.5	4	stub	-	-	absent from runtime export surface
libc.so.6	_IO_str_pbackfail	GLIBC_2.2.5	4	stub	-	-	absent from runtime export surface
libc.so.6	_IO_str_seekoff	GLIBC_2.2.5	4	stub	-	-	absent from runtime export surface
libc.so.6	_IO_str_underflow	GLIBC_2.2.5	4	stub	-	-	absent from runtime export surface
libc.so.6	_IO_sungetc	GLIBC_2.2.5	4	stub	-	-	absent from runtime export surface
libc.so.6	_IO_sungetwc	GLIBC_2.2.5	4	stub	-	-	absent from runtime export surface
libc.so.6	_IO_switch_to_get_mode	GLIBC_2.2.5	4	stub	-	-	absent from runtime export surface
libc.so.6	_IO_switch_to_main_wget_area	GLIBC_2.2.5	4	stub	-	-	absent from runtime export surface
libc.so.6	_IO_switch_to_wbackup_area	GLIBC_2.2.5	4	stub	-	-	absent from runtime export surface
libc.so.6	_IO_switch_to_wget_mode	GLIBC_2.2.5	4	stub	-	-	absent from runtime export surface
libc.so.6	_IO_un_link	GLIBC_2.2.5	4	stub	-	-	absent from runtime export surface
libc.so.6	_IO_ungetc	GLIBC_2.2.5	4	stub	-	-	absent from runtime export surface
libc.so.6	_IO_unsave_markers	GLIBC_2.2.5	4	stub	-	-	absent from runtime export surface
libc.so.6	_IO_unsave_wmarkers	GLIBC_2.2.5	4	stub	-	-	absent from runtime export surface
libc.so.6	_IO_vfprintf	GLIBC_2.2.5	4	stub	-	-	absent from runtime export surface
libc.so.6	_IO_vfscanf	GLIBC_2.2.5	4	stub	-	-	absent from runtime export surface
libc.so.6	_IO_vsprintf	GLIBC_2.2.5	4	stub	-	-	absent from runtime export surface
libc.so.6	_IO_wdefault_doallocate	GLIBC_2.2.5	4	stub	-	-	absent from runtime export surface
libc.so.6	_IO_wdefault_finish	GLIBC_2.2.5	4	stub	-	-	absent from runtime export surface
libc.so.6	_IO_wdefault_pbackfail	GLIBC_2.2.5	4	stub	-	-	absent from runtime export surface
libc.so.6	_IO_wdefault_uflow	GLIBC_2.2.5	4	stub	-	-	absent from runtime export surface
libc.so.6	_IO_wdefault_xsgetn	GLIBC_2.2.5	4	stub	-	-	absent from runtime export surface
libc.so.6	_IO_wdefault_xsputn	GLIBC_2.2.5	4	stub	-	-	absent from runtime export surface
libc.so.6	_IO_wdo_write	GLIBC_2.2.5	4	stub	-	-	absent from runtime export surface
libc.so.6	_IO_wdoallocbuf	GLIBC_2.2.5	4	stub	-	-	absent from runtime export surface
libc.so.6	_IO_wfile_jumps	GLIBC_2.2.5	4	stub	-	-	absent from runtime export surface
libc.so.6	_IO_wfile_overflow	GLIBC_2.2.5	4	stub	-	-	absent from runtime export surface
libc.so.6	_IO_wfile_seekoff	GLIBC_2.2.5	4	stub	-	-	absent from runtime export surface
libc.so.6	_IO_wfile_sync	GLIBC_2.2.5	4	stub	-	-	absent from runtime export surface
libc.so.6	_IO_wfile_underflow	GLIBC_2.2.5	4	stub	-	-	absent from runtime export surface
libc.so.6	_IO_wfile_xsputn	GLIBC_2.2.5	4	stub	-	-	absent from runtime export surface
libc.so.6	_IO_wmarker_delta	GLIBC_2.2.5	4	stub	-	-	absent from runtime export surface
libc.so.6	_IO_wsetb	GLIBC_2.2.5	4	stub	-	-	absent from runtime export surface
libc.so.6	__abort_msg	GLIBC_PRIVATE	4	stub	-	-	absent from runtime export surface
libc.so.6	__adjtimex	GLIBC_2.2.5	4	stub	-	-	absent from runtime export surface
libc.so.6	__after_morecore_hook	GLIBC_2.2.5	4	stub	-	-	absent from runtime export surface
libc.so.6	__arch_prctl	GLIBC_2.2.5	4	stub	-	-	absent from runtime export surface
libc.so.6	__argz_count	GLIBC_2.2.5	1	forward-alias	argz_count	-	reserved-name alias of runtime export argz_count
libc.so.6	__argz_next	GLIBC_2.2.5	1	forward-alias	argz_next	-	reserved-name alias of runtime export argz_next
libc.so.6	__argz_stringify	GLIBC_2.2.5	1	forward-alias	argz_stringify	-	reserved-name alias of runtime export argz_stringify
libc.so.6	__asprintf	GLIBC_2.2.5	1	forward-alias	asprintf	-	reserved-name alias of runtime export asprintf
libc.so.6	__asprintf_chk	GLIBC_2.8	3	shim	asprintf	review	FORTIFY _chk variant; shim over asprintf
libc.so.6	__assert	GLIBC_2.2.5	2	forward-same	__assert	-	runtime exports the same name
libc.so.6	__assert_fail	GLIBC_2.2.5	4	stub	-	-	absent from runtime export surface
libc.so.6	__assert_perror_fail	GLIBC_2.2.5	4	stub	-	-	absent from runtime export surface
libc.so.6	__backtrace	GLIBC_2.2.5	4	stub	-	-	absent from runtime export surface
libc.so.6	__backtrace_symbols	GLIBC_2.2.5	4	stub	-	-	absent from runtime export surface
libc.so.6	__backtrace_symbols_fd	GLIBC_2.2.5	4	stub	-	-	absent from runtime export surface
libc.so.6	__bsd_getpgrp	GLIBC_2.2.5	4	stub	-	-	absent from runtime export surface
libc.so.6	__bzero	GLIBC_2.2.5	1	forward-alias	bzero	-	reserved-name alias of runtime export bzero
libc.so.6	__call_tls_dtors	GLIBC_PRIVATE	4	stub	-	-	absent from runtime export surface
libc.so.6	__check_rhosts_file	GLIBC_2.2.5	2	forward-same	__check_rhosts_file	-	runtime exports the same name
libc.so.6	__chk_fail	GLIBC_2.3.4	2	forward-same	__chk_fail	-	runtime exports the same name
libc.so.6	__clock_gettime	GLIBC_PRIVATE	1	forward-alias	clock_gettime	-	reserved-name alias of runtime export clock_gettime
libc.so.6	__clone	GLIBC_2.2.5	4	stub	-	-	absent from runtime export surface
libc.so.6	__close	GLIBC_2.2.5	1	forward-alias	close	-	reserved-name alias of runtime export close
libc.so.6	__close_nocancel	GLIBC_PRIVATE	4	stub	-	-	absent from runtime export surface
libc.so.6	__cmsg_nxthdr	GLIBC_2.2.5	4	stub	-	-	absent from runtime export surface
libc.so.6	__confstr_chk	GLIBC_2.4	3	shim	confstr	review	FORTIFY _chk variant; shim over confstr
libc.so.6	__connect	GLIBC_2.2.5	1	forward-alias	connect	-	reserved-name alias of runtime export connect
libc.so.6	__copy_grp	GLIBC_PRIVATE	4	stub	-	-	absent from runtime export surface
libc.so.6	__ctype32_b	GLIBC_2.2.5	4	stub	-	-	absent from runtime export surface
libc.so.6	__ctype32_tolower	GLIBC_2.2.5	4	stub	-	-	absent from runtime export surface
libc.so.6	__ctype32_toupper	GLIBC_2.2.5	4	stub	-	-	absent from runtime export surface
libc.so.6	__ctype_b	GLIBC_2.2.5	4	stub	-	-	absent from runtime export surface
libc.so.6	__ctype_b_loc	GLIBC_2.3	4	stub	-	-	absent from runtime export surface
libc.so.6	__ctype_get_mb_cur_max	GLIBC_2.2.5	4	stub	-	-	absent from runtime export surface
libc.so.6	__ctype_init	GLIBC_PRIVATE	4	stub	-	-	absent from runtime export surface
libc.so.6	__ctype_tolower	GLIBC_2.2.5	4	stub	-	-	absent from runtime export surface
libc.so.6	__ctype_tolower_loc	GLIBC_2.3	4	stub	-	-	absent from runtime export surface
libc.so.6	__ctype_toupper	GLIBC_2.2.5	4	stub	-	-	absent from runtime export surface
libc.so.6	__ctype_toupper_loc	GLIBC_2.3	4	stub	-	-	absent from runtime export surface
libc.so.6	__curbrk	GLIBC_2.2.5	4	stub	-	-	absent from runtime export surface
libc.so.6	__cxa_at_quick_exit	GLIBC_2.10	4	stub	-	-	absent from runtime export surface
libc.so.6	__cxa_atexit	GLIBC_2.2.5	2	forward-same	__cxa_atexit	-	runtime exports the same name
libc.so.6	__cxa_finalize	GLIBC_2.2.5	2	forward-same	__cxa_finalize	-	runtime exports the same name
libc.so.6	__cxa_thread_atexit_impl	GLIBC_2.18	4	stub	-	-	absent from runtime export surface
libc.so.6	__cyg_profile_func_enter	GLIBC_2.2.5	4	stub	-	-	absent from runtime export surface
libc.so.6	__cyg_profile_func_exit	GLIBC_2.2.5	4	stub	-	-	absent from runtime export surface
libc.so.6	__daylight	GLIBC_2.2.5	4	stub	-	-	absent from runtime export surface
libc.so.6	__dcgettext	GLIBC_2.2.5	4	stub	-	-	absent from runtime export surface
libc.so.6	__default_morecore	GLIBC_2.2.5	4	stub	-	-	absent from runtime export surface
libc.so.6	__dgettext	GLIBC_2.2.5	4	stub	-	-	absent from runtime export surface
libc.so.6	__dprintf_chk	GLIBC_2.8	3	shim	dprintf	review	FORTIFY _chk variant; shim over dprintf
libc.so.6	__dup2	GLIBC_2.2.5	1	forward-alias	dup2	-	reserved-name alias of runtime export dup2
libc.so.6	__duplocale	GLIBC_2.2.5	1	forward-alias	duplocale	-	reserved-name alias of runtime export duplocale
libc.so.6	__endmntent	GLIBC_2.2.5	1	forward-alias	endmntent	-	reserved-name alias of runtime export endmntent
libc.so.6	__environ	GLIBC_2.2.5	1	forward-alias	environ	-	reserved-name alias of runtime export environ
libc.so.6	__errno_location	GLIBC_2.2.5	3	shim	-	review	errno numeric values differ; translated pointer shim over cygwin __errno
libc.so.6	__explicit_bzero_chk	GLIBC_2.25	3	shim	explicit_bzero	review	FORTIFY _chk variant; shim over explicit_bzero
libc.so.6	__fbufsize	GLIBC_2.2.5	2	forward-same	__fbufsize	-	runtime exports the same name
libc.so.6	__fcntl	GLIBC_2.2.5	1	forward-alias	fcntl	-	reserved-name alias of runtime export fcntl
libc.so.6	__fdelt_chk	GLIBC_2.15	4	stub	-	-	FORTIFY _chk variant; base fdelt also absent
libc.so.6	__fdelt_warn	GLIBC_2.15	4	stub	-	-	absent from runtime export surface
libc.so.6	__fentry__	GLIBC_2.13	4	stub	-	-	absent from runtime export surface
libc.so.6	__ffs	GLIBC_2.2.5	1	forward-alias	ffs	-	reserved-name alias of runtime export ffs
libc.so.6	__fgets_chk	GLIBC_2.4	3	shim	fgets	review	FORTIFY _chk variant; shim over fgets
libc.so.6	__fgets_unlocked_chk	GLIBC_2.4	3	shim	fgets_unlocked	review	FORTIFY _chk variant; shim over fgets_unlocked
libc.so.6	__fgetws_chk	GLIBC_2.4	3	shim	fgetws	review	FORTIFY _chk variant; shim over fgetws
libc.so.6	__fgetws_unlocked_chk	GLIBC_2.4	3	shim	fgetws_unlocked	review	FORTIFY _chk variant; shim over fgetws_unlocked
libc.so.6	__file_change_detection_for_fp	GLIBC_PRIVATE	4	stub	-	-	absent from runtime export surface
libc.so.6	__file_change_detection_for_path	GLIBC_PRIVATE	4	stub	-	-	absent from runtime export surface
libc.so.6	__file_change_detection_for_stat	GLIBC_PRIVATE	4	stub	-	-	absent from runtime export surface
libc.so.6	__file_is_unchanged	GLIBC_PRIVATE	4	stub	-	-	absent from runtime export surface
libc.so.6	__finite	GLIBC_2.2.5	1	forward-alias	finite	-	reserved-name alias of runtime export finite
libc.so.6	__finitef	GLIBC_2.2.5	1	forward-alias	finitef	-	reserved-name alias of runtime export finitef
libc.so.6	__finitel	GLIBC_2.2.5	1	forward-alias	finitel	-	reserved-name alias of runtime export finitel
libc.so.6	__flbf	GLIBC_2.2.5	2	forward-same	__flbf	-	runtime exports the same name
libc.so.6	__fork	GLIBC_2.2.5	1	forward-alias	fork	-	reserved-name alias of runtime export fork
libc.so.6	__fortify_fail	GLIBC_PRIVATE	4	stub	-	-	absent from runtime export surface
libc.so.6	__fpending	GLIBC_2.2.5	2	forward-same	__fpending	-	runtime exports the same name
libc.so.6	__fprintf_chk	GLIBC_2.3.4	3	shim	fprintf	review	FORTIFY _chk variant; shim over fprintf
libc.so.6	__fpu_control	GLIBC_2.2.5	4	stub	-	-	absent from runtime export surface
libc.so.6	__fpurge	GLIBC_2.2.5	2	forward-same	__fpurge	-	runtime exports the same name
libc.so.6	__fread_chk	GLIBC_2.7	3	shim	fread	review	FORTIFY _chk variant; shim over fread
libc.so.6	__fread_unlocked_chk	GLIBC_2.7	3	shim	fread_unlocked	review	FORTIFY _chk variant; shim over fread_unlocked
libc.so.6	__freadable	GLIBC_2.2.5	2	forward-same	__freadable	-	runtime exports the same name
libc.so.6	__freading	GLIBC_2.2.5	2	forward-same	__freading	-	runtime exports the same name
libc.so.6	__free_hook	GLIBC_2.2.5	4	stub	-	-	absent from runtime export surface
libc.so.6	__freelocale	GLIBC_2.2.5	1	forward-alias	freelocale	-	reserved-name alias of runtime export freelocale
libc.so.6	__fseeko64	GLIBC_PRIVATE	1	forward-alias	fseeko	-	LFS 64-bit variant; on LP64 aliases fseeko
libc.so.6	__fsetlocking	GLIBC_2.2.5	2	forward-same	__fsetlocking	-	runtime exports the same name
libc.so.6	__ftello64	GLIBC_PRIVATE	1	forward-alias	ftello	-	LFS 64-bit variant; on LP64 aliases ftello
libc.so.6	__fwprintf_chk	GLIBC_2.4	3	shim	fwprintf	review	FORTIFY _chk variant; shim over fwprintf
libc.so.6	__fwritable	GLIBC_2.2.5	2	forward-same	__fwritable	-	runtime exports the same name
libc.so.6	__fwriting	GLIBC_2.2.5	2	forward-same	__fwriting	-	runtime exports the same name
libc.so.6	__fxstat	GLIBC_2.2.5	3	shim	-	review	struct stat layout differs; shim over cygwin fstat
libc.so.6	__fxstat64	GLIBC_2.2.5	3	shim	-	review	struct stat layout differs; shim over cygwin fstat
libc.so.6	__fxstatat	GLIBC_2.4	3	shim	-	review	struct stat layout differs; shim over cygwin fstatat
libc.so.6	__fxstatat64	GLIBC_2.4	3	shim	-	review	struct stat layout differs; shim over cygwin fstatat
libc.so.6	__gai_sigqueue	GLIBC_PRIVATE	4	stub	-	-	absent from runtime export surface
libc.so.6	__gconv_create_spec	GLIBC_PRIVATE	4	stub	-	-	absent from runtime export surface
libc.so.6	__gconv_destroy_spec	GLIBC_PRIVATE	4	stub	-	-	absent from runtime export surface
libc.so.6	__gconv_get_alias_db	GLIBC_PRIVATE	4	stub	-	-	absent from runtime export surface
libc.so.6	__gconv_get_cache	GLIBC_PRIVATE	4	stub	-	-	absent from runtime export surface
libc.so.6	__gconv_get_modules_db	GLIBC_PRIVATE	4	stub	-	-	absent from runtime export surface
libc.so.6	__gconv_open	GLIBC_PRIVATE	4	stub	-	-	absent from runtime export surface
libc.so.6	__gconv_transliterate	GLIBC_PRIVATE	4	stub	-	-	absent from runtime export surface
libc.so.6	__getauxval	GLIBC_2.16	4	stub	-	-	absent from runtime export surface
libc.so.6	__getcwd_chk	GLIBC_2.4	3	shim	getcwd	review	FORTIFY _chk variant; shim over getcwd
libc.so.6	__getdelim	GLIBC_2.2.5	1	forward-alias	getdelim	-	reserved-name alias of runtime export getdelim
libc.so.6	__getdomainname_chk	GLIBC_2.4	3	shim	getdomainname	review	FORTIFY _chk variant; shim over getdomainname
libc.so.6	__getgroups_chk	GLIBC_2.4	3	shim	getgroups	review	FORTIFY _chk variant; shim over getgroups
libc.so.6	__gethostname_chk	GLIBC_2.4	3	shim	gethostname	review	FORTIFY _chk variant; shim over gethostname
libc.so.6	__getlogin_r_chk	GLIBC_2.4	3	shim	getlogin_r	review	FORTIFY _chk variant; shim over getlogin_r
libc.so.6	__getmntent_r	GLIBC_2.2.5	1	forward-alias	getmntent_r	-	reserved-name alias of runtime export getmntent_r
libc.so.6	__getpagesize	GLIBC_2.2.5	2	forward-same	__getpagesize	-	runtime exports the same name
libc.so.6	__getpgid	GLIBC_2.2.5	1	forward-alias	getpgid	-	reserved-name alias of runtime export getpgid
libc.so.6	__getpid	GLIBC_2.2.5	1	forward-alias	getpid	-	reserved-name alias of runtime export getpid
libc.so.6	__getrlimit	GLIBC_PRIVATE	1	forward-alias	getrlimit	-	reserved-name alias of runtime export getrlimit
libc.so.6	__gets_chk	GLIBC_2.3.4	2	forward-same	__gets_chk	-	runtime exports the same name
libc.so.6	__gettimeofday	GLIBC_2.2.5	1	forward-alias	gettimeofday	-	reserved-name alias of runtime export gettimeofday
libc.so.6	__getwd_chk	GLIBC_2.4	3	shim	getwd	review	FORTIFY _chk variant; shim over getwd
libc.so.6	__gmtime_r	GLIBC_2.2.5	1	forward-alias	gmtime_r	-	reserved-name alias of runtime export gmtime_r
libc.so.6	__h_errno	GLIBC_PRIVATE	1	forward-alias	h_errno	-	reserved-name alias of runtime export h_errno
libc.so.6	__h_errno_location	GLIBC_2.2.5	4	stub	-	-	absent from runtime export surface
libc.so.6	__idna_from_dns_encoding	GLIBC_PRIVATE	4	stub	-	-	absent from runtime export surface
libc.so.6	__idna_to_dns_encoding	GLIBC_PRIVATE	4	stub	-	-	absent from runtime export surface
libc.so.6	__inet6_scopeid_pton	GLIBC_PRIVATE	4	stub	-	-	absent from runtime export surface
libc.so.6	__inet_aton_exact	GLIBC_PRIVATE	4	stub	-	-	absent from runtime export surface
libc.so.6	__inet_pton_length	GLIBC_PRIVATE	4	stub	-	-	absent from runtime export surface
libc.so.6	__internal_endnetgrent	GLIBC_PRIVATE	4	stub	-	-	absent from runtime export surface
libc.so.6	__internal_getnetgrent_r	GLIBC_PRIVATE	4	stub	-	-	absent from runtime export surface
libc.so.6	__internal_setnetgrent	GLIBC_PRIVATE	4	stub	-	-	absent from runtime export surface
libc.so.6	__isalnum_l	GLIBC_2.2.5	1	forward-alias	isalnum_l	-	reserved-name alias of runtime export isalnum_l
libc.so.6	__isalpha_l	GLIBC_2.2.5	1	forward-alias	isalpha_l	-	reserved-name alias of runtime export isalpha_l
libc.so.6	__isascii_l	GLIBC_2.2.5	1	forward-alias	isascii_l	-	reserved-name alias of runtime export isascii_l
libc.so.6	__isblank_l	GLIBC_2.2.5	1	forward-alias	isblank_l	-	reserved-name alias of runtime export isblank_l
libc.so.6	__iscntrl_l	GLIBC_2.2.5	1	forward-alias	iscntrl_l	-	reserved-name alias of runtime export iscntrl_l
libc.so.6	__isctype	GLIBC_2.3	4	stub	-	-	absent from runtime export surface
libc.so.6	__isdigit_l	GLIBC_2.2.5	1	forward-alias	isdigit_l	-	reserved-name alias of runtime export isdigit_l
libc.so.6	__isgraph_l	GLIBC_2.2.5	1	forward-alias	isgraph_l	-	reserved-name alias of runtime export isgraph_l
libc.so.6	__isinf	GLIBC_2.2.5	1	forward-alias	isinf	-	reserved-name alias of runtime export isinf
libc.so.6	__isinff	GLIBC_2.2.5	2	forward-same	__isinff	-	runtime exports the same name
libc.so.6	__isinfl	GLIBC_2.2.5	1	forward-alias	isinfl	-	reserved-name alias of runtime export isinfl
libc.so.6	__islower_l	GLIBC_2.2.5	1	forward-alias	islower_l	-	reserved-name alias of runtime export islower_l
libc.so.6	__isnan	GLIBC_2.2.5	1	forward-alias	isnan	-	reserved-name alias of runtime export isnan
libc.so.6	__isnanf	GLIBC_2.2.5	2	forward-same	__isnanf	-	runtime exports the same name
libc.so.6	__isnanl	GLIBC_2.2.5	1	forward-alias	isnanl	-	reserved-name alias of runtime export isnanl
libc.so.6	__isoc99_fscanf	GLIBC_2.7	4	stub	-	-	absent from runtime export surface
libc.so.6	__isoc99_fwscanf	GLIBC_2.7	4	stub	-	-	absent from runtime export surface
libc.so.6	__isoc99_scanf	GLIBC_2.7	4	stub	-	-	absent from runtime export surface
libc.so.6	__isoc99_sscanf	GLIBC_2.7	4	stub	-	-	absent from runtime export surface
libc.so.6	__isoc99_swscanf	GLIBC_2.7	4	stub	-	-	absent from runtime export surface
libc.so.6	__isoc99_vfscanf	GLIBC_2.7	4	stub	-	-	absent from runtime export surface
libc.so.6	__isoc99_vfwscanf	GLIBC_2.7	4	stub	-	-	absent from runtime export surface
libc.so.6	__isoc99_vscanf	GLIBC_2.7	4	stub	-	-	absent from runtime export surface
libc.so.6	__isoc99_vsscanf	GLIBC_2.7	4	stub	-	-	absent from runtime export surface
libc.so.6	__isoc99_vswscanf	GLIBC_2.7	4	stub	-	-	absent from runtime export surface
libc.so.6	__isoc99_vwscanf	GLIBC_2.7	4	stub	-	-	absent from runtime export surface
libc.so.6	__isoc99_wscanf	GLIBC_2.7	4	stub	-	-	absent from runtime export surface
libc.so.6	__isprint_l	GLIBC_2.2.5	1	forward-alias	isprint_l	-	reserved-name alias of runtime export isprint_l
libc.so.6	__ispunct_l	GLIBC_2.2.5	1	forward-alias	ispunct_l	-	reserved-name alias of runtime export ispunct_l
libc.so.6	__isspace_l	GLIBC_2.2.5	1	forward-alias	isspace_l	-	reserved-name alias of runtime export isspace_l
libc.so.6	__isupper_l	GLIBC_2.2.5	1	forward-alias	isupper_l	-	reserved-name alias of runtime export isupper_l
libc.so.6	__iswalnum_l	GLIBC_2.2.5	1	forward-alias	iswalnum_l	-	reserved-name alias of runtime export iswalnum_l
libc.so.6	__iswalpha_l	GLIBC_2.2.5	1	forward-alias	iswalpha_l	-	reserved-name alias of runtime export iswalpha_l
libc.so.6	__iswblank_l	GLIBC_2.2.5	1	forward-alias	iswblank_l	-	reserved-name alias of runtime export iswblank_l
libc.so.6	__iswcntrl_l	GLIBC_2.2.5	1	forward-alias	iswcntrl_l	-	reserved-name alias of runtime export iswcntrl_l
libc.so.6	__iswctype	GLIBC_2.2.5	1	forward-alias	iswctype	-	reserved-name alias of runtime export iswctype
libc.so.6	__iswctype_l	GLIBC_2.2.5	1	forward-alias	iswctype_l	-	reserved-name alias of runtime export iswctype_l
libc.so.6	__iswdigit_l	GLIBC_2.2.5	1	forward-alias	iswdigit_l	-	reserved-name alias of runtime export iswdigit_l
libc.so.6	__iswgraph_l	GLIBC_2.2.5	1	forward-alias	iswgraph_l	-	reserved-name alias of runtime export iswgraph_l
libc.so.6	__iswlower_l	GLIBC_2.2.5	1	forward-alias	iswlower_l	-	reserved-name alias of runtime export iswlower_l
libc.so.6	__iswprint_l	GLIBC_2.2.5	1	forward-alias	iswprint_l	-	reserved-name alias of runtime export iswprint_l
libc.so.6	__iswpunct_l	GLIBC_2.2.5	1	forward-alias	iswpunct_l	-	reserved-name alias of runtime export iswpunct_l
libc.so.6	__iswspace_l	GLIBC_2.2.5	1	forward-alias	iswspace_l	-	reserved-name alias of runtime export iswspace_l
libc.so.6	__iswupper_l	GLIBC_2.2.5	1	forward-alias	iswupper_l	-	reserved-name alias of runtime export iswupper_l
libc.so.6	__iswxdigit_l	GLIBC_2.2.5	1	forward-alias	iswxdigit_l	-	reserved-name alias of runtime export iswxdigit_l
libc.so.6	__isxdigit_l	GLIBC_2.2.5	1	forward-alias	isxdigit_l	-	reserved-name alias of runtime export isxdigit_l
libc.so.6	__ivaliduser	GLIBC_2.2.5	4	stub	-	-	absent from runtime export surface
libc.so.6	__key_decryptsession_pk_LOCAL	GLIBC_2.2.5	4	stub	-	-	absent from runtime export surface
libc.so.6	__key_encryptsession_pk_LOCAL	GLIBC_2.2.5	4	stub	-	-	absent from runtime export surface
libc.so.6	__key_gendes_LOCAL	GLIBC_2.2.5	4	stub	-	-	absent from runtime export surface
libc.so.6	__libc_alloc_buffer_alloc_array	GLIBC_PRIVATE	4	stub	-	-	absent from runtime export surface
libc.so.6	__libc_alloc_buffer_allocate	GLIBC_PRIVATE	4	stub	-	-	absent from runtime export surface
libc.so.6	__libc_alloc_buffer_copy_bytes	GLIBC_PRIVATE	4	stub	-	-	absent from runtime export surface
libc.so.6	__libc_alloc_buffer_copy_string	GLIBC_PRIVATE	4	stub	-	-	absent from runtime export surface
libc.so.6	__libc_alloc_buffer_create_failure	GLIBC_PRIVATE	4	stub	-	-	absent from runtime export surface
libc.so.6	__libc_alloca_cutoff	GLIBC_PRIVATE	4	stub	-	-	absent from runtime export surface
libc.so.6	__libc_allocate_once_slow	GLIBC_PRIVATE	4	stub	-	-	absent from runtime export surface
libc.so.6	__libc_allocate_rtsig	GLIBC_2.2.5	4	stub	-	-	absent from runtime export surface
libc.so.6	__libc_allocate_rtsig_private	GLIBC_PRIVATE	4	stub	-	-	absent from runtime export surface
libc.so.6	__libc_calloc	GLIBC_2.2.5	4	stub	-	-	absent from runtime export surface
libc.so.6	__libc_clntudp_bufcreate	GLIBC_PRIVATE	4	stub	-	-	absent from runtime export surface
libc.so.6	__libc_current_sigrtmax	GLIBC_2.2.5	4	stub	-	-	absent from runtime export surface
libc.so.6	__libc_current_sigrtmax_private	GLIBC_PRIVATE	4	stub	-	-	absent from runtime export surface
libc.so.6	__libc_current_sigrtmin	GLIBC_2.2.5	4	stub	-	-	absent from runtime export surface
libc.so.6	__libc_current_sigrtmin_private	GLIBC_PRIVATE	4	stub	-	-	absent from runtime export surface
libc.so.6	__libc_dlclose	GLIBC_PRIVATE	4	stub	-	-	absent from runtime export surface
libc.so.6	__libc_dlerror_result	GLIBC_PRIVATE	4	stub	-	-	absent from runtime export surface
libc.so.6	__libc_dlopen_mode	GLIBC_PRIVATE	4	stub	-	-	absent from runtime export surface
libc.so.6	__libc_dlsym	GLIBC_PRIVATE	4	stub	-	-	absent from runtime export surface
libc.so.6	__libc_dlvsym	GLIBC_PRIVATE	4	stub	-	-	absent from runtime export surface
libc.so.6	__libc_dynarray_at_failure	GLIBC_PRIVATE	4	stub	-	-	absent from runtime export surface
libc.so.6	__libc_dynarray_emplace_enlarge	GLIBC_PRIVATE	4	stub	-	-	absent from runtime export surface
libc.so.6	__libc_dynarray_finalize	GLIBC_PRIVATE	4	stub	-	-	absent from runtime export surface
libc.so.6	__libc_dynarray_resize	GLIBC_PRIVATE	4	stub	-	-	absent from runtime export surface
libc.so.6	__libc_dynarray_resize_clear	GLIBC_PRIVATE	4	stub	-	-	absent from runtime export surface
libc.so.6	__libc_early_init	GLIBC_PRIVATE	4	stub	-	-	absent from runtime export surface
libc.so.6	__libc_fatal	GLIBC_PRIVATE	4	stub	-	-	absent from runtime export surface
libc.so.6	__libc_fcntl64	GLIBC_PRIVATE	4	stub	-	-	absent from runtime export surface
libc.so.6	__libc_fork	GLIBC_PRIVATE	4	stub	-	-	absent from runtime export surface
libc.so.6	__libc_free	GLIBC_2.2.5	4	stub	-	-	absent from runtime export surface
libc.so.6	__libc_freeres	GLIBC_2.2.5	4	stub	-	-	absent from runtime export surface
libc.so.6	__libc_ifunc_impl_list	GLIBC_PRIVATE	4	stub	-	-	absent from runtime export surface
libc.so.6	__libc_init_first	GLIBC_2.2.5	4	stub	-	-	absent from runtime export surface
libc.so.6	__libc_longjmp	GLIBC_PRIVATE	4	stub	-	-	absent from runtime export surface
libc.so.6	__libc_mallinfo	GLIBC_2.2.5	4	stub	-	-	absent from runtime export surface
libc.so.6	__libc_malloc	GLIBC_2.2.5	4	stub	-	-	absent from runtime export surface
libc.so.6	__libc_mallopt	GLIBC_2.2.5	4	stub	-	-	absent from runtime export surface
libc.so.6	__libc_memalign	GLIBC_2.2.5	4	stub	-	-	absent from runtime export surface
libc.so.6	__libc_msgrcv	GLIBC_PRIVATE	4	stub	-	-	absent from runtime export surface
libc.so.6	__libc_msgsnd	GLIBC_PRIVATE	4	stub	-	-	absent from runtime export surface
libc.so.6	__libc_pread	GLIBC_PRIVATE	4	stub	-	-	absent from runtime export surface
libc.so.6	__libc_pthread_init	GLIBC_PRIVATE	4	stub	-	-	absent from runtime export surface
libc.so.6	__libc_pvalloc	GLIBC_2.2.5	4	stub	-	-	absent from runtime export surface
libc.so.6	__libc_pwrite	GLIBC_PRIVATE	4	stub	-	-	absent from runtime export surface
libc.so.6	__libc_realloc	GLIBC_2.2.5	4	stub	-	-	absent from runtime export surface
libc.so.6	__libc_reallocarray	GLIBC_PRIVATE	4	stub	-	-	absent from runtime export surface
libc.so.6	__libc_rpc_getport	GLIBC_PRIVATE	4	stub	-	-	absent from runtime export surface
libc.so.6	__libc_sa_len	GLIBC_2.2.5	4	stub	-	-	absent from runtime export surface
libc.so.6	__libc_scratch_buffer_grow	GLIBC_PRIVATE	4	stub	-	-	absent from runtime export surface
libc.so.6	__libc_scratch_buffer_grow_preserve	GLIBC_PRIVATE	4	stub	-	-	absent from runtime export surface
libc.so.6	__libc_scratch_buffer_set_array_size	GLIBC_PRIVATE	4	stub	-	-	absent from runtime export surface
libc.so.6	__libc_secure_getenv	GLIBC_PRIVATE	4	stub	-	-	absent from runtime export surface
libc.so.6	__libc_siglongjmp	GLIBC_PRIVATE	4	stub	-	-	absent from runtime export surface
libc.so.6	__libc_start_main	GLIBC_2.2.5	4	stub	-	-	absent from runtime export surface
libc.so.6	__libc_system	GLIBC_PRIVATE	4	stub	-	-	absent from runtime export surface
libc.so.6	__libc_thread_freeres	GLIBC_PRIVATE	4	stub	-	-	absent from runtime export surface
libc.so.6	__libc_valloc	GLIBC_2.2.5	4	stub	-	-	absent from runtime export surface
libc.so.6	__longjmp_chk	GLIBC_2.11	3	shim	longjmp	review	FORTIFY _chk variant; shim over longjmp
libc.so.6	__lseek	GLIBC_2.2.5	1	forward-alias	lseek	-	reserved-name alias of runtime export lseek
libc.so.6	__lxstat	GLIBC_2.2.5	3	shim	-	review	struct stat layout differs; shim over cygwin lstat
libc.so.6	__lxstat64	GLIBC_2.2.5	3	shim	-	review	struct stat layout differs; shim over cygwin lstat
libc.so.6	__madvise	GLIBC_PRIVATE	1	forward-alias	madvise	-	reserved-name alias of runtime export madvise
libc.so.6	__malloc_hook	GLIBC_2.2.5	4	stub	-	-	absent from runtime export surface
libc.so.6	__malloc_initialize_hook	GLIBC_2.2.5	4	stub	-	-	absent from runtime export surface
libc.so.6	__mbrlen	GLIBC_2.2.5	1	forward-alias	mbrlen	-	reserved-name alias of runtime export mbrlen
libc.so.6	__mbrtowc	GLIBC_2.2.5	1	forward-alias	mbrtowc	-	reserved-name alias of runtime export mbrtowc
libc.so.6	__mbsnrtowcs_chk	GLIBC_2.4	3	shim	mbsnrtowcs	review	FORTIFY _chk variant; shim over mbsnrtowcs
libc.so.6	__mbsrtowcs_chk	GLIBC_2.4	3	shim	mbsrtowcs	review	FORTIFY _chk variant; shim over mbsrtowcs
libc.so.6	__mbstowcs_chk	GLIBC_2.4	3	shim	mbstowcs	review	FORTIFY _chk variant; shim over mbstowcs
libc.so.6	__memalign_hook	GLIBC_2.2.5	4	stub	-	-	absent from runtime export surface
libc.so.6	__memcpy_chk	GLIBC_2.3.4	2	forward-same	__memcpy_chk	-	runtime exports the same name
libc.so.6	__memmove_chk	GLIBC_2.3.4	2	forward-same	__memmove_chk	-	runtime exports the same name
libc.so.6	__mempcpy	GLIBC_2.2.5	2	forward-same	__mempcpy	-	runtime exports the same name
libc.so.6	__mempcpy_chk	GLIBC_2.3.4	2	forward-same	__mempcpy_chk	-	runtime exports the same name
libc.so.6	__mempcpy_small	GLIBC_2.2.5	4	stub	-	-	absent from runtime export surface
libc.so.6	__memset_chk	GLIBC_2.3.4	2	forward-same	__memset_chk	-	runtime exports the same name
libc.so.6	__merge_grp	GLIBC_PRIVATE	4	stub	-	-	absent from runtime export surface
libc.so.6	__mktemp	GLIBC_PRIVATE	1	forward-alias	mktemp	-	reserved-name alias of runtime export mktemp
libc.so.6	__mmap	GLIBC_PRIVATE	1	forward-alias	mmap	-	reserved-name alias of runtime export mmap
libc.so.6	__monstartup	GLIBC_2.2.5	4	stub	-	-	absent from runtime export surface
libc.so.6	__morecore	GLIBC_2.2.5	4	stub	-	-	absent from runtime export surface
libc.so.6	__mprotect	GLIBC_PRIVATE	1	forward-alias	mprotect	-	reserved-name alias of runtime export mprotect
libc.so.6	__munmap	GLIBC_PRIVATE	1	forward-alias	munmap	-	reserved-name alias of runtime export munmap
libc.so.6	__nanosleep	GLIBC_2.2.6	1	forward-alias	nanosleep	-	reserved-name alias of runtime export nanosleep
libc.so.6	__nanosleep_nocancel	GLIBC_PRIVATE	4	stub	-	-	absent from runtime export surface
libc.so.6	__netlink_assert_response	GLIBC_PRIVATE	4	stub	-	-	absent from runtime export surface
libc.so.6	__newlocale	GLIBC_2.2.5	1	forward-alias	newlocale	-	reserved-name alias of runtime export newlocale
libc.so.6	__nl_langinfo_l	GLIBC_2.2.5	1	forward-alias	nl_langinfo_l	-	reserved-name alias of runtime export nl_langinfo_l
libc.so.6	__nss_configure_lookup	GLIBC_2.2.5	4	stub	-	-	absent from runtime export surface
libc.so.6	__nss_database_lookup	GLIBC_2.2.5	4	stub	-	-	absent from runtime export surface
libc.so.6	__nss_database_lookup2	GLIBC_PRIVATE	4	stub	-	-	absent from runtime export surface
libc.so.6	__nss_disable_nscd	GLIBC_PRIVATE	4	stub	-	-	absent from runtime export surface
libc.so.6	__nss_files_fopen	GLIBC_PRIVATE	4	stub	-	-	absent from runtime export surface
libc.so.6	__nss_group_lookup	GLIBC_2.2.5	4	stub	-	-	absent from runtime export surface
libc.so.6	__nss_group_lookup2	GLIBC_PRIVATE	4	stub	-	-	absent from runtime export surface
libc.so.6	__nss_hash	GLIBC_PRIVATE	4	stub	-	-	absent from runtime export surface
libc.so.6	__nss_hostname_digits_dots	GLIBC_2.2.5	4	stub	-	-	absent from runtime export surface
libc.so.6	__nss_hosts_lookup	GLIBC_2.2.5	4	stub	-	-	absent from runtime export surface
libc.so.6	__nss_hosts_lookup2	GLIBC_PRIVATE	4	stub	-	-	absent from runtime export surface
libc.so.6	__nss_lookup	GLIBC_PRIVATE	4	stub	-	-	absent from runtime export surface
libc.so.6	__nss_lookup_function	GLIBC_PRIVATE	4	stub	-	-	absent from runtime export surface
libc.so.6	__nss_next	GLIBC_2.2.5	4	stub	-	-	absent from runtime export surface
libc.so.6	__nss_next2	GLIBC_PRIVATE	4	stub	-	-	absent from runtime export surface
libc.so.6	__nss_parse_line_result	GLIBC_PRIVATE	4	stub	-	-	absent from runtime export surface
libc.so.6	__nss_passwd_lookup	GLIBC_2.2.5	4	stub	-	-	absent from runtime export surface
libc.so.6	__nss_passwd_lookup2	GLIBC_PRIVATE	4	stub	-	-	absent from runtime export surface
libc.so.6	__nss_readline	GLIBC_PRIVATE	4	stub	-	-	absent from runtime export surface
libc.so.6	__nss_services_lookup2	GLIBC_PRIVATE	4	stub	-	-	absent from runtime export surface
libc.so.6	__obstack_printf_chk	GLIBC_2.8	4	stub	-	-	FORTIFY _chk variant; base obstack_printf also absent
libc.so.6	__obstack_vprintf_chk	GLIBC_2.8	4	stub	-	-	FORTIFY _chk variant; base obstack_vprintf also absent
libc.so.6	__open	GLIBC_2.2.5	1	forward-alias	open	-	reserved-name alias of runtime export open
libc.so.6	__open64	GLIBC_2.2.5	1	forward-alias	open	-	LFS 64-bit variant; on LP64 aliases open
libc.so.6	__open64_2	GLIBC_2.7	4	stub	-	-	absent from runtime export surface
libc.so.6	__open64_nocancel	GLIBC_PRIVATE	4	stub	-	-	absent from runtime export surface
libc.so.6	__open_2	GLIBC_2.7	4	stub	-	-	absent from runtime export surface
libc.so.6	__open_catalog	GLIBC_PRIVATE	4	stub	-	-	absent from runtime export surface
libc.so.6	__open_nocancel	GLIBC_PRIVATE	4	stub	-	-	absent from runtime export surface
libc.so.6	__openat64_2	GLIBC_2.7	4	stub	-	-	absent from runtime export surface
libc.so.6	__openat_2	GLIBC_2.7	4	stub	-	-	absent from runtime export surface
libc.so.6	__overflow	GLIBC_2.2.5	4	stub	-	-	absent from runtime export surface
libc.so.6	__pause_nocancel	GLIBC_PRIVATE	4	stub	-	-	absent from runtime export surface
libc.so.6	__pipe	GLIBC_2.2.5	1	forward-alias	pipe	-	reserved-name alias of runtime export pipe
libc.so.6	__poll	GLIBC_2.2.5	1	forward-alias	poll	-	reserved-name alias of runtime export poll
libc.so.6	__poll_chk	GLIBC_2.16	3	shim	poll	review	FORTIFY _chk variant; shim over poll
libc.so.6	__posix_getopt	GLIBC_2.10	4	stub	-	-	absent from runtime export surface
libc.so.6	__ppoll_chk	GLIBC_2.16	3	shim	ppoll	review	FORTIFY _chk variant; shim over ppoll
libc.so.6	__pread64	GLIBC_2.2.5	1	forward-alias	pread	-	LFS 64-bit variant; on LP64 aliases pread
libc.so.6	__pread64_chk	GLIBC_2.4	4	stub	-	-	FORTIFY _chk variant; base pread64 also absent
libc.so.6	__pread64_nocancel	GLIBC_PRIVATE	4	stub	-	-	absent from runtime export surface
libc.so.6	__pread_chk	GLIBC_2.4	3	shim	pread	review	FORTIFY _chk variant; shim over pread
libc.so.6	__printf_chk	GLIBC_2.3.4	3	shim	printf	review	FORTIFY _chk variant; shim over printf
libc.so.6	__printf_fp	GLIBC_2.2.5	4	stub	-	-	absent from runtime export surface
libc.so.6	__profile_frequency	GLIBC_2.2.5	4	stub	-	-	absent from runtime export surface
libc.so.6	__progname	GLIBC_2.2.5	2	forward-same	__progname	-	runtime exports the same name
libc.so.6	__progname_full	GLIBC_2.2.5	4	stub	-	-	absent from runtime export surface
libc.so.6	__ptsname_r_chk	GLIBC_2.4	3	shim	ptsname_r	review	FORTIFY _chk variant; shim over ptsname_r
libc.so.6	__pwrite64	GLIBC_2.2.5	1	forward-alias	pwrite	-	LFS 64-bit variant; on LP64 aliases pwrite
libc.so.6	__rawmemchr	GLIBC_2.2.5	1	forward-alias	rawmemchr	-	reserved-name alias of runtime export rawmemchr
libc.so.6	__rcmd_errstr	GLIBC_2.2.5	2	forward-same	__rcmd_errstr	-	runtime exports the same name
libc.so.6	__read	GLIBC_2.2.5	1	forward-alias	read	-	reserved-name alias of runtime export read
libc.so.6	__read_chk	GLIBC_2.4	3	shim	read	review	FORTIFY _chk variant; shim over read
libc.so.6	__read_nocancel	GLIBC_PRIVATE	4	stub	-	-	absent from runtime export surface
libc.so.6	__readlink_chk	GLIBC_2.4	3	shim	readlink	review	FORTIFY _chk variant; shim over readlink
libc.so.6	__readlinkat_chk	GLIBC_2.5	3	shim	readlinkat	review	FORTIFY _chk variant; shim over readlinkat
libc.so.6	__realloc_hook	GLIBC_2.2.5	4	stub	-	-	absent from runtime export surface
libc.so.6	__realpath_chk	GLIBC_2.4	3	shim	realpath	review	FORTIFY _chk variant; shim over realpath
libc.so.6	__recv	GLIBC_PRIVATE	1	forward-alias	recv	-	reserved-name alias of runtime export recv
libc.so.6	__recv_chk	GLIBC_2.4	3	shim	recv	review	FORTIFY _chk variant; shim over recv
libc.so.6	__recvfrom_chk	GLIBC_2.4	3	shim	recvfrom	review	FORTIFY _chk variant; shim over recvfrom
libc.so.6	__register_atfork	GLIBC_2.3.2	4	stub	-	-	absent from runtime export surface
libc.so.6	__res_iclose	GLIBC_PRIVATE	4	stub	-	-	absent from runtime export surface
libc.so.6	__res_init	GLIBC_2.2.5	2	forward-same	__res_init	-	runtime exports the same name
libc.so.6	__res_nclose	GLIBC_2.2.5	2	forward-same	__res_nclose	-	runtime exports the same name
libc.so.6	__res_ninit	GLIBC_2.2.5	2	forward-same	__res_ninit	-	runtime exports the same name
libc.so.6	__res_randomid	GLIBC_2.2.5	4	stub	-	-	absent from runtime export surface
libc.so.6	__res_state	GLIBC_2.2.5	2	forward-same	__res_state	-	runtime exports the same name
libc.so.6	__resolv_context_get	GLIBC_PRIVATE	4	stub	-	-	absent from runtime export surface
libc.so.6	__resolv_context_get_override	GLIBC_PRIVATE	4	stub	-	-	absent from runtime export surface
libc.so.6	__resolv_context_get_preinit	GLIBC_PRIVATE	4	stub	-	-	absent from runtime export surface
libc.so.6	__resolv_context_put	GLIBC_PRIVATE	4	stub	-	-	absent from runtime export surface
libc.so.6	__resp	GLIBC_PRIVATE	4	stub	-	-	absent from runtime export surface
libc.so.6	__rpc_thread_createerr	GLIBC_2.2.5	4	stub	-	-	absent from runtime export surface
libc.so.6	__rpc_thread_svc_fdset	GLIBC_2.2.5	4	stub	-	-	absent from runtime export surface
libc.so.6	__rpc_thread_svc_max_pollfd	GLIBC_2.2.5	4	stub	-	-	absent from runtime export surface
libc.so.6	__rpc_thread_svc_pollfd	GLIBC_2.2.5	4	stub	-	-	absent from runtime export surface
libc.so.6	__sbrk	GLIBC_2.2.5	1	forward-alias	sbrk	-	reserved-name alias of runtime export sbrk
libc.so.6	__sched_cpualloc	GLIBC_2.7	4	stub	-	-	absent from runtime export surface
libc.so.6	__sched_cpucount	GLIBC_2.6	4	stub	-	-	absent from runtime export surface
libc.so.6	__sched_cpufree	GLIBC_2.7	4	stub	-	-	absent from runtime export surface
libc.so.6	__sched_get_priority_max	GLIBC_2.2.5	1	forward-alias	sched_get_priority_max	-	reserved-name alias of runtime export sched_get_priority_max
libc.so.6	__sched_get_priority_min	GLIBC_2.2.5	1	forward-alias	sched_get_priority_min	-	reserved-name alias of runtime export sched_get_priority_min
libc.so.6	__sched_getparam	GLIBC_2.2.5	1	forward-alias	sched_getparam	-	reserved-name alias of runtime export sched_getparam
libc.so.6	__sched_getscheduler	GLIBC_2.2.5	1	forward-alias	sched_getscheduler	-	reserved-name alias of runtime export sched_getscheduler
libc.so.6	__sched_setscheduler	GLIBC_2.2.5	1	forward-alias	sched_setscheduler	-	reserved-name alias of runtime export sched_setscheduler
libc.so.6	__sched_yield	GLIBC_2.2.5	1	forward-alias	sched_yield	-	reserved-name alias of runtime export sched_yield
libc.so.6	__secure_getenv	GLIBC_2.2.5	1	forward-alias	secure_getenv	-	reserved-name alias of runtime export secure_getenv
libc.so.6	__select	GLIBC_2.2.5	1	forward-alias	select	-	reserved-name alias of runtime export select
libc.so.6	__send	GLIBC_2.2.5	1	forward-alias	send	-	reserved-name alias of runtime export send
libc.so.6	__sendmmsg	GLIBC_PRIVATE	4	stub	-	-	absent from runtime export surface
libc.so.6	__setmntent	GLIBC_2.2.5	1	forward-alias	setmntent	-	reserved-name alias of runtime export setmntent
libc.so.6	__setpgid	GLIBC_2.2.5	1	forward-alias	setpgid	-	reserved-name alias of runtime export setpgid
libc.so.6	__sigaction	GLIBC_2.2.5	1	forward-alias	sigaction	-	reserved-name alias of runtime export sigaction
libc.so.6	__sigaddset	GLIBC_2.2.5	1	forward-alias	sigaddset	-	reserved-name alias of runtime export sigaddset
libc.so.6	__sigdelset	GLIBC_2.2.5	1	forward-alias	sigdelset	-	reserved-name alias of runtime export sigdelset
libc.so.6	__sigismember	GLIBC_2.2.5	1	forward-alias	sigismember	-	reserved-name alias of runtime export sigismember
libc.so.6	__signbit	GLIBC_2.2.5	4	stub	-	-	absent from runtime export surface
libc.so.6	__signbitf	GLIBC_2.2.5	2	forward-same	__signbitf	-	runtime exports the same name
libc.so.6	__signbitl	GLIBC_2.2.5	4	stub	-	-	absent from runtime export surface
libc.so.6	__sigpause	GLIBC_2.2.5	1	forward-alias	sigpause	-	reserved-name alias of runtime export sigpause
libc.so.6	__sigsetjmp	GLIBC_2.2.5	3	shim	sigsetjmp	review	sigjmp_buf layout differs; shim over cygwin sigsetjmp
libc.so.6	__sigsuspend	GLIBC_2.2.5	1	forward-alias	sigsuspend	-	reserved-name alias of runtime export sigsuspend
libc.so.6	__sigtimedwait	GLIBC_PRIVATE	1	forward-alias	sigtimedwait	-	reserved-name alias of runtime export sigtimedwait
libc.so.6	__snprintf	GLIBC_PRIVATE	1	forward-alias	snprintf	-	reserved-name alias of runtime export snprintf
libc.so.6	__snprintf_chk	GLIBC_2.3.4	2	forward-same	__snprintf_chk	-	runtime exports the same name
libc.so.6	__socket	GLIBC_PRIVATE	1	forward-alias	socket	-	reserved-name alias of runtime export socket
libc.so.6	__sprintf_chk	GLIBC_2.3.4	2	forward-same	__sprintf_chk	-	runtime exports the same name
libc.so.6	__stack_chk_fail	GLIBC_2.4	2	forward-same	__stack_chk_fail	-	runtime exports the same name
libc.so.6	__statfs	GLIBC_2.2.5	1	forward-alias	statfs	-	reserved-name alias of runtime export statfs
libc.so.6	__stpcpy	GLIBC_2.2.5	1	forward-alias	stpcpy	-	reserved-name alias of runtime export stpcpy
libc.so.6	__stpcpy_chk	GLIBC_2.3.4	2	forward-same	__stpcpy_chk	-	runtime exports the same name
libc.so.6	__stpcpy_small	GLIBC_2.2.5	4	stub	-	-	absent from runtime export surface
libc.so.6	__stpncpy	GLIBC_2.2.5	1	forward-alias	stpncpy	-	reserved-name alias of runtime export stpncpy
libc.so.6	__stpncpy_chk	GLIBC_2.4	2	forward-same	__stpncpy_chk	-	runtime exports the same name
libc.so.6	__strcasecmp	GLIBC_2.2.5	1	forward-alias	strcasecmp	-	reserved-name alias of runtime export strcasecmp
libc.so.6	__strcasecmp_l	GLIBC_2.2.5	1	forward-alias	strcasecmp_l	-	reserved-name alias of runtime export strcasecmp_l
libc.so.6	__strcasestr	GLIBC_2.2.5	1	forward-alias	strcasestr	-	reserved-name alias of runtime export strcasestr
libc.so.6	__strcat_chk	GLIBC_2.3.4	2	forward-same	__strcat_chk	-	runtime exports the same name
libc.so.6	__strcoll_l	GLIBC_2.2.5	1	forward-alias	strcoll_l	-	reserved-name alias of runtime export strcoll_l
libc.so.6	__strcpy_chk	GLIBC_2.3.4	2	forward-same	__strcpy_chk	-	runtime exports the same name
libc.so.6	__strcpy_small	GLIBC_2.2.5	4	stub	-	-	absent from runtime export surface
libc.so.6	__strcspn_c1	GLIBC_2.2.5	4	stub	-	-	absent from runtime export surface
libc.so.6	__strcspn_c2	GLIBC_2.2.5	4	stub	-	-	absent from runtime export surface
libc.so.6	__strcspn_c3	GLIBC_2.2.5	4	stub	-	-	absent from runtime export surface
libc.so.6	__strdup	GLIBC_2.2.5	1	forward-alias	strdup	-	reserved-name alias of runtime export strdup
libc.so.6	__strerror_r	GLIBC_2.2.5	1	forward-alias	strerror_r	-	reserved-name alias of runtime export strerror_r
libc.so.6	__strfmon_l	GLIBC_2.2.5	1	forward-alias	strfmon_l	-	reserved-name alias of runtime export strfmon_l
libc.so.6	__strftime_l	GLIBC_2.3	1	forward-alias	strftime_l	-	reserved-name alias of runtime export strftime_l
libc.so.6	__strncasecmp_l	GLIBC_2.2.5	1	forward-alias	strncasecmp_l	-	reserved-name alias of runtime export strncasecmp_l
libc.so.6	__strncat_chk	GLIBC_2.3.4	2	forward-same	__strncat_chk	-	runtime exports the same name
libc.so.6	__strncpy_chk	GLIBC_2.3.4	2	forward-same	__strncpy_chk	-	runtime exports the same name
libc.so.6	__strndup	GLIBC_2.2.5	1	forward-alias	strndup	-	reserved-name alias of runtime export strndup
libc.so.6	__strpbrk_c2	GLIBC_2.2.5	4	stub	-	-	absent from runtime export surface
libc.so.6	__strpbrk_c3	GLIBC_2.2.5	4	stub	-	-	absent from runtime export surface
libc.so.6	__strsep_1c	GLIBC_2.2.5	4	stub	-	-	absent from runtime export surface
libc.so.6	__strsep_2c	GLIBC_2.2.5	4	stub	-	-	absent from runtime export surface
libc.so.6	__strsep_3c	GLIBC_2.2.5	4	stub	-	-	absent from runtime export surface
libc.so.6	__strsep_g	GLIBC_2.2.5	4	stub	-	-	absent from runtime export surface
libc.so.6	__strspn_c1	GLIBC_2.2.5	4	stub	-	-	absent from runtime export surface
libc.so.6	__strspn_c2	GLIBC_2.2.5	4	stub	-	-	absent from runtime export surface
libc.so.6	__strspn_c3	GLIBC_2.2.5	4	stub	-	-	absent from runtime export surface
libc.so.6	__strtod_internal	GLIBC_2.2.5	4	stub	-	-	absent from runtime export surface
libc.so.6	__strtod_l	GLIBC_2.2.5	1	forward-alias	strtod_l	-	reserved-name alias of runtime export strtod_l
libc.so.6	__strtod_nan	GLIBC_PRIVATE	4	stub	-	-	absent from runtime export surface
libc.so.6	__strtof128_internal	GLIBC_2.26	4	stub	-	-	absent from runtime export surface
libc.so.6	__strtof128_nan	GLIBC_PRIVATE	4	stub	-	-	absent from runtime export surface
libc.so.6	__strtof_internal	GLIBC_2.2.5	4	stub	-	-	absent from runtime export surface
libc.so.6	__strtof_l	GLIBC_2.2.5	1	forward-alias	strtof_l	-	reserved-name alias of runtime export strtof_l
libc.so.6	__strtof_nan	GLIBC_PRIVATE	4	stub	-	-	absent from runtime export surface
libc.so.6	__strtok_r	GLIBC_2.2.5	1	forward-alias	strtok_r	-	reserved-name alias of runtime export strtok_r
libc.so.6	__strtok_r_1c	GLIBC_2.2.5	4	stub	-	-	absent from runtime export surface
libc.so.6	__strtol_internal	GLIBC_2.2.5	4	stub	-	-	absent from runtime export surface
libc.so.6	__strtol_l	GLIBC_2.2.5	1	forward-alias	strtol_l	-	reserved-name alias of runtime export strtol_l
libc.so.6	__strtold_internal	GLIBC_2.2.5	4	stub	-	-	absent from runtime export surface
libc.so.6	__strtold_l	GLIBC_2.2.5	1	forward-alias	strtold_l	-	reserved-name alias of runtime export strtold_l
libc.so.6	__strtold_nan	GLIBC_PRIVATE	4	stub	-	-	absent from runtime export surface
libc.so.6	__strtoll_internal	GLIBC_2.2.5	4	stub	-	-	absent from runtime export surface
libc.so.6	__strtoll_l	GLIBC_2.2.5	1	forward-alias	strtoll_l	-	reserved-name alias of runtime export strtoll_l
libc.so.6	__strtoul_internal	GLIBC_2.2.5	4	stub	-	-	absent from runtime export surface
libc.so.6	__strtoul_l	GLIBC_2.2.5	1	forward-alias	strtoul_l	-	reserved-name alias of runtime export strtoul_l
libc.so.6	__strtoull_internal	GLIBC_2.2.5	4	stub	-	-	absent from runtime export surface
libc.so.6	__strtoull_l	GLIBC_2.2.5	1	forward-alias	strtoull_l	-	reserved-name alias of runtime export strtoull_l
libc.so.6	__strverscmp	GLIBC_2.2.5	1	forward-alias	strverscmp	-	reserved-name alias of runtime export strverscmp
libc.so.6	__strxfrm_l	GLIBC_2.2.5	1	forward-alias	strxfrm_l	-	reserved-name alias of runtime export strxfrm_l
libc.so.6	__swprintf_chk	GLIBC_2.4	3	shim	swprintf	review	FORTIFY _chk variant; shim over swprintf
libc.so.6	__sysconf	GLIBC_2.2.5	1	forward-alias	sysconf	-	reserved-name alias of runtime export sysconf
libc.so.6	__sysctl	GLIBC_2.2.5	4	stub	-	-	absent from runtime export surface
libc.so.6	__syslog_chk	GLIBC_2.4	3	shim	syslog	review	FORTIFY _chk variant; shim over syslog
libc.so.6	__sysv_signal	GLIBC_2.2.5	3	shim	-	review	SysV signal semantics and numbers differ; shim over cygwin signal
libc.so.6	__tdelete	GLIBC_PRIVATE	1	forward-alias	tdelete	-	reserved-name alias of runtime export tdelete
libc.so.6	__tfind	GLIBC_PRIVATE	1	forward-alias	tfind	-	reserved-name alias of runtime export tfind
libc.so.6	__timezone	GLIBC_2.2.5	1	forward-alias	timezone	-	reserved-name alias of runtime export timezone
libc.so.6	__toascii_l	GLIBC_2.2.5	1	forward-alias	toascii_l	-	reserved-name alias of runtime export toascii_l
libc.so.6	__tolower_l	GLIBC_2.2.5	1	forward-alias	tolower_l	-	reserved-name alias of runtime export tolower_l
libc.so.6	__toupper_l	GLIBC_2.2.5	1	forward-alias	toupper_l	-	reserved-name alias of runtime export toupper_l
libc.so.6	__towctrans	GLIBC_2.2.5	1	forward-alias	towctrans	-	reserved-name alias of runtime export towctrans
libc.so.6	__towctrans_l	GLIBC_2.2.5	1	forward-alias	towctrans_l	-	reserved-name alias of runtime export towctrans_l
libc.so.6	__towlower_l	GLIBC_2.2.5	1	forward-alias	towlower_l	-	reserved-name alias of runtime export towlower_l
libc.so.6	__towupper_l	GLIBC_2.2.5	1	forward-alias	towupper_l	-	reserved-name alias of runtime export towupper_l
libc.so.6	__tsearch	GLIBC_PRIVATE	1	forward-alias	tsearch	-	reserved-name alias of runtime export tsearch
libc.so.6	__ttyname_r_chk	GLIBC_2.4	3	shim	ttyname_r	review	FORTIFY _chk variant; shim over ttyname_r
libc.so.6	__twalk	GLIBC_PRIVATE	1	forward-alias	twalk	-	reserved-name alias of runtime export twalk
libc.so.6	__tzname	GLIBC_2.2.5	4	stub	-	-	absent from runtime export surface
libc.so.6	__uflow	GLIBC_2.2.5	4	stub	-	-	absent from runtime export surface
libc.so.6	__underflow	GLIBC_2.2.5	4	stub	-	-	absent from runtime export surface
libc.so.6	__uselocale	GLIBC_2.3	1	forward-alias	uselocale	-	reserved-name alias of runtime export uselocale
libc.so.6	__vasprintf_chk	GLIBC_2.8	3	shim	vasprintf	review	FORTIFY _chk variant; shim over vasprintf
libc.so.6	__vdprintf_chk	GLIBC_2.8	3	shim	vdprintf	review	FORTIFY _chk variant; shim over vdprintf
libc.so.6	__vfork	GLIBC_2.2.5	1	forward-alias	vfork	-	reserved-name alias of runtime export vfork
libc.so.6	__vfprintf_chk	GLIBC_2.3.4	3	shim	vfprintf	review	FORTIFY _chk variant; shim over vfprintf
libc.so.6	__vfscanf	GLIBC_2.2.5	1	forward-alias	vfscanf	-	reserved-name alias of runtime export vfscanf
libc.so.6	__vfwprintf_chk	GLIBC_2.4	3	shim	vfwprintf	review	FORTIFY _chk variant; shim over vfwprintf
libc.so.6	__vprintf_chk	GLIBC_2.3.4	3	shim	vprintf	review	FORTIFY _chk variant; shim over vprintf
libc.so.6	__vsnprintf	GLIBC_2.2.5	1	forward-alias	vsnprintf	-	reserved-name alias of runtime export vsnprintf
libc.so.6	__vsnprintf_chk	GLIBC_2.3.4	2	forward-same	__vsnprintf_chk	-	runtime exports the same name
libc.so.6	__vsprintf_chk	GLIBC_2.3.4	2	forward-same	__vsprintf_chk	-	runtime exports the same name
libc.so.6	__vsscanf	GLIBC_2.2.5	1	forward-alias	vsscanf	-	reserved-name alias of runtime export vsscanf
libc.so.6	__vswprintf_chk	GLIBC_2.4	3	shim	vswprintf	review	FORTIFY _chk variant; shim over vswprintf
libc.so.6	__vsyslog_chk	GLIBC_2.4	3	shim	vsyslog	review	FORTIFY _chk variant; shim over vsyslog
libc.so.6	__vwprintf_chk	GLIBC_2.4	3	shim	vwprintf	review	FORTIFY _chk variant; shim over vwprintf
libc.so.6	__wait	GLIBC_2.2.5	1	forward-alias	wait	-	reserved-name alias of runtime export wait
libc.so.6	__waitpid	GLIBC_2.2.5	1	forward-alias	waitpid	-	reserved-name alias of runtime export waitpid
libc.so.6	__wcpcpy_chk	GLIBC_2.4	3	shim	wcpcpy	review	FORTIFY _chk variant; shim over wcpcpy
libc.so.6	__wcpncpy_chk	GLIBC_2.4	3	shim	wcpncpy	review	FORTIFY _chk variant; shim over wcpncpy
libc.so.6	__wcrtomb_chk	GLIBC_2.4	3	shim	wcrtomb	review	FORTIFY _chk variant; shim over wcrtomb
libc.so.6	__wcscasecmp_l	GLIBC_2.2.5	1	forward-alias	wcscasecmp_l	-	reserved-name alias of runtime export wcscasecmp_l
libc.so.6	__wcscat_chk	GLIBC_2.4	3	shim	wcscat	review	FORTIFY _chk variant; shim over wcscat
libc.so.6	__wcscoll_l	GLIBC_2.2.5	1	forward-alias	wcscoll_l	-	reserved-name alias of runtime export wcscoll_l
libc.so.6	__wcscpy_chk	GLIBC_2.4	3	shim	wcscpy	review	FORTIFY _chk variant; shim over wcscpy
libc.so.6	__wcsftime_l	GLIBC_2.3	1	forward-alias	wcsftime_l	-	reserved-name alias of runtime export wcsftime_l
libc.so.6	__wcsncasecmp_l	GLIBC_2.2.5	1	forward-alias	wcsncasecmp_l	-	reserved-name alias of runtime export wcsncasecmp_l
libc.so.6	__wcsncat_chk	GLIBC_2.4	3	shim	wcsncat	review	FORTIFY _chk variant; shim over wcsncat
libc.so.6	__wcsncpy_chk	GLIBC_2.4	3	shim	wcsncpy	review	FORTIFY _chk variant; shim over wcsncpy
libc.so.6	__wcsnrtombs_chk	GLIBC_2.4	3	shim	wcsnrtombs	review	FORTIFY _chk variant; shim over wcsnrtombs
libc.so.6	__wcsrtombs_chk	GLIBC_2.4	3	shim	wcsrtombs	review	FORTIFY _chk variant; shim over wcsrtombs
libc.so.6	__wcstod_internal	GLIBC_2.2.5	4	stub	-	-	absent from runtime export surface
libc.so.6	__wcstod_l	GLIBC_2.2.5	1	forward-alias	wcstod_l	-	reserved-name alias of runtime export wcstod_l
libc.so.6	__wcstof128_internal	GLIBC_2.26	4	stub	-	-	absent from runtime export surface
libc.so.6	__wcstof_internal	GLIBC_2.2.5	4	stub	-	-	absent from runtime export surface
libc.so.6	__wcstof_l	GLIBC_2.2.5	1	forward-alias	wcstof_l	-	reserved-name alias of runtime export wcstof_l
libc.so.6	__wcstol_internal	GLIBC_2.2.5	4	stub	-	-	absent from runtime export surface
libc.so.6	__wcstol_l	GLIBC_2.2.5	1	forward-alias	wcstol_l	-	reserved-name alias of runtime export wcstol_l
libc.so.6	__wcstold_internal	GLIBC_2.2.5	4	stub	-	-	absent from runtime export surface
libc.so.6	__wcstold_l	GLIBC_2.2.5	1	forward-alias	wcstold_l	-	reserved-name alias of runtime export wcstold_l
libc.so.6	__wcstoll_internal	GLIBC_2.2.5	4	stub	-	-	absent from runtime export surface
libc.so.6	__wcstoll_l	GLIBC_2.2.5	1	forward-alias	wcstoll_l	-	reserved-name alias of runtime export wcstoll_l
libc.so.6	__wcstombs_chk	GLIBC_2.4	3	shim	wcstombs	review	FORTIFY _chk variant; shim over wcstombs
libc.so.6	__wcstoul_internal	GLIBC_2.2.5	4	stub	-	-	absent from runtime export surface
libc.so.6	__wcstoul_l	GLIBC_2.2.5	1	forward-alias	wcstoul_l	-	reserved-name alias of runtime export wcstoul_l
libc.so.6	__wcstoull_internal	GLIBC_2.2.5	4	stub	-	-	absent from runtime export surface
libc.so.6	__wcstoull_l	GLIBC_2.2.5	1	forward-alias	wcstoull_l	-	reserved-name alias of runtime export wcstoull_l
libc.so.6	__wcsxfrm_l	GLIBC_2.2.5	1	forward-alias	wcsxfrm_l	-	reserved-name alias of runtime export wcsxfrm_l
libc.so.6	__wctomb_chk	GLIBC_2.4	3	shim	wctomb	review	FORTIFY _chk variant; shim over wctomb
libc.so.6	__wctrans_l	GLIBC_2.2.5	1	forward-alias	wctrans_l	-	reserved-name alias of runtime export wctrans_l
libc.so.6	__wctype_l	GLIBC_2.2.5	1	forward-alias	wctype_l	-	reserved-name alias of runtime export wctype_l
libc.so.6	__wmemcpy_chk	GLIBC_2.4	3	shim	wmemcpy	review	FORTIFY _chk variant; shim over wmemcpy
libc.so.6	__wmemmove_chk	GLIBC_2.4	3	shim	wmemmove	review	FORTIFY _chk variant; shim over wmemmove
libc.so.6	__wmempcpy_chk	GLIBC_2.4	3	shim	wmempcpy	review	FORTIFY _chk variant; shim over wmempcpy
libc.so.6	__wmemset_chk	GLIBC_2.4	3	shim	wmemset	review	FORTIFY _chk variant; shim over wmemset
libc.so.6	__woverflow	GLIBC_2.2.5	4	stub	-	-	absent from runtime export surface
libc.so.6	__wprintf_chk	GLIBC_2.4	3	shim	wprintf	review	FORTIFY _chk variant; shim over wprintf
libc.so.6	__write	GLIBC_2.2.5	1	forward-alias	write	-	reserved-name alias of runtime export write
libc.so.6	__write_nocancel	GLIBC_PRIVATE	4	stub	-	-	absent from runtime export surface
libc.so.6	__wuflow	GLIBC_2.2.5	4	stub	-	-	absent from runtime export surface
libc.so.6	__wunderflow	GLIBC_2.2.5	4	stub	-	-	absent from runtime export surface
libc.so.6	__xmknod	GLIBC_2.2.5	3	shim	-	review	dev_t/mode encoding differs; shim over cygwin mknod
libc.so.6	__xmknodat	GLIBC_2.4	3	shim	-	review	dev_t/mode encoding differs; shim over cygwin mknodat
libc.so.6	__xpg_basename	GLIBC_2.2.5	4	stub	-	-	absent from runtime export surface
libc.so.6	__xpg_sigpause	GLIBC_2.2.5	2	forward-same	__xpg_sigpause	-	runtime exports the same name
libc.so.6	__xpg_strerror_r	GLIBC_2.3.4	2	forward-same	__xpg_strerror_r	-	runtime exports the same name
libc.so.6	__xstat	GLIBC_2.2.5	3	shim	-	review	struct stat layout differs (Linux vs Cygwin); _STAT_VER shim over cygwin stat
libc.so.6	__xstat64	GLIBC_2.2.5	3	shim	-	review	struct stat layout differs; shim over cygwin stat
libc.so.6	_authenticate	GLIBC_2.2.5	4	stub	-	-	absent from runtime export surface
libc.so.6	_dl_addr	GLIBC_PRIVATE	4	stub	-	-	absent from runtime export surface
libc.so.6	_dl_catch_error	GLIBC_PRIVATE	4	stub	-	-	absent from runtime export surface
libc.so.6	_dl_catch_exception	GLIBC_PRIVATE	4	stub	-	-	absent from runtime export surface
libc.so.6	_dl_mcount_wrapper	GLIBC_2.2.5	4	stub	-	-	absent from runtime export surface
libc.so.6	_dl_mcount_wrapper_check	GLIBC_2.2.5	4	stub	-	-	absent from runtime export surface
libc.so.6	_dl_open_hook	GLIBC_PRIVATE	4	stub	-	-	absent from runtime export surface
libc.so.6	_dl_open_hook2	GLIBC_PRIVATE	4	stub	-	-	absent from runtime export surface
libc.so.6	_dl_signal_error	GLIBC_PRIVATE	4	stub	-	-	absent from runtime export surface
libc.so.6	_dl_signal_exception	GLIBC_PRIVATE	4	stub	-	-	absent from runtime export surface
libc.so.6	_dl_sym	GLIBC_PRIVATE	4	stub	-	-	absent from runtime export surface
libc.so.6	_dl_vsym	GLIBC_PRIVATE	4	stub	-	-	absent from runtime export surface
libc.so.6	_environ	GLIBC_2.2.5	1	forward-alias	environ	-	reserved-name alias of runtime export environ
libc.so.6	_exit	GLIBC_2.2.5	2	forward-same	_exit	-	runtime exports the same name
libc.so.6	_flushlbf	GLIBC_2.2.5	4	stub	-	-	absent from runtime export surface
libc.so.6	_itoa_lower_digits	GLIBC_PRIVATE	4	stub	-	-	absent from runtime export surface
libc.so.6	_libc_intl_domainname	GLIBC_2.2.5	4	stub	-	-	absent from runtime export surface
libc.so.6	_longjmp	GLIBC_2.2.5	3	shim	_longjmp	review	jmp_buf layout differs; shim
libc.so.6	_mcleanup	GLIBC_2.2.5	4	stub	-	-	absent from runtime export surface
libc.so.6	_mcount	GLIBC_2.2.5	4	stub	-	-	absent from runtime export surface
libc.so.6	_nl_default_dirname	GLIBC_2.2.5	4	stub	-	-	absent from runtime export surface
libc.so.6	_nl_domain_bindings	GLIBC_2.2.5	4	stub	-	-	absent from runtime export surface
libc.so.6	_nl_msg_cat_cntr	GLIBC_2.2.5	4	stub	-	-	absent from runtime export surface
libc.so.6	_nss_files_parse_grent	GLIBC_PRIVATE	4	stub	-	-	absent from runtime export surface
libc.so.6	_nss_files_parse_pwent	GLIBC_PRIVATE	4	stub	-	-	absent from runtime export surface
libc.so.6	_nss_files_parse_sgent	GLIBC_PRIVATE	4	stub	-	-	absent from runtime export surface
libc.so.6	_nss_files_parse_spent	GLIBC_PRIVATE	4	stub	-	-	absent from runtime export surface
libc.so.6	_null_auth	GLIBC_2.2.5	4	stub	-	-	absent from runtime export surface
libc.so.6	_obstack	GLIBC_2.2.5	4	stub	-	-	absent from runtime export surface
libc.so.6	_obstack_allocated_p	GLIBC_2.2.5	4	stub	-	-	absent from runtime export surface
libc.so.6	_obstack_begin	GLIBC_2.2.5	4	stub	-	-	absent from runtime export surface
libc.so.6	_obstack_begin_1	GLIBC_2.2.5	4	stub	-	-	absent from runtime export surface
libc.so.6	_obstack_free	GLIBC_2.2.5	4	stub	-	-	absent from runtime export surface
libc.so.6	_obstack_memory_used	GLIBC_2.2.5	4	stub	-	-	absent from runtime export surface
libc.so.6	_obstack_newchunk	GLIBC_2.2.5	4	stub	-	-	absent from runtime export surface
libc.so.6	_res	GLIBC_2.2.5	4	stub	-	-	absent from runtime export surface
libc.so.6	_res_hconf	GLIBC_2.2.5	4	stub	-	-	absent from runtime export surface
libc.so.6	_rpc_dtablesize	GLIBC_2.2.5	4	stub	-	-	absent from runtime export surface
libc.so.6	_seterr_reply	GLIBC_2.2.5	4	stub	-	-	absent from runtime export surface
libc.so.6	_setjmp	GLIBC_2.2.5	3	shim	_setjmp	review	jmp_buf layout differs; shim
libc.so.6	_sys_errlist	GLIBC_2.12	2	forward-same	_sys_errlist	-	runtime exports the same name
libc.so.6	_sys_errlist	GLIBC_2.2.5	2	forward-same	_sys_errlist	-	runtime exports the same name
libc.so.6	_sys_errlist	GLIBC_2.3	2	forward-same	_sys_errlist	-	runtime exports the same name
libc.so.6	_sys_errlist	GLIBC_2.4	2	forward-same	_sys_errlist	-	runtime exports the same name
libc.so.6	_sys_nerr	GLIBC_2.12	2	forward-same	_sys_nerr	-	runtime exports the same name
libc.so.6	_sys_nerr	GLIBC_2.2.5	2	forward-same	_sys_nerr	-	runtime exports the same name
libc.so.6	_sys_nerr	GLIBC_2.3	2	forward-same	_sys_nerr	-	runtime exports the same name
libc.so.6	_sys_nerr	GLIBC_2.4	2	forward-same	_sys_nerr	-	runtime exports the same name
libc.so.6	_sys_siglist	GLIBC_2.2.5	1	forward-alias	sys_siglist	-	reserved-name alias of runtime export sys_siglist
libc.so.6	_sys_siglist	GLIBC_2.3.3	1	forward-alias	sys_siglist	-	reserved-name alias of runtime export sys_siglist
libc.so.6	_tolower	GLIBC_2.2.5	1	forward-alias	tolower	-	reserved-name alias of runtime export tolower
libc.so.6	_toupper	GLIBC_2.2.5	1	forward-alias	toupper	-	reserved-name alias of runtime export toupper
libc.so.6	a64l	GLIBC_2.2.5	2	forward-same	a64l	-	runtime exports the same name
libc.so.6	abort	GLIBC_2.2.5	2	forward-same	abort	-	runtime exports the same name
libc.so.6	abs	GLIBC_2.2.5	2	forward-same	abs	-	runtime exports the same name
libc.so.6	accept	GLIBC_2.2.5	2	forward-same	accept	-	runtime exports the same name
libc.so.6	accept4	GLIBC_2.10	2	forward-same	accept4	-	runtime exports the same name
libc.so.6	access	GLIBC_2.2.5	2	forward-same	access	-	runtime exports the same name
libc.so.6	acct	GLIBC_2.2.5	4	stub	-	-	absent from runtime export surface
libc.so.6	addmntent	GLIBC_2.2.5	4	stub	-	-	absent from runtime export surface
libc.so.6	addseverity	GLIBC_2.2.5	4	stub	-	-	absent from runtime export surface
libc.so.6	adjtime	GLIBC_2.2.5	4	stub	-	-	absent from runtime export surface
libc.so.6	adjtimex	GLIBC_2.2.5	4	stub	-	-	absent from runtime export surface
libc.so.6	advance	GLIBC_2.2.5	4	stub	-	-	absent from runtime export surface
libc.so.6	alarm	GLIBC_2.2.5	2	forward-same	alarm	-	runtime exports the same name
libc.so.6	aligned_alloc	GLIBC_2.16	2	forward-same	aligned_alloc	-	runtime exports the same name
libc.so.6	alphasort	GLIBC_2.2.5	2	forward-same	alphasort	-	runtime exports the same name
libc.so.6	alphasort64	GLIBC_2.2.5	1	forward-alias	alphasort	-	LFS 64-bit variant; on LP64 aliases alphasort
libc.so.6	arch_prctl	GLIBC_2.2.5	4	stub	-	-	absent from runtime export surface
libc.so.6	argp_err_exit_status	GLIBC_2.2.5	4	stub	-	-	absent from runtime export surface
libc.so.6	argp_error	GLIBC_2.2.5	4	stub	-	-	absent from runtime export surface
libc.so.6	argp_failure	GLIBC_2.2.5	4	stub	-	-	absent from runtime export surface
libc.so.6	argp_help	GLIBC_2.2.5	4	stub	-	-	absent from runtime export surface
libc.so.6	argp_parse	GLIBC_2.2.5	4	stub	-	-	absent from runtime export surface
libc.so.6	argp_program_bug_address	GLIBC_2.2.5	4	stub	-	-	absent from runtime export surface
libc.so.6	argp_program_version	GLIBC_2.2.5	4	stub	-	-	absent from runtime export surface
libc.so.6	argp_program_version_hook	GLIBC_2.2.5	4	stub	-	-	absent from runtime export surface
libc.so.6	argp_state_help	GLIBC_2.2.5	4	stub	-	-	absent from runtime export surface
libc.so.6	argp_usage	GLIBC_2.2.5	4	stub	-	-	absent from runtime export surface
libc.so.6	argz_add	GLIBC_2.2.5	2	forward-same	argz_add	-	runtime exports the same name
libc.so.6	argz_add_sep	GLIBC_2.2.5	2	forward-same	argz_add_sep	-	runtime exports the same name
libc.so.6	argz_append	GLIBC_2.2.5	2	forward-same	argz_append	-	runtime exports the same name
libc.so.6	argz_count	GLIBC_2.2.5	2	forward-same	argz_count	-	runtime exports the same name
libc.so.6	argz_create	GLIBC_2.2.5	2	forward-same	argz_create	-	runtime exports the same name
libc.so.6	argz_create_sep	GLIBC_2.2.5	2	forward-same	argz_create_sep	-	runtime exports the same name
libc.so.6	argz_delete	GLIBC_2.2.5	2	forward-same	argz_delete	-	runtime exports the same name
libc.so.6	argz_extract	GLIBC_2.2.5	2	forward-same	argz_extract	-	runtime exports the same name
libc.so.6	argz_insert	GLIBC_2.2.5	2	forward-same	argz_insert	-	runtime exports the same name
libc.so.6	argz_next	GLIBC_2.2.5	2	forward-same	argz_next	-	runtime exports the same name
libc.so.6	argz_replace	GLIBC_2.2.5	2	forward-same	argz_replace	-	runtime exports the same name
libc.so.6	argz_stringify	GLIBC_2.2.5	2	forward-same	argz_stringify	-	runtime exports the same name
libc.so.6	asctime	GLIBC_2.2.5	2	forward-same	asctime	-	runtime exports the same name
libc.so.6	asctime_r	GLIBC_2.2.5	2	forward-same	asctime_r	-	runtime exports the same name
libc.so.6	asprintf	GLIBC_2.2.5	2	forward-same	asprintf	-	runtime exports the same name
libc.so.6	atof	GLIBC_2.2.5	2	forward-same	atof	-	runtime exports the same name
libc.so.6	atoi	GLIBC_2.2.5	2	forward-same	atoi	-	runtime exports the same name
libc.so.6	atol	GLIBC_2.2.5	2	forward-same	atol	-	runtime exports the same name
libc.so.6	atoll	GLIBC_2.2.5	2	forward-same	atoll	-	runtime exports the same name
libc.so.6	authdes_create	GLIBC_2.2.5	4	stub	-	-	absent from runtime export surface
libc.so.6	authdes_getucred	GLIBC_2.2.5	4	stub	-	-	absent from runtime export surface
libc.so.6	authdes_pk_create	GLIBC_2.2.5	4	stub	-	-	absent from runtime export surface
libc.so.6	authnone_create	GLIBC_2.2.5	4	stub	-	-	absent from runtime export surface
libc.so.6	authunix_create	GLIBC_2.2.5	4	stub	-	-	absent from runtime export surface
libc.so.6	authunix_create_default	GLIBC_2.2.5	4	stub	-	-	absent from runtime export surface
libc.so.6	backtrace	GLIBC_2.2.5	4	stub	-	-	absent from runtime export surface
libc.so.6	backtrace_symbols	GLIBC_2.2.5	4	stub	-	-	absent from runtime export surface
libc.so.6	backtrace_symbols_fd	GLIBC_2.2.5	4	stub	-	-	absent from runtime export surface
libc.so.6	basename	GLIBC_2.2.5	2	forward-same	basename	-	runtime exports the same name
libc.so.6	bcmp	GLIBC_2.2.5	2	forward-same	bcmp	-	runtime exports the same name
libc.so.6	bcopy	GLIBC_2.2.5	2	forward-same	bcopy	-	runtime exports the same name
libc.so.6	bdflush	GLIBC_2.2.5	4	stub	-	-	absent from runtime export surface
libc.so.6	bind	GLIBC_2.2.5	2	forward-same	bind	-	runtime exports the same name
libc.so.6	bind_textdomain_codeset	GLIBC_2.2.5	4	stub	-	-	absent from runtime export surface
libc.so.6	bindresvport	GLIBC_2.2.5	2	forward-same	bindresvport	-	runtime exports the same name
libc.so.6	bindtextdomain	GLIBC_2.2.5	4	stub	-	-	absent from runtime export surface
libc.so.6	brk	GLIBC_2.2.5	4	stub	-	-	absent from runtime export surface
libc.so.6	bsd_signal	GLIBC_2.2.5	4	stub	-	-	absent from runtime export surface
libc.so.6	bsearch	GLIBC_2.2.5	2	forward-same	bsearch	-	runtime exports the same name
libc.so.6	btowc	GLIBC_2.2.5	2	forward-same	btowc	-	runtime exports the same name
libc.so.6	bzero	GLIBC_2.2.5	2	forward-same	bzero	-	runtime exports the same name
libc.so.6	c16rtomb	GLIBC_2.16	2	forward-same	c16rtomb	-	runtime exports the same name
libc.so.6	c32rtomb	GLIBC_2.16	2	forward-same	c32rtomb	-	runtime exports the same name
libc.so.6	calloc	GLIBC_2.2.5	2	forward-same	calloc	-	runtime exports the same name
libc.so.6	callrpc	GLIBC_2.2.5	4	stub	-	-	absent from runtime export surface
libc.so.6	canonicalize_file_name	GLIBC_2.2.5	2	forward-same	canonicalize_file_name	-	runtime exports the same name
libc.so.6	capget	GLIBC_2.2.5	4	stub	-	-	absent from runtime export surface
libc.so.6	capset	GLIBC_2.2.5	4	stub	-	-	absent from runtime export surface
libc.so.6	catclose	GLIBC_2.2.5	2	forward-same	catclose	-	runtime exports the same name
libc.so.6	catgets	GLIBC_2.2.5	2	forward-same	catgets	-	runtime exports the same name
libc.so.6	catopen	GLIBC_2.2.5	2	forward-same	catopen	-	runtime exports the same name
libc.so.6	cbc_crypt	GLIBC_2.2.5	4	stub	-	-	absent from runtime export surface
libc.so.6	cfgetispeed	GLIBC_2.2.5	2	forward-same	cfgetispeed	-	runtime exports the same name
libc.so.6	cfgetospeed	GLIBC_2.2.5	2	forward-same	cfgetospeed	-	runtime exports the same name
libc.so.6	cfmakeraw	GLIBC_2.2.5	2	forward-same	cfmakeraw	-	runtime exports the same name
libc.so.6	cfree	GLIBC_2.2.5	4	stub	-	-	absent from runtime export surface
libc.so.6	cfsetispeed	GLIBC_2.2.5	2	forward-same	cfsetispeed	-	runtime exports the same name
libc.so.6	cfsetospeed	GLIBC_2.2.5	2	forward-same	cfsetospeed	-	runtime exports the same name
libc.so.6	cfsetspeed	GLIBC_2.2.5	2	forward-same	cfsetspeed	-	runtime exports the same name
libc.so.6	chdir	GLIBC_2.2.5	2	forward-same	chdir	-	runtime exports the same name
libc.so.6	chflags	GLIBC_2.2.5	4	stub	-	-	absent from runtime export surface
libc.so.6	chmod	GLIBC_2.2.5	2	forward-same	chmod	-	runtime exports the same name
libc.so.6	chown	GLIBC_2.2.5	2	forward-same	chown	-	runtime exports the same name
libc.so.6	chroot	GLIBC_2.2.5	2	forward-same	chroot	-	runtime exports the same name
libc.so.6	clearenv	GLIBC_2.2.5	2	forward-same	clearenv	-	runtime exports the same name
libc.so.6	clearerr	GLIBC_2.2.5	2	forward-same	clearerr	-	runtime exports the same name
libc.so.6	clearerr_unlocked	GLIBC_2.2.5	2	forward-same	clearerr_unlocked	-	runtime exports the same name
libc.so.6	clnt_broadcast	GLIBC_2.2.5	4	stub	-	-	absent from runtime export surface
libc.so.6	clnt_create	GLIBC_2.2.5	4	stub	-	-	absent from runtime export surface
libc.so.6	clnt_pcreateerror	GLIBC_2.2.5	4	stub	-	-	absent from runtime export surface
libc.so.6	clnt_perrno	GLIBC_2.2.5	4	stub	-	-	absent from runtime export surface
libc.so.6	clnt_perror	GLIBC_2.2.5	4	stub	-	-	absent from runtime export surface
libc.so.6	clnt_spcreateerror	GLIBC_2.2.5	4	stub	-	-	absent from runtime export surface
libc.so.6	clnt_sperrno	GLIBC_2.2.5	4	stub	-	-	absent from runtime export surface
libc.so.6	clnt_sperror	GLIBC_2.2.5	4	stub	-	-	absent from runtime export surface
libc.so.6	clntraw_create	GLIBC_2.2.5	4	stub	-	-	absent from runtime export surface
libc.so.6	clnttcp_create	GLIBC_2.2.5	4	stub	-	-	absent from runtime export surface
libc.so.6	clntudp_bufcreate	GLIBC_2.2.5	4	stub	-	-	absent from runtime export surface
libc.so.6	clntudp_create	GLIBC_2.2.5	4	stub	-	-	absent from runtime export surface
libc.so.6	clntunix_create	GLIBC_2.2.5	4	stub	-	-	absent from runtime export surface
libc.so.6	clock	GLIBC_2.2.5	2	forward-same	clock	-	runtime exports the same name
libc.so.6	clock_adjtime	GLIBC_2.14	4	stub	-	-	absent from runtime export surface
libc.so.6	clock_getcpuclockid	GLIBC_2.17	2	forward-same	clock_getcpuclockid	-	runtime exports the same name
libc.so.6	clock_getcpuclockid	GLIBC_2.2.5	2	forward-same	clock_getcpuclockid	-	runtime exports the same name
libc.so.6	clock_getres	GLIBC_2.17	2	forward-same	clock_getres	-	runtime exports the same name
libc.so.6	clock_getres	GLIBC_2.2.5	2	forward-same	clock_getres	-	runtime exports the same name
libc.so.6	clock_gettime	GLIBC_2.17	2	forward-same	clock_gettime	-	runtime exports the same name
libc.so.6	clock_gettime	GLIBC_2.2.5	2	forward-same	clock_gettime	-	runtime exports the same name
libc.so.6	clock_nanosleep	GLIBC_2.17	2	forward-same	clock_nanosleep	-	runtime exports the same name
libc.so.6	clock_nanosleep	GLIBC_2.2.5	2	forward-same	clock_nanosleep	-	runtime exports the same name
libc.so.6	clock_settime	GLIBC_2.17	2	forward-same	clock_settime	-	runtime exports the same name
libc.so.6	clock_settime	GLIBC_2.2.5	2	forward-same	clock_settime	-	runtime exports the same name
libc.so.6	clone	GLIBC_2.2.5	4	stub	-	-	absent from runtime export surface
libc.so.6	close	GLIBC_2.2.5	2	forward-same	close	-	runtime exports the same name
libc.so.6	closedir	GLIBC_2.2.5	2	forward-same	closedir	-	runtime exports the same name
libc.so.6	closelog	GLIBC_2.2.5	2	forward-same	closelog	-	runtime exports the same name
libc.so.6	confstr	GLIBC_2.2.5	2	forward-same	confstr	-	runtime exports the same name
libc.so.6	connect	GLIBC_2.2.5	2	forward-same	connect	-	runtime exports the same name
libc.so.6	copy_file_range	GLIBC_2.27	4	stub	-	-	absent from runtime export surface
libc.so.6	copysign	GLIBC_2.2.5	2	forward-same	copysign	-	runtime exports the same name
libc.so.6	copysignf	GLIBC_2.2.5	2	forward-same	copysignf	-	runtime exports the same name
libc.so.6	copysignl	GLIBC_2.2.5	2	forward-same	copysignl	-	runtime exports the same name
libc.so.6	creat	GLIBC_2.2.5	2	forward-same	creat	-	runtime exports the same name
libc.so.6	creat64	GLIBC_2.2.5	1	forward-alias	creat	-	LFS 64-bit variant; on LP64 aliases creat
libc.so.6	create_module	GLIBC_2.2.5	4	stub	-	-	absent from runtime export surface
libc.so.6	ctermid	GLIBC_2.2.5	2	forward-same	ctermid	-	runtime exports the same name
libc.so.6	ctime	GLIBC_2.2.5	2	forward-same	ctime	-	runtime exports the same name
libc.so.6	ctime_r	GLIBC_2.2.5	2	forward-same	ctime_r	-	runtime exports the same name
libc.so.6	cuserid	GLIBC_2.2.5	2	forward-same	cuserid	-	runtime exports the same name
libc.so.6	daemon	GLIBC_2.2.5	2	forward-same	daemon	-	runtime exports the same name
libc.so.6	daylight	GLIBC_2.2.5	1	forward-alias	_daylight	-	reserved-name alias of runtime export _daylight
libc.so.6	dcgettext	GLIBC_2.2.5	4	stub	-	-	absent from runtime export surface
libc.so.6	dcngettext	GLIBC_2.2.5	4	stub	-	-	absent from runtime export surface
libc.so.6	delete_module	GLIBC_2.2.5	4	stub	-	-	absent from runtime export surface
libc.so.6	des_setparity	GLIBC_2.2.5	4	stub	-	-	absent from runtime export surface
libc.so.6	dgettext	GLIBC_2.2.5	4	stub	-	-	absent from runtime export surface
libc.so.6	difftime	GLIBC_2.2.5	2	forward-same	difftime	-	runtime exports the same name
libc.so.6	dirfd	GLIBC_2.2.5	2	forward-same	dirfd	-	runtime exports the same name
libc.so.6	dirname	GLIBC_2.2.5	2	forward-same	dirname	-	runtime exports the same name
libc.so.6	div	GLIBC_2.2.5	2	forward-same	div	-	runtime exports the same name
libc.so.6	dl_iterate_phdr	GLIBC_2.2.5	4	stub	-	-	absent from runtime export surface
libc.so.6	dngettext	GLIBC_2.2.5	4	stub	-	-	absent from runtime export surface
libc.so.6	dprintf	GLIBC_2.2.5	2	forward-same	dprintf	-	runtime exports the same name
libc.so.6	drand48	GLIBC_2.2.5	2	forward-same	drand48	-	runtime exports the same name
libc.so.6	drand48_r	GLIBC_2.2.5	4	stub	-	-	absent from runtime export surface
libc.so.6	dup	GLIBC_2.2.5	2	forward-same	dup	-	runtime exports the same name
libc.so.6	dup2	GLIBC_2.2.5	2	forward-same	dup2	-	runtime exports the same name
libc.so.6	dup3	GLIBC_2.9	2	forward-same	dup3	-	runtime exports the same name
libc.so.6	duplocale	GLIBC_2.3	2	forward-same	duplocale	-	runtime exports the same name
libc.so.6	dysize	GLIBC_2.2.5	4	stub	-	-	absent from runtime export surface
libc.so.6	eaccess	GLIBC_2.4	2	forward-same	eaccess	-	runtime exports the same name
libc.so.6	ecb_crypt	GLIBC_2.2.5	4	stub	-	-	absent from runtime export surface
libc.so.6	ecvt	GLIBC_2.2.5	2	forward-same	ecvt	-	runtime exports the same name
libc.so.6	ecvt_r	GLIBC_2.2.5	4	stub	-	-	absent from runtime export surface
libc.so.6	endaliasent	GLIBC_2.2.5	4	stub	-	-	absent from runtime export surface
libc.so.6	endfsent	GLIBC_2.2.5	4	stub	-	-	absent from runtime export surface
libc.so.6	endgrent	GLIBC_2.2.5	2	forward-same	endgrent	-	runtime exports the same name
libc.so.6	endhostent	GLIBC_2.2.5	2	forward-same	endhostent	-	runtime exports the same name
libc.so.6	endmntent	GLIBC_2.2.5	2	forward-same	endmntent	-	runtime exports the same name
libc.so.6	endnetent	GLIBC_2.2.5	4	stub	-	-	absent from runtime export surface
libc.so.6	endnetgrent	GLIBC_2.2.5	4	stub	-	-	absent from runtime export surface
libc.so.6	endprotoent	GLIBC_2.2.5	2	forward-same	endprotoent	-	runtime exports the same name
libc.so.6	endpwent	GLIBC_2.2.5	2	forward-same	endpwent	-	runtime exports the same name
libc.so.6	endrpcent	GLIBC_2.2.5	4	stub	-	-	absent from runtime export surface
libc.so.6	endservent	GLIBC_2.2.5	2	forward-same	endservent	-	runtime exports the same name
libc.so.6	endsgent	GLIBC_2.10	4	stub	-	-	absent from runtime export surface
libc.so.6	endspent	GLIBC_2.2.5	4	stub	-	-	absent from runtime export surface
libc.so.6	endttyent	GLIBC_2.2.5	4	stub	-	-	absent from runtime export surface
libc.so.6	endusershell	GLIBC_2.2.5	2	forward-same	endusershell	-	runtime exports the same name
libc.so.6	endutent	GLIBC_2.2.5	2	forward-same	endutent	-	runtime exports the same name
libc.so.6	endutxent	GLIBC_2.2.5	2	forward-same	endutxent	-	runtime exports the same name
libc.so.6	environ	GLIBC_2.2.5	2	forward-same	environ	-	runtime exports the same name
libc.so.6	envz_add	GLIBC_2.2.5	2	forward-same	envz_add	-	runtime exports the same name
libc.so.6	envz_entry	GLIBC_2.2.5	2	forward-same	envz_entry	-	runtime exports the same name
libc.so.6	envz_get	GLIBC_2.2.5	2	forward-same	envz_get	-	runtime exports the same name
libc.so.6	envz_merge	GLIBC_2.2.5	2	forward-same	envz_merge	-	runtime exports the same name
libc.so.6	envz_remove	GLIBC_2.2.5	2	forward-same	envz_remove	-	runtime exports the same name
libc.so.6	envz_strip	GLIBC_2.2.5	2	forward-same	envz_strip	-	runtime exports the same name
libc.so.6	epoll_create	GLIBC_2.3.2	4	stub	-	-	absent from runtime export surface
libc.so.6	epoll_create1	GLIBC_2.9	4	stub	-	-	absent from runtime export surface
libc.so.6	epoll_ctl	GLIBC_2.3.2	4	stub	-	-	absent from runtime export surface
libc.so.6	epoll_pwait	GLIBC_2.6	4	stub	-	-	absent from runtime export surface
libc.so.6	epoll_wait	GLIBC_2.3.2	4	stub	-	-	absent from runtime export surface
libc.so.6	erand48	GLIBC_2.2.5	2	forward-same	erand48	-	runtime exports the same name
libc.so.6	erand48_r	GLIBC_2.2.5	4	stub	-	-	absent from runtime export surface
libc.so.6	err	GLIBC_2.2.5	2	forward-same	err	-	runtime exports the same name
libc.so.6	errno	GLIBC_PRIVATE	3	shim	__errno	review	errno numeric values differ (DR-0000); value-translation shim over cygwin __errno
libc.so.6	error	GLIBC_2.2.5	2	forward-same	error	-	runtime exports the same name
libc.so.6	error_at_line	GLIBC_2.2.5	2	forward-same	error_at_line	-	runtime exports the same name
libc.so.6	error_message_count	GLIBC_2.2.5	2	forward-same	error_message_count	-	runtime exports the same name
libc.so.6	error_one_per_line	GLIBC_2.2.5	2	forward-same	error_one_per_line	-	runtime exports the same name
libc.so.6	error_print_progname	GLIBC_2.2.5	2	forward-same	error_print_progname	-	runtime exports the same name
libc.so.6	errx	GLIBC_2.2.5	2	forward-same	errx	-	runtime exports the same name
libc.so.6	ether_aton	GLIBC_2.2.5	4	stub	-	-	absent from runtime export surface
libc.so.6	ether_aton_r	GLIBC_2.2.5	4	stub	-	-	absent from runtime export surface
libc.so.6	ether_hostton	GLIBC_2.2.5	4	stub	-	-	absent from runtime export surface
libc.so.6	ether_line	GLIBC_2.2.5	4	stub	-	-	absent from runtime export surface
libc.so.6	ether_ntoa	GLIBC_2.2.5	4	stub	-	-	absent from runtime export surface
libc.so.6	ether_ntoa_r	GLIBC_2.2.5	4	stub	-	-	absent from runtime export surface
libc.so.6	ether_ntohost	GLIBC_2.2.5	4	stub	-	-	absent from runtime export surface
libc.so.6	euidaccess	GLIBC_2.2.5	2	forward-same	euidaccess	-	runtime exports the same name
libc.so.6	eventfd	GLIBC_2.7	4	stub	-	-	absent from runtime export surface
libc.so.6	eventfd_read	GLIBC_2.7	4	stub	-	-	absent from runtime export surface
libc.so.6	eventfd_write	GLIBC_2.7	4	stub	-	-	absent from runtime export surface
libc.so.6	execl	GLIBC_2.2.5	2	forward-same	execl	-	runtime exports the same name
libc.so.6	execle	GLIBC_2.2.5	2	forward-same	execle	-	runtime exports the same name
libc.so.6	execlp	GLIBC_2.2.5	2	forward-same	execlp	-	runtime exports the same name
libc.so.6	execv	GLIBC_2.2.5	2	forward-same	execv	-	runtime exports the same name
libc.so.6	execve	GLIBC_2.2.5	2	forward-same	execve	-	runtime exports the same name
libc.so.6	execvp	GLIBC_2.2.5	2	forward-same	execvp	-	runtime exports the same name
libc.so.6	execvpe	GLIBC_2.11	2	forward-same	execvpe	-	runtime exports the same name
libc.so.6	exit	GLIBC_2.2.5	2	forward-same	exit	-	runtime exports the same name
libc.so.6	explicit_bzero	GLIBC_2.25	2	forward-same	explicit_bzero	-	runtime exports the same name
libc.so.6	faccessat	GLIBC_2.4	2	forward-same	faccessat	-	runtime exports the same name
libc.so.6	fallocate	GLIBC_2.10	2	forward-same	fallocate	-	runtime exports the same name
libc.so.6	fallocate64	GLIBC_2.10	1	forward-alias	fallocate	-	LFS 64-bit variant; on LP64 aliases fallocate
libc.so.6	fanotify_init	GLIBC_2.13	4	stub	-	-	absent from runtime export surface
libc.so.6	fanotify_mark	GLIBC_2.13	4	stub	-	-	absent from runtime export surface
libc.so.6	fattach	GLIBC_2.2.5	4	stub	-	-	absent from runtime export surface
libc.so.6	fchdir	GLIBC_2.2.5	2	forward-same	fchdir	-	runtime exports the same name
libc.so.6	fchflags	GLIBC_2.2.5	4	stub	-	-	absent from runtime export surface
libc.so.6	fchmod	GLIBC_2.2.5	2	forward-same	fchmod	-	runtime exports the same name
libc.so.6	fchmodat	GLIBC_2.4	2	forward-same	fchmodat	-	runtime exports the same name
libc.so.6	fchown	GLIBC_2.2.5	2	forward-same	fchown	-	runtime exports the same name
libc.so.6	fchownat	GLIBC_2.4	2	forward-same	fchownat	-	runtime exports the same name
libc.so.6	fclose	GLIBC_2.2.5	2	forward-same	fclose	-	runtime exports the same name
libc.so.6	fcloseall	GLIBC_2.2.5	2	forward-same	fcloseall	-	runtime exports the same name
libc.so.6	fcntl	GLIBC_2.2.5	3	shim	fcntl	review	F_* command and O_* flag values and struct flock layout differ; shim
libc.so.6	fcntl64	GLIBC_2.28	1	forward-alias	fcntl	-	LFS 64-bit variant; on LP64 aliases fcntl
libc.so.6	fcvt	GLIBC_2.2.5	2	forward-same	fcvt	-	runtime exports the same name
libc.so.6	fcvt_r	GLIBC_2.2.5	4	stub	-	-	absent from runtime export surface
libc.so.6	fdatasync	GLIBC_2.2.5	2	forward-same	fdatasync	-	runtime exports the same name
libc.so.6	fdetach	GLIBC_2.2.5	4	stub	-	-	absent from runtime export surface
libc.so.6	fdopen	GLIBC_2.2.5	2	forward-same	fdopen	-	runtime exports the same name
libc.so.6	fdopendir	GLIBC_2.4	2	forward-same	fdopendir	-	runtime exports the same name
libc.so.6	feof	GLIBC_2.2.5	2	forward-same	feof	-	runtime exports the same name
libc.so.6	feof_unlocked	GLIBC_2.2.5	2	forward-same	feof_unlocked	-	runtime exports the same name
libc.so.6	ferror	GLIBC_2.2.5	2	forward-same	ferror	-	runtime exports the same name
libc.so.6	ferror_unlocked	GLIBC_2.2.5	2	forward-same	ferror_unlocked	-	runtime exports the same name
libc.so.6	fexecve	GLIBC_2.2.5	2	forward-same	fexecve	-	runtime exports the same name
libc.so.6	fflush	GLIBC_2.2.5	2	forward-same	fflush	-	runtime exports the same name
libc.so.6	fflush_unlocked	GLIBC_2.2.5	2	forward-same	fflush_unlocked	-	runtime exports the same name
libc.so.6	ffs	GLIBC_2.2.5	2	forward-same	ffs	-	runtime exports the same name
libc.so.6	ffsl	GLIBC_2.2.5	2	forward-same	ffsl	-	runtime exports the same name
libc.so.6	ffsll	GLIBC_2.2.5	2	forward-same	ffsll	-	runtime exports the same name
libc.so.6	fgetc	GLIBC_2.2.5	2	forward-same	fgetc	-	runtime exports the same name
libc.so.6	fgetc_unlocked	GLIBC_2.2.5	2	forward-same	fgetc_unlocked	-	runtime exports the same name
libc.so.6	fgetgrent	GLIBC_2.2.5	4	stub	-	-	absent from runtime export surface
libc.so.6	fgetgrent_r	GLIBC_2.2.5	4	stub	-	-	absent from runtime export surface
libc.so.6	fgetpos	GLIBC_2.2.5	2	forward-same	fgetpos	-	runtime exports the same name
libc.so.6	fgetpos64	GLIBC_2.2.5	1	forward-alias	fgetpos	-	LFS 64-bit variant; on LP64 aliases fgetpos
libc.so.6	fgetpwent	GLIBC_2.2.5	4	stub	-	-	absent from runtime export surface
libc.so.6	fgetpwent_r	GLIBC_2.2.5	4	stub	-	-	absent from runtime export surface
libc.so.6	fgets	GLIBC_2.2.5	2	forward-same	fgets	-	runtime exports the same name
libc.so.6	fgets_unlocked	GLIBC_2.2.5	2	forward-same	fgets_unlocked	-	runtime exports the same name
libc.so.6	fgetsgent	GLIBC_2.10	4	stub	-	-	absent from runtime export surface
libc.so.6	fgetsgent_r	GLIBC_2.10	4	stub	-	-	absent from runtime export surface
libc.so.6	fgetspent	GLIBC_2.2.5	4	stub	-	-	absent from runtime export surface
libc.so.6	fgetspent_r	GLIBC_2.2.5	4	stub	-	-	absent from runtime export surface
libc.so.6	fgetwc	GLIBC_2.2.5	2	forward-same	fgetwc	-	runtime exports the same name
libc.so.6	fgetwc_unlocked	GLIBC_2.2.5	2	forward-same	fgetwc_unlocked	-	runtime exports the same name
libc.so.6	fgetws	GLIBC_2.2.5	2	forward-same	fgetws	-	runtime exports the same name
libc.so.6	fgetws_unlocked	GLIBC_2.2.5	2	forward-same	fgetws_unlocked	-	runtime exports the same name
libc.so.6	fgetxattr	GLIBC_2.3	2	forward-same	fgetxattr	-	runtime exports the same name
libc.so.6	fileno	GLIBC_2.2.5	2	forward-same	fileno	-	runtime exports the same name
libc.so.6	fileno_unlocked	GLIBC_2.2.5	2	forward-same	fileno_unlocked	-	runtime exports the same name
libc.so.6	finite	GLIBC_2.2.5	2	forward-same	finite	-	runtime exports the same name
libc.so.6	finitef	GLIBC_2.2.5	2	forward-same	finitef	-	runtime exports the same name
libc.so.6	finitel	GLIBC_2.2.5	2	forward-same	finitel	-	runtime exports the same name
libc.so.6	flistxattr	GLIBC_2.3	2	forward-same	flistxattr	-	runtime exports the same name
libc.so.6	flock	GLIBC_2.2.5	2	forward-same	flock	-	runtime exports the same name
libc.so.6	flockfile	GLIBC_2.2.5	2	forward-same	flockfile	-	runtime exports the same name
libc.so.6	fmemopen	GLIBC_2.2.5	2	forward-same	fmemopen	-	runtime exports the same name
libc.so.6	fmemopen	GLIBC_2.22	2	forward-same	fmemopen	-	runtime exports the same name
libc.so.6	fmtmsg	GLIBC_2.2.5	4	stub	-	-	absent from runtime export surface
libc.so.6	fnmatch	GLIBC_2.2.5	2	forward-same	fnmatch	-	runtime exports the same name
libc.so.6	fopen	GLIBC_2.2.5	2	forward-same	fopen	-	runtime exports the same name
libc.so.6	fopen64	GLIBC_2.2.5	1	forward-alias	fopen	-	LFS 64-bit variant; on LP64 aliases fopen
libc.so.6	fopencookie	GLIBC_2.2.5	2	forward-same	fopencookie	-	runtime exports the same name
libc.so.6	fork	GLIBC_2.2.5	2	forward-same	fork	-	runtime exports the same name
libc.so.6	fpathconf	GLIBC_2.2.5	2	forward-same	fpathconf	-	runtime exports the same name
libc.so.6	fprintf	GLIBC_2.2.5	2	forward-same	fprintf	-	runtime exports the same name
libc.so.6	fputc	GLIBC_2.2.5	2	forward-same	fputc	-	runtime exports the same name
libc.so.6	fputc_unlocked	GLIBC_2.2.5	2	forward-same	fputc_unlocked	-	runtime exports the same name
libc.so.6	fputs	GLIBC_2.2.5	2	forward-same	fputs	-	runtime exports the same name
libc.so.6	fputs_unlocked	GLIBC_2.2.5	2	forward-same	fputs_unlocked	-	runtime exports the same name
libc.so.6	fputwc	GLIBC_2.2.5	2	forward-same	fputwc	-	runtime exports the same name
libc.so.6	fputwc_unlocked	GLIBC_2.2.5	2	forward-same	fputwc_unlocked	-	runtime exports the same name
libc.so.6	fputws	GLIBC_2.2.5	2	forward-same	fputws	-	runtime exports the same name
libc.so.6	fputws_unlocked	GLIBC_2.2.5	2	forward-same	fputws_unlocked	-	runtime exports the same name
libc.so.6	fread	GLIBC_2.2.5	2	forward-same	fread	-	runtime exports the same name
libc.so.6	fread_unlocked	GLIBC_2.2.5	2	forward-same	fread_unlocked	-	runtime exports the same name
libc.so.6	free	GLIBC_2.2.5	2	forward-same	free	-	runtime exports the same name
libc.so.6	freeaddrinfo	GLIBC_2.2.5	2	forward-same	freeaddrinfo	-	runtime exports the same name
libc.so.6	freeifaddrs	GLIBC_2.3	2	forward-same	freeifaddrs	-	runtime exports the same name
libc.so.6	freelocale	GLIBC_2.3	2	forward-same	freelocale	-	runtime exports the same name
libc.so.6	fremovexattr	GLIBC_2.3	2	forward-same	fremovexattr	-	runtime exports the same name
libc.so.6	freopen	GLIBC_2.2.5	2	forward-same	freopen	-	runtime exports the same name
libc.so.6	freopen64	GLIBC_2.2.5	1	forward-alias	freopen	-	LFS 64-bit variant; on LP64 aliases freopen
libc.so.6	frexp	GLIBC_2.2.5	2	forward-same	frexp	-	runtime exports the same name
libc.so.6	frexpf	GLIBC_2.2.5	2	forward-same	frexpf	-	runtime exports the same name
libc.so.6	frexpl	GLIBC_2.2.5	2	forward-same	frexpl	-	runtime exports the same name
libc.so.6	fscanf	GLIBC_2.2.5	2	forward-same	fscanf	-	runtime exports the same name
libc.so.6	fseek	GLIBC_2.2.5	2	forward-same	fseek	-	runtime exports the same name
libc.so.6	fseeko	GLIBC_2.2.5	2	forward-same	fseeko	-	runtime exports the same name
libc.so.6	fseeko64	GLIBC_2.2.5	1	forward-alias	fseeko	-	LFS 64-bit variant; on LP64 aliases fseeko
libc.so.6	fsetpos	GLIBC_2.2.5	2	forward-same	fsetpos	-	runtime exports the same name
libc.so.6	fsetpos64	GLIBC_2.2.5	1	forward-alias	fsetpos	-	LFS 64-bit variant; on LP64 aliases fsetpos
libc.so.6	fsetxattr	GLIBC_2.3	2	forward-same	fsetxattr	-	runtime exports the same name
libc.so.6	fstatfs	GLIBC_2.2.5	3	shim	fstatfs	review	struct statfs layout differs; shim
libc.so.6	fstatfs64	GLIBC_2.2.5	1	forward-alias	fstatfs	-	LFS 64-bit variant; on LP64 aliases fstatfs
libc.so.6	fstatvfs	GLIBC_2.2.5	3	shim	fstatvfs	review	struct statvfs / ST_* flag values differ; shim
libc.so.6	fstatvfs64	GLIBC_2.2.5	1	forward-alias	fstatvfs	-	LFS 64-bit variant; on LP64 aliases fstatvfs
libc.so.6	fsync	GLIBC_2.2.5	2	forward-same	fsync	-	runtime exports the same name
libc.so.6	ftell	GLIBC_2.2.5	2	forward-same	ftell	-	runtime exports the same name
libc.so.6	ftello	GLIBC_2.2.5	2	forward-same	ftello	-	runtime exports the same name
libc.so.6	ftello64	GLIBC_2.2.5	1	forward-alias	ftello	-	LFS 64-bit variant; on LP64 aliases ftello
libc.so.6	ftime	GLIBC_2.2.5	2	forward-same	ftime	-	runtime exports the same name
libc.so.6	ftok	GLIBC_2.2.5	2	forward-same	ftok	-	runtime exports the same name
libc.so.6	ftruncate	GLIBC_2.2.5	2	forward-same	ftruncate	-	runtime exports the same name
libc.so.6	ftruncate64	GLIBC_2.2.5	1	forward-alias	ftruncate	-	LFS 64-bit variant; on LP64 aliases ftruncate
libc.so.6	ftrylockfile	GLIBC_2.2.5	2	forward-same	ftrylockfile	-	runtime exports the same name
libc.so.6	fts64_children	GLIBC_2.23	4	stub	-	-	absent from runtime export surface
libc.so.6	fts64_close	GLIBC_2.23	4	stub	-	-	absent from runtime export surface
libc.so.6	fts64_open	GLIBC_2.23	4	stub	-	-	absent from runtime export surface
libc.so.6	fts64_read	GLIBC_2.23	4	stub	-	-	absent from runtime export surface
libc.so.6	fts64_set	GLIBC_2.23	4	stub	-	-	absent from runtime export surface
libc.so.6	fts_children	GLIBC_2.2.5	2	forward-same	fts_children	-	runtime exports the same name
libc.so.6	fts_close	GLIBC_2.2.5	2	forward-same	fts_close	-	runtime exports the same name
libc.so.6	fts_open	GLIBC_2.2.5	2	forward-same	fts_open	-	runtime exports the same name
libc.so.6	fts_read	GLIBC_2.2.5	2	forward-same	fts_read	-	runtime exports the same name
libc.so.6	fts_set	GLIBC_2.2.5	2	forward-same	fts_set	-	runtime exports the same name
libc.so.6	ftw	GLIBC_2.2.5	2	forward-same	ftw	-	runtime exports the same name
libc.so.6	ftw64	GLIBC_2.2.5	1	forward-alias	ftw	-	LFS 64-bit variant; on LP64 aliases ftw
libc.so.6	funlockfile	GLIBC_2.2.5	2	forward-same	funlockfile	-	runtime exports the same name
libc.so.6	futimens	GLIBC_2.6	2	forward-same	futimens	-	runtime exports the same name
libc.so.6	futimes	GLIBC_2.3	2	forward-same	futimes	-	runtime exports the same name
libc.so.6	futimesat	GLIBC_2.4	2	forward-same	futimesat	-	runtime exports the same name
libc.so.6	fwide	GLIBC_2.2.5	2	forward-same	fwide	-	runtime exports the same name
libc.so.6	fwprintf	GLIBC_2.2.5	2	forward-same	fwprintf	-	runtime exports the same name
libc.so.6	fwrite	GLIBC_2.2.5	2	forward-same	fwrite	-	runtime exports the same name
libc.so.6	fwrite_unlocked	GLIBC_2.2.5	2	forward-same	fwrite_unlocked	-	runtime exports the same name
libc.so.6	fwscanf	GLIBC_2.2.5	2	forward-same	fwscanf	-	runtime exports the same name
libc.so.6	gai_strerror	GLIBC_2.2.5	2	forward-same	gai_strerror	-	runtime exports the same name
libc.so.6	gcvt	GLIBC_2.2.5	2	forward-same	gcvt	-	runtime exports the same name
libc.so.6	get_avphys_pages	GLIBC_2.2.5	2	forward-same	get_avphys_pages	-	runtime exports the same name
libc.so.6	get_current_dir_name	GLIBC_2.2.5	2	forward-same	get_current_dir_name	-	runtime exports the same name
libc.so.6	get_kernel_syms	GLIBC_2.2.5	4	stub	-	-	absent from runtime export surface
libc.so.6	get_myaddress	GLIBC_2.2.5	4	stub	-	-	absent from runtime export surface
libc.so.6	get_nprocs	GLIBC_2.2.5	2	forward-same	get_nprocs	-	runtime exports the same name
libc.so.6	get_nprocs_conf	GLIBC_2.2.5	2	forward-same	get_nprocs_conf	-	runtime exports the same name
libc.so.6	get_phys_pages	GLIBC_2.2.5	2	forward-same	get_phys_pages	-	runtime exports the same name
libc.so.6	getaddrinfo	GLIBC_2.2.5	2	forward-same	getaddrinfo	-	runtime exports the same name
libc.so.6	getaliasbyname	GLIBC_2.2.5	4	stub	-	-	absent from runtime export surface
libc.so.6	getaliasbyname_r	GLIBC_2.2.5	4	stub	-	-	absent from runtime export surface
libc.so.6	getaliasent	GLIBC_2.2.5	4	stub	-	-	absent from runtime export surface
libc.so.6	getaliasent_r	GLIBC_2.2.5	4	stub	-	-	absent from runtime export surface
libc.so.6	getauxval	GLIBC_2.16	4	stub	-	-	absent from runtime export surface
libc.so.6	getc	GLIBC_2.2.5	2	forward-same	getc	-	runtime exports the same name
libc.so.6	getc_unlocked	GLIBC_2.2.5	2	forward-same	getc_unlocked	-	runtime exports the same name
libc.so.6	getchar	GLIBC_2.2.5	2	forward-same	getchar	-	runtime exports the same name
libc.so.6	getchar_unlocked	GLIBC_2.2.5	2	forward-same	getchar_unlocked	-	runtime exports the same name
libc.so.6	getcontext	GLIBC_2.2.5	2	forward-same	getcontext	-	runtime exports the same name
libc.so.6	getcwd	GLIBC_2.2.5	2	forward-same	getcwd	-	runtime exports the same name
libc.so.6	getdate	GLIBC_2.2.5	4	stub	-	-	absent from runtime export surface
libc.so.6	getdate_err	GLIBC_2.2.5	4	stub	-	-	absent from runtime export surface
libc.so.6	getdate_r	GLIBC_2.2.5	4	stub	-	-	absent from runtime export surface
libc.so.6	getdelim	GLIBC_2.2.5	2	forward-same	getdelim	-	runtime exports the same name
libc.so.6	getdirentries	GLIBC_2.2.5	3	shim	-	review	struct dirent layout differs; shim over cygwin directory read
libc.so.6	getdirentries64	GLIBC_2.2.5	4	stub	-	-	absent from runtime export surface
libc.so.6	getdomainname	GLIBC_2.2.5	2	forward-same	getdomainname	-	runtime exports the same name
libc.so.6	getdtablesize	GLIBC_2.2.5	2	forward-same	getdtablesize	-	runtime exports the same name
libc.so.6	getegid	GLIBC_2.2.5	2	forward-same	getegid	-	runtime exports the same name
libc.so.6	getentropy	GLIBC_2.25	2	forward-same	getentropy	-	runtime exports the same name
libc.so.6	getenv	GLIBC_2.2.5	2	forward-same	getenv	-	runtime exports the same name
libc.so.6	geteuid	GLIBC_2.2.5	2	forward-same	geteuid	-	runtime exports the same name
libc.so.6	getfsent	GLIBC_2.2.5	4	stub	-	-	absent from runtime export surface
libc.so.6	getfsfile	GLIBC_2.2.5	4	stub	-	-	absent from runtime export surface
libc.so.6	getfsspec	GLIBC_2.2.5	4	stub	-	-	absent from runtime export surface
libc.so.6	getgid	GLIBC_2.2.5	2	forward-same	getgid	-	runtime exports the same name
libc.so.6	getgrent	GLIBC_2.2.5	2	forward-same	getgrent	-	runtime exports the same name
libc.so.6	getgrent_r	GLIBC_2.2.5	4	stub	-	-	absent from runtime export surface
libc.so.6	getgrgid	GLIBC_2.2.5	2	forward-same	getgrgid	-	runtime exports the same name
libc.so.6	getgrgid_r	GLIBC_2.2.5	2	forward-same	getgrgid_r	-	runtime exports the same name
libc.so.6	getgrnam	GLIBC_2.2.5	2	forward-same	getgrnam	-	runtime exports the same name
libc.so.6	getgrnam_r	GLIBC_2.2.5	2	forward-same	getgrnam_r	-	runtime exports the same name
libc.so.6	getgrouplist	GLIBC_2.2.5	2	forward-same	getgrouplist	-	runtime exports the same name
libc.so.6	getgroups	GLIBC_2.2.5	2	forward-same	getgroups	-	runtime exports the same name
libc.so.6	gethostbyaddr	GLIBC_2.2.5	2	forward-same	gethostbyaddr	-	runtime exports the same name
libc.so.6	gethostbyaddr_r	GLIBC_2.2.5	4	stub	-	-	absent from runtime export surface
libc.so.6	gethostbyname	GLIBC_2.2.5	2	forward-same	gethostbyname	-	runtime exports the same name
libc.so.6	gethostbyname2	GLIBC_2.2.5	2	forward-same	gethostbyname2	-	runtime exports the same name
libc.so.6	gethostbyname2_r	GLIBC_2.2.5	4	stub	-	-	absent from runtime export surface
libc.so.6	gethostbyname_r	GLIBC_2.2.5	4	stub	-	-	absent from runtime export surface
libc.so.6	gethostent	GLIBC_2.2.5	4	stub	-	-	absent from runtime export surface
libc.so.6	gethostent_r	GLIBC_2.2.5	4	stub	-	-	absent from runtime export surface
libc.so.6	gethostid	GLIBC_2.2.5	2	forward-same	gethostid	-	runtime exports the same name
libc.so.6	gethostname	GLIBC_2.2.5	2	forward-same	gethostname	-	runtime exports the same name
libc.so.6	getifaddrs	GLIBC_2.3	2	forward-same	getifaddrs	-	runtime exports the same name
libc.so.6	getipv4sourcefilter	GLIBC_2.3.4	4	stub	-	-	absent from runtime export surface
libc.so.6	getitimer	GLIBC_2.2.5	2	forward-same	getitimer	-	runtime exports the same name
libc.so.6	getline	GLIBC_2.2.5	2	forward-same	getline	-	runtime exports the same name
libc.so.6	getloadavg	GLIBC_2.2.5	2	forward-same	getloadavg	-	runtime exports the same name
libc.so.6	getlogin	GLIBC_2.2.5	2	forward-same	getlogin	-	runtime exports the same name
libc.so.6	getlogin_r	GLIBC_2.2.5	2	forward-same	getlogin_r	-	runtime exports the same name
libc.so.6	getmntent	GLIBC_2.2.5	2	forward-same	getmntent	-	runtime exports the same name
libc.so.6	getmntent_r	GLIBC_2.2.5	2	forward-same	getmntent_r	-	runtime exports the same name
libc.so.6	getmsg	GLIBC_2.2.5	4	stub	-	-	absent from runtime export surface
libc.so.6	getnameinfo	GLIBC_2.2.5	2	forward-same	getnameinfo	-	runtime exports the same name
libc.so.6	getnetbyaddr	GLIBC_2.2.5	4	stub	-	-	absent from runtime export surface
libc.so.6	getnetbyaddr_r	GLIBC_2.2.5	4	stub	-	-	absent from runtime export surface
libc.so.6	getnetbyname	GLIBC_2.2.5	4	stub	-	-	absent from runtime export surface
libc.so.6	getnetbyname_r	GLIBC_2.2.5	4	stub	-	-	absent from runtime export surface
libc.so.6	getnetent	GLIBC_2.2.5	4	stub	-	-	absent from runtime export surface
libc.so.6	getnetent_r	GLIBC_2.2.5	4	stub	-	-	absent from runtime export surface
libc.so.6	getnetgrent	GLIBC_2.2.5	4	stub	-	-	absent from runtime export surface
libc.so.6	getnetgrent_r	GLIBC_2.2.5	4	stub	-	-	absent from runtime export surface
libc.so.6	getnetname	GLIBC_2.2.5	4	stub	-	-	absent from runtime export surface
libc.so.6	getopt	GLIBC_2.2.5	2	forward-same	getopt	-	runtime exports the same name
libc.so.6	getopt_long	GLIBC_2.2.5	2	forward-same	getopt_long	-	runtime exports the same name
libc.so.6	getopt_long_only	GLIBC_2.2.5	2	forward-same	getopt_long_only	-	runtime exports the same name
libc.so.6	getpagesize	GLIBC_2.2.5	2	forward-same	getpagesize	-	runtime exports the same name
libc.so.6	getpass	GLIBC_2.2.5	2	forward-same	getpass	-	runtime exports the same name
libc.so.6	getpeername	GLIBC_2.2.5	2	forward-same	getpeername	-	runtime exports the same name
libc.so.6	getpgid	GLIBC_2.2.5	2	forward-same	getpgid	-	runtime exports the same name
libc.so.6	getpgrp	GLIBC_2.2.5	2	forward-same	getpgrp	-	runtime exports the same name
libc.so.6	getpid	GLIBC_2.2.5	2	forward-same	getpid	-	runtime exports the same name
libc.so.6	getpmsg	GLIBC_2.2.5	4	stub	-	-	absent from runtime export surface
libc.so.6	getppid	GLIBC_2.2.5	2	forward-same	getppid	-	runtime exports the same name
libc.so.6	getpriority	GLIBC_2.2.5	2	forward-same	getpriority	-	runtime exports the same name
libc.so.6	getprotobyname	GLIBC_2.2.5	2	forward-same	getprotobyname	-	runtime exports the same name
libc.so.6	getprotobyname_r	GLIBC_2.2.5	4	stub	-	-	absent from runtime export surface
libc.so.6	getprotobynumber	GLIBC_2.2.5	2	forward-same	getprotobynumber	-	runtime exports the same name
libc.so.6	getprotobynumber_r	GLIBC_2.2.5	4	stub	-	-	absent from runtime export surface
libc.so.6	getprotoent	GLIBC_2.2.5	2	forward-same	getprotoent	-	runtime exports the same name
libc.so.6	getprotoent_r	GLIBC_2.2.5	4	stub	-	-	absent from runtime export surface
libc.so.6	getpt	GLIBC_2.2.5	2	forward-same	getpt	-	runtime exports the same name
libc.so.6	getpublickey	GLIBC_2.2.5	4	stub	-	-	absent from runtime export surface
libc.so.6	getpw	GLIBC_2.2.5	4	stub	-	-	absent from runtime export surface
libc.so.6	getpwent	GLIBC_2.2.5	2	forward-same	getpwent	-	runtime exports the same name
libc.so.6	getpwent_r	GLIBC_2.2.5	4	stub	-	-	absent from runtime export surface
libc.so.6	getpwnam	GLIBC_2.2.5	2	forward-same	getpwnam	-	runtime exports the same name
libc.so.6	getpwnam_r	GLIBC_2.2.5	2	forward-same	getpwnam_r	-	runtime exports the same name
libc.so.6	getpwuid	GLIBC_2.2.5	2	forward-same	getpwuid	-	runtime exports the same name
libc.so.6	getpwuid_r	GLIBC_2.2.5	2	forward-same	getpwuid_r	-	runtime exports the same name
libc.so.6	getrandom	GLIBC_2.25	2	forward-same	getrandom	-	runtime exports the same name
libc.so.6	getresgid	GLIBC_2.2.5	4	stub	-	-	absent from runtime export surface
libc.so.6	getresuid	GLIBC_2.2.5	4	stub	-	-	absent from runtime export surface
libc.so.6	getrlimit	GLIBC_2.2.5	3	shim	getrlimit	review	struct rlimit / RLIMIT_* values differ; shim
libc.so.6	getrlimit64	GLIBC_2.2.5	1	forward-alias	getrlimit	-	LFS 64-bit variant; on LP64 aliases getrlimit
libc.so.6	getrpcbyname	GLIBC_2.2.5	4	stub	-	-	absent from runtime export surface
libc.so.6	getrpcbyname_r	GLIBC_2.2.5	4	stub	-	-	absent from runtime export surface
libc.so.6	getrpcbynumber	GLIBC_2.2.5	4	stub	-	-	absent from runtime export surface
libc.so.6	getrpcbynumber_r	GLIBC_2.2.5	4	stub	-	-	absent from runtime export surface
libc.so.6	getrpcent	GLIBC_2.2.5	4	stub	-	-	absent from runtime export surface
libc.so.6	getrpcent_r	GLIBC_2.2.5	4	stub	-	-	absent from runtime export surface
libc.so.6	getrpcport	GLIBC_2.2.5	4	stub	-	-	absent from runtime export surface
libc.so.6	getrusage	GLIBC_2.2.5	2	forward-same	getrusage	-	runtime exports the same name
libc.so.6	gets	GLIBC_2.2.5	2	forward-same	gets	-	runtime exports the same name
libc.so.6	getsecretkey	GLIBC_2.2.5	4	stub	-	-	absent from runtime export surface
libc.so.6	getservbyname	GLIBC_2.2.5	2	forward-same	getservbyname	-	runtime exports the same name
libc.so.6	getservbyname_r	GLIBC_2.2.5	4	stub	-	-	absent from runtime export surface
libc.so.6	getservbyport	GLIBC_2.2.5	2	forward-same	getservbyport	-	runtime exports the same name
libc.so.6	getservbyport_r	GLIBC_2.2.5	4	stub	-	-	absent from runtime export surface
libc.so.6	getservent	GLIBC_2.2.5	2	forward-same	getservent	-	runtime exports the same name
libc.so.6	getservent_r	GLIBC_2.2.5	4	stub	-	-	absent from runtime export surface
libc.so.6	getsgent	GLIBC_2.10	4	stub	-	-	absent from runtime export surface
libc.so.6	getsgent_r	GLIBC_2.10	4	stub	-	-	absent from runtime export surface
libc.so.6	getsgnam	GLIBC_2.10	4	stub	-	-	absent from runtime export surface
libc.so.6	getsgnam_r	GLIBC_2.10	4	stub	-	-	absent from runtime export surface
libc.so.6	getsid	GLIBC_2.2.5	2	forward-same	getsid	-	runtime exports the same name
libc.so.6	getsockname	GLIBC_2.2.5	2	forward-same	getsockname	-	runtime exports the same name
libc.so.6	getsockopt	GLIBC_2.2.5	2	forward-same	getsockopt	-	runtime exports the same name
libc.so.6	getsourcefilter	GLIBC_2.3.4	4	stub	-	-	absent from runtime export surface
libc.so.6	getspent	GLIBC_2.2.5	4	stub	-	-	absent from runtime export surface
libc.so.6	getspent_r	GLIBC_2.2.5	4	stub	-	-	absent from runtime export surface
libc.so.6	getspnam	GLIBC_2.2.5	4	stub	-	-	absent from runtime export surface
libc.so.6	getspnam_r	GLIBC_2.2.5	4	stub	-	-	absent from runtime export surface
libc.so.6	getsubopt	GLIBC_2.2.5	2	forward-same	getsubopt	-	runtime exports the same name
libc.so.6	gettext	GLIBC_2.2.5	4	stub	-	-	absent from runtime export surface
libc.so.6	gettimeofday	GLIBC_2.2.5	2	forward-same	gettimeofday	-	runtime exports the same name
libc.so.6	getttyent	GLIBC_2.2.5	4	stub	-	-	absent from runtime export surface
libc.so.6	getttynam	GLIBC_2.2.5	4	stub	-	-	absent from runtime export surface
libc.so.6	getuid	GLIBC_2.2.5	2	forward-same	getuid	-	runtime exports the same name
libc.so.6	getusershell	GLIBC_2.2.5	2	forward-same	getusershell	-	runtime exports the same name
libc.so.6	getutent	GLIBC_2.2.5	2	forward-same	getutent	-	runtime exports the same name
libc.so.6	getutent_r	GLIBC_2.2.5	4	stub	-	-	absent from runtime export surface
libc.so.6	getutid	GLIBC_2.2.5	2	forward-same	getutid	-	runtime exports the same name
libc.so.6	getutid_r	GLIBC_2.2.5	4	stub	-	-	absent from runtime export surface
libc.so.6	getutline	GLIBC_2.2.5	2	forward-same	getutline	-	runtime exports the same name
libc.so.6	getutline_r	GLIBC_2.2.5	4	stub	-	-	absent from runtime export surface
libc.so.6	getutmp	GLIBC_2.2.5	4	stub	-	-	absent from runtime export surface
libc.so.6	getutmpx	GLIBC_2.2.5	4	stub	-	-	absent from runtime export surface
libc.so.6	getutxent	GLIBC_2.2.5	2	forward-same	getutxent	-	runtime exports the same name
libc.so.6	getutxid	GLIBC_2.2.5	2	forward-same	getutxid	-	runtime exports the same name
libc.so.6	getutxline	GLIBC_2.2.5	2	forward-same	getutxline	-	runtime exports the same name
libc.so.6	getw	GLIBC_2.2.5	2	forward-same	getw	-	runtime exports the same name
libc.so.6	getwc	GLIBC_2.2.5	2	forward-same	getwc	-	runtime exports the same name
libc.so.6	getwc_unlocked	GLIBC_2.2.5	2	forward-same	getwc_unlocked	-	runtime exports the same name
libc.so.6	getwchar	GLIBC_2.2.5	2	forward-same	getwchar	-	runtime exports the same name
libc.so.6	getwchar_unlocked	GLIBC_2.2.5	2	forward-same	getwchar_unlocked	-	runtime exports the same name
libc.so.6	getwd	GLIBC_2.2.5	2	forward-same	getwd	-	runtime exports the same name
libc.so.6	getxattr	GLIBC_2.3	2	forward-same	getxattr	-	runtime exports the same name
libc.so.6	glob	GLIBC_2.2.5	3	shim	glob	review	glob_t layout and GLOB_* flag values differ; shim over cygwin glob
libc.so.6	glob	GLIBC_2.27	3	shim	glob	review	glob_t layout and GLOB_* flag values differ; shim over cygwin glob
libc.so.6	glob64	GLIBC_2.2.5	1	forward-alias	glob	-	LFS 64-bit variant; on LP64 aliases glob
libc.so.6	glob64	GLIBC_2.27	1	forward-alias	glob	-	LFS 64-bit variant; on LP64 aliases glob
libc.so.6	glob_pattern_p	GLIBC_2.2.5	2	forward-same	glob_pattern_p	-	runtime exports the same name
libc.so.6	globfree	GLIBC_2.2.5	3	shim	globfree	review	glob_t layout differs; shim over cygwin globfree
libc.so.6	globfree64	GLIBC_2.2.5	1	forward-alias	globfree	-	LFS 64-bit variant; on LP64 aliases globfree
libc.so.6	gmtime	GLIBC_2.2.5	2	forward-same	gmtime	-	runtime exports the same name
libc.so.6	gmtime_r	GLIBC_2.2.5	2	forward-same	gmtime_r	-	runtime exports the same name
libc.so.6	gnu_dev_major	GLIBC_2.3.3	4	stub	-	-	absent from runtime export surface
libc.so.6	gnu_dev_makedev	GLIBC_2.3.3	4	stub	-	-	absent from runtime export surface
libc.so.6	gnu_dev_minor	GLIBC_2.3.3	4	stub	-	-	absent from runtime export surface
libc.so.6	gnu_get_libc_release	GLIBC_2.2.5	4	stub	-	-	absent from runtime export surface
libc.so.6	gnu_get_libc_version	GLIBC_2.2.5	4	stub	-	-	absent from runtime export surface
libc.so.6	grantpt	GLIBC_2.2.5	2	forward-same	grantpt	-	runtime exports the same name
libc.so.6	group_member	GLIBC_2.2.5	4	stub	-	-	absent from runtime export surface
libc.so.6	gsignal	GLIBC_2.2.5	4	stub	-	-	absent from runtime export surface
libc.so.6	gtty	GLIBC_2.2.5	4	stub	-	-	absent from runtime export surface
libc.so.6	h_errlist	GLIBC_2.2.5	4	stub	-	-	absent from runtime export surface
libc.so.6	h_nerr	GLIBC_2.2.5	4	stub	-	-	absent from runtime export surface
libc.so.6	hasmntopt	GLIBC_2.2.5	4	stub	-	-	absent from runtime export surface
libc.so.6	hcreate	GLIBC_2.2.5	2	forward-same	hcreate	-	runtime exports the same name
libc.so.6	hcreate_r	GLIBC_2.2.5	2	forward-same	hcreate_r	-	runtime exports the same name
libc.so.6	hdestroy	GLIBC_2.2.5	2	forward-same	hdestroy	-	runtime exports the same name
libc.so.6	hdestroy_r	GLIBC_2.2.5	2	forward-same	hdestroy_r	-	runtime exports the same name
libc.so.6	herror	GLIBC_2.2.5	2	forward-same	herror	-	runtime exports the same name
libc.so.6	host2netname	GLIBC_2.2.5	4	stub	-	-	absent from runtime export surface
libc.so.6	hsearch	GLIBC_2.2.5	2	forward-same	hsearch	-	runtime exports the same name
libc.so.6	hsearch_r	GLIBC_2.2.5	2	forward-same	hsearch_r	-	runtime exports the same name
libc.so.6	hstrerror	GLIBC_2.2.5	2	forward-same	hstrerror	-	runtime exports the same name
libc.so.6	htonl	GLIBC_2.2.5	2	forward-same	htonl	-	runtime exports the same name
libc.so.6	htons	GLIBC_2.2.5	2	forward-same	htons	-	runtime exports the same name
libc.so.6	iconv	GLIBC_2.2.5	4	stub	-	-	absent from runtime export surface
libc.so.6	iconv_close	GLIBC_2.2.5	4	stub	-	-	absent from runtime export surface
libc.so.6	iconv_open	GLIBC_2.2.5	4	stub	-	-	absent from runtime export surface
libc.so.6	if_freenameindex	GLIBC_2.2.5	2	forward-same	if_freenameindex	-	runtime exports the same name
libc.so.6	if_indextoname	GLIBC_2.2.5	2	forward-same	if_indextoname	-	runtime exports the same name
libc.so.6	if_nameindex	GLIBC_2.2.5	2	forward-same	if_nameindex	-	runtime exports the same name
libc.so.6	if_nametoindex	GLIBC_2.2.5	2	forward-same	if_nametoindex	-	runtime exports the same name
libc.so.6	imaxabs	GLIBC_2.2.5	2	forward-same	imaxabs	-	runtime exports the same name
libc.so.6	imaxdiv	GLIBC_2.2.5	2	forward-same	imaxdiv	-	runtime exports the same name
libc.so.6	in6addr_any	GLIBC_2.2.5	2	forward-same	in6addr_any	-	runtime exports the same name
libc.so.6	in6addr_loopback	GLIBC_2.2.5	2	forward-same	in6addr_loopback	-	runtime exports the same name
libc.so.6	index	GLIBC_2.2.5	2	forward-same	index	-	runtime exports the same name
libc.so.6	inet6_opt_append	GLIBC_2.5	4	stub	-	-	absent from runtime export surface
libc.so.6	inet6_opt_find	GLIBC_2.5	4	stub	-	-	absent from runtime export surface
libc.so.6	inet6_opt_finish	GLIBC_2.5	4	stub	-	-	absent from runtime export surface
libc.so.6	inet6_opt_get_val	GLIBC_2.5	4	stub	-	-	absent from runtime export surface
libc.so.6	inet6_opt_init	GLIBC_2.5	4	stub	-	-	absent from runtime export surface
libc.so.6	inet6_opt_next	GLIBC_2.5	4	stub	-	-	absent from runtime export surface
libc.so.6	inet6_opt_set_val	GLIBC_2.5	4	stub	-	-	absent from runtime export surface
libc.so.6	inet6_option_alloc	GLIBC_2.3.3	4	stub	-	-	absent from runtime export surface
libc.so.6	inet6_option_append	GLIBC_2.3.3	4	stub	-	-	absent from runtime export surface
libc.so.6	inet6_option_find	GLIBC_2.3.3	4	stub	-	-	absent from runtime export surface
libc.so.6	inet6_option_init	GLIBC_2.3.3	4	stub	-	-	absent from runtime export surface
libc.so.6	inet6_option_next	GLIBC_2.3.3	4	stub	-	-	absent from runtime export surface
libc.so.6	inet6_option_space	GLIBC_2.3.3	4	stub	-	-	absent from runtime export surface
libc.so.6	inet6_rth_add	GLIBC_2.5	4	stub	-	-	absent from runtime export surface
libc.so.6	inet6_rth_getaddr	GLIBC_2.5	4	stub	-	-	absent from runtime export surface
libc.so.6	inet6_rth_init	GLIBC_2.5	4	stub	-	-	absent from runtime export surface
libc.so.6	inet6_rth_reverse	GLIBC_2.5	4	stub	-	-	absent from runtime export surface
libc.so.6	inet6_rth_segments	GLIBC_2.5	4	stub	-	-	absent from runtime export surface
libc.so.6	inet6_rth_space	GLIBC_2.5	4	stub	-	-	absent from runtime export surface
libc.so.6	inet_addr	GLIBC_2.2.5	2	forward-same	inet_addr	-	runtime exports the same name
libc.so.6	inet_aton	GLIBC_2.2.5	2	forward-same	inet_aton	-	runtime exports the same name
libc.so.6	inet_lnaof	GLIBC_2.2.5	4	stub	-	-	absent from runtime export surface
libc.so.6	inet_makeaddr	GLIBC_2.2.5	2	forward-same	inet_makeaddr	-	runtime exports the same name
libc.so.6	inet_netof	GLIBC_2.2.5	2	forward-same	inet_netof	-	runtime exports the same name
libc.so.6	inet_network	GLIBC_2.2.5	2	forward-same	inet_network	-	runtime exports the same name
libc.so.6	inet_nsap_addr	GLIBC_2.2.5	4	stub	-	-	absent from runtime export surface
libc.so.6	inet_nsap_ntoa	GLIBC_2.2.5	4	stub	-	-	absent from runtime export surface
libc.so.6	inet_ntoa	GLIBC_2.2.5	2	forward-same	inet_ntoa	-	runtime exports the same name
libc.so.6	inet_ntop	GLIBC_2.2.5	2	forward-same	inet_ntop	-	runtime exports the same name
libc.so.6	inet_pton	GLIBC_2.2.5	2	forward-same	inet_pton	-	runtime exports the same name
libc.so.6	init_module	GLIBC_2.2.5	4	stub	-	-	absent from runtime export surface
libc.so.6	initgroups	GLIBC_2.2.5	2	forward-same	initgroups	-	runtime exports the same name
libc.so.6	initstate	GLIBC_2.2.5	2	forward-same	initstate	-	runtime exports the same name
libc.so.6	initstate_r	GLIBC_2.2.5	4	stub	-	-	absent from runtime export surface
libc.so.6	innetgr	GLIBC_2.2.5	4	stub	-	-	absent from runtime export surface
libc.so.6	inotify_add_watch	GLIBC_2.4	4	stub	-	-	absent from runtime export surface
libc.so.6	inotify_init	GLIBC_2.4	4	stub	-	-	absent from runtime export surface
libc.so.6	inotify_init1	GLIBC_2.9	4	stub	-	-	absent from runtime export surface
libc.so.6	inotify_rm_watch	GLIBC_2.4	4	stub	-	-	absent from runtime export surface
libc.so.6	insque	GLIBC_2.2.5	2	forward-same	insque	-	runtime exports the same name
libc.so.6	ioctl	GLIBC_2.2.5	3	shim	ioctl	review	ioctl request numbers and argument structs differ; shim
libc.so.6	ioperm	GLIBC_2.2.5	4	stub	-	-	absent from runtime export surface
libc.so.6	iopl	GLIBC_2.2.5	4	stub	-	-	absent from runtime export surface
libc.so.6	iruserok	GLIBC_2.2.5	2	forward-same	iruserok	-	runtime exports the same name
libc.so.6	iruserok_af	GLIBC_2.2.5	4	stub	-	-	absent from runtime export surface
libc.so.6	isalnum	GLIBC_2.2.5	2	forward-same	isalnum	-	runtime exports the same name
libc.so.6	isalnum_l	GLIBC_2.3	2	forward-same	isalnum_l	-	runtime exports the same name
libc.so.6	isalpha	GLIBC_2.2.5	2	forward-same	isalpha	-	runtime exports the same name
libc.so.6	isalpha_l	GLIBC_2.3	2	forward-same	isalpha_l	-	runtime exports the same name
libc.so.6	isascii	GLIBC_2.2.5	2	forward-same	isascii	-	runtime exports the same name
libc.so.6	isastream	GLIBC_2.2.5	4	stub	-	-	absent from runtime export surface
libc.so.6	isatty	GLIBC_2.2.5	2	forward-same	isatty	-	runtime exports the same name
libc.so.6	isblank	GLIBC_2.2.5	2	forward-same	isblank	-	runtime exports the same name
libc.so.6	isblank_l	GLIBC_2.3	2	forward-same	isblank_l	-	runtime exports the same name
libc.so.6	iscntrl	GLIBC_2.2.5	2	forward-same	iscntrl	-	runtime exports the same name
libc.so.6	iscntrl_l	GLIBC_2.3	2	forward-same	iscntrl_l	-	runtime exports the same name
libc.so.6	isctype	GLIBC_2.3	4	stub	-	-	absent from runtime export surface
libc.so.6	isdigit	GLIBC_2.2.5	2	forward-same	isdigit	-	runtime exports the same name
libc.so.6	isdigit_l	GLIBC_2.3	2	forward-same	isdigit_l	-	runtime exports the same name
libc.so.6	isfdtype	GLIBC_2.2.5	4	stub	-	-	absent from runtime export surface
libc.so.6	isgraph	GLIBC_2.2.5	2	forward-same	isgraph	-	runtime exports the same name
libc.so.6	isgraph_l	GLIBC_2.3	2	forward-same	isgraph_l	-	runtime exports the same name
libc.so.6	isinf	GLIBC_2.2.5	2	forward-same	isinf	-	runtime exports the same name
libc.so.6	isinff	GLIBC_2.2.5	2	forward-same	isinff	-	runtime exports the same name
libc.so.6	isinfl	GLIBC_2.2.5	2	forward-same	isinfl	-	runtime exports the same name
libc.so.6	islower	GLIBC_2.2.5	2	forward-same	islower	-	runtime exports the same name
libc.so.6	islower_l	GLIBC_2.3	2	forward-same	islower_l	-	runtime exports the same name
libc.so.6	isnan	GLIBC_2.2.5	2	forward-same	isnan	-	runtime exports the same name
libc.so.6	isnanf	GLIBC_2.2.5	2	forward-same	isnanf	-	runtime exports the same name
libc.so.6	isnanl	GLIBC_2.2.5	2	forward-same	isnanl	-	runtime exports the same name
libc.so.6	isprint	GLIBC_2.2.5	2	forward-same	isprint	-	runtime exports the same name
libc.so.6	isprint_l	GLIBC_2.3	2	forward-same	isprint_l	-	runtime exports the same name
libc.so.6	ispunct	GLIBC_2.2.5	2	forward-same	ispunct	-	runtime exports the same name
libc.so.6	ispunct_l	GLIBC_2.3	2	forward-same	ispunct_l	-	runtime exports the same name
libc.so.6	isspace	GLIBC_2.2.5	2	forward-same	isspace	-	runtime exports the same name
libc.so.6	isspace_l	GLIBC_2.3	2	forward-same	isspace_l	-	runtime exports the same name
libc.so.6	isupper	GLIBC_2.2.5	2	forward-same	isupper	-	runtime exports the same name
libc.so.6	isupper_l	GLIBC_2.3	2	forward-same	isupper_l	-	runtime exports the same name
libc.so.6	iswalnum	GLIBC_2.2.5	2	forward-same	iswalnum	-	runtime exports the same name
libc.so.6	iswalnum_l	GLIBC_2.3	2	forward-same	iswalnum_l	-	runtime exports the same name
libc.so.6	iswalpha	GLIBC_2.2.5	2	forward-same	iswalpha	-	runtime exports the same name
libc.so.6	iswalpha_l	GLIBC_2.3	2	forward-same	iswalpha_l	-	runtime exports the same name
libc.so.6	iswblank	GLIBC_2.2.5	2	forward-same	iswblank	-	runtime exports the same name
libc.so.6	iswblank_l	GLIBC_2.3	2	forward-same	iswblank_l	-	runtime exports the same name
libc.so.6	iswcntrl	GLIBC_2.2.5	2	forward-same	iswcntrl	-	runtime exports the same name
libc.so.6	iswcntrl_l	GLIBC_2.3	2	forward-same	iswcntrl_l	-	runtime exports the same name
libc.so.6	iswctype	GLIBC_2.2.5	2	forward-same	iswctype	-	runtime exports the same name
libc.so.6	iswctype_l	GLIBC_2.3	2	forward-same	iswctype_l	-	runtime exports the same name
libc.so.6	iswdigit	GLIBC_2.2.5	2	forward-same	iswdigit	-	runtime exports the same name
libc.so.6	iswdigit_l	GLIBC_2.3	2	forward-same	iswdigit_l	-	runtime exports the same name
libc.so.6	iswgraph	GLIBC_2.2.5	2	forward-same	iswgraph	-	runtime exports the same name
libc.so.6	iswgraph_l	GLIBC_2.3	2	forward-same	iswgraph_l	-	runtime exports the same name
libc.so.6	iswlower	GLIBC_2.2.5	2	forward-same	iswlower	-	runtime exports the same name
libc.so.6	iswlower_l	GLIBC_2.3	2	forward-same	iswlower_l	-	runtime exports the same name
libc.so.6	iswprint	GLIBC_2.2.5	2	forward-same	iswprint	-	runtime exports the same name
libc.so.6	iswprint_l	GLIBC_2.3	2	forward-same	iswprint_l	-	runtime exports the same name
libc.so.6	iswpunct	GLIBC_2.2.5	2	forward-same	iswpunct	-	runtime exports the same name
libc.so.6	iswpunct_l	GLIBC_2.3	2	forward-same	iswpunct_l	-	runtime exports the same name
libc.so.6	iswspace	GLIBC_2.2.5	2	forward-same	iswspace	-	runtime exports the same name
libc.so.6	iswspace_l	GLIBC_2.3	2	forward-same	iswspace_l	-	runtime exports the same name
libc.so.6	iswupper	GLIBC_2.2.5	2	forward-same	iswupper	-	runtime exports the same name
libc.so.6	iswupper_l	GLIBC_2.3	2	forward-same	iswupper_l	-	runtime exports the same name
libc.so.6	iswxdigit	GLIBC_2.2.5	2	forward-same	iswxdigit	-	runtime exports the same name
libc.so.6	iswxdigit_l	GLIBC_2.3	2	forward-same	iswxdigit_l	-	runtime exports the same name
libc.so.6	isxdigit	GLIBC_2.2.5	2	forward-same	isxdigit	-	runtime exports the same name
libc.so.6	isxdigit_l	GLIBC_2.3	2	forward-same	isxdigit_l	-	runtime exports the same name
libc.so.6	jrand48	GLIBC_2.2.5	2	forward-same	jrand48	-	runtime exports the same name
libc.so.6	jrand48_r	GLIBC_2.2.5	4	stub	-	-	absent from runtime export surface
libc.so.6	key_decryptsession	GLIBC_2.2.5	4	stub	-	-	absent from runtime export surface
libc.so.6	key_decryptsession_pk	GLIBC_2.2.5	4	stub	-	-	absent from runtime export surface
libc.so.6	key_encryptsession	GLIBC_2.2.5	4	stub	-	-	absent from runtime export surface
libc.so.6	key_encryptsession_pk	GLIBC_2.2.5	4	stub	-	-	absent from runtime export surface
libc.so.6	key_gendes	GLIBC_2.2.5	4	stub	-	-	absent from runtime export surface
libc.so.6	key_get_conv	GLIBC_2.2.5	4	stub	-	-	absent from runtime export surface
libc.so.6	key_secretkey_is_set	GLIBC_2.2.5	4	stub	-	-	absent from runtime export surface
libc.so.6	key_setnet	GLIBC_2.2.5	4	stub	-	-	absent from runtime export surface
libc.so.6	key_setsecret	GLIBC_2.2.5	4	stub	-	-	absent from runtime export surface
libc.so.6	kill	GLIBC_2.2.5	2	forward-same	kill	-	runtime exports the same name
libc.so.6	killpg	GLIBC_2.2.5	2	forward-same	killpg	-	runtime exports the same name
libc.so.6	klogctl	GLIBC_2.2.5	4	stub	-	-	absent from runtime export surface
libc.so.6	l64a	GLIBC_2.2.5	2	forward-same	l64a	-	runtime exports the same name
libc.so.6	labs	GLIBC_2.2.5	2	forward-same	labs	-	runtime exports the same name
libc.so.6	lchmod	GLIBC_2.3.2	4	stub	-	-	absent from runtime export surface
libc.so.6	lchown	GLIBC_2.2.5	2	forward-same	lchown	-	runtime exports the same name
libc.so.6	lckpwdf	GLIBC_2.2.5	4	stub	-	-	absent from runtime export surface
libc.so.6	lcong48	GLIBC_2.2.5	2	forward-same	lcong48	-	runtime exports the same name
libc.so.6	lcong48_r	GLIBC_2.2.5	4	stub	-	-	absent from runtime export surface
libc.so.6	ldexp	GLIBC_2.2.5	2	forward-same	ldexp	-	runtime exports the same name
libc.so.6	ldexpf	GLIBC_2.2.5	2	forward-same	ldexpf	-	runtime exports the same name
libc.so.6	ldexpl	GLIBC_2.2.5	2	forward-same	ldexpl	-	runtime exports the same name
libc.so.6	ldiv	GLIBC_2.2.5	2	forward-same	ldiv	-	runtime exports the same name
libc.so.6	lfind	GLIBC_2.2.5	2	forward-same	lfind	-	runtime exports the same name
libc.so.6	lgetxattr	GLIBC_2.3	2	forward-same	lgetxattr	-	runtime exports the same name
libc.so.6	link	GLIBC_2.2.5	2	forward-same	link	-	runtime exports the same name
libc.so.6	linkat	GLIBC_2.4	2	forward-same	linkat	-	runtime exports the same name
libc.so.6	listen	GLIBC_2.2.5	2	forward-same	listen	-	runtime exports the same name
libc.so.6	listxattr	GLIBC_2.3	2	forward-same	listxattr	-	runtime exports the same name
libc.so.6	llabs	GLIBC_2.2.5	2	forward-same	llabs	-	runtime exports the same name
libc.so.6	lldiv	GLIBC_2.2.5	2	forward-same	lldiv	-	runtime exports the same name
libc.so.6	llistxattr	GLIBC_2.3	2	forward-same	llistxattr	-	runtime exports the same name
libc.so.6	llseek	GLIBC_2.2.5	4	stub	-	-	absent from runtime export surface
libc.so.6	loc1	GLIBC_2.2.5	4	stub	-	-	absent from runtime export surface
libc.so.6	loc2	GLIBC_2.2.5	4	stub	-	-	absent from runtime export surface
libc.so.6	localeconv	GLIBC_2.2.5	2	forward-same	localeconv	-	runtime exports the same name
libc.so.6	localtime	GLIBC_2.2.5	2	forward-same	localtime	-	runtime exports the same name
libc.so.6	localtime_r	GLIBC_2.2.5	2	forward-same	localtime_r	-	runtime exports the same name
libc.so.6	lockf	GLIBC_2.2.5	2	forward-same	lockf	-	runtime exports the same name
libc.so.6	lockf64	GLIBC_2.2.5	1	forward-alias	lockf	-	LFS 64-bit variant; on LP64 aliases lockf
libc.so.6	locs	GLIBC_2.2.5	4	stub	-	-	absent from runtime export surface
libc.so.6	longjmp	GLIBC_2.2.5	3	shim	longjmp	review	jmp_buf layout differs; shim
libc.so.6	lrand48	GLIBC_2.2.5	2	forward-same	lrand48	-	runtime exports the same name
libc.so.6	lrand48_r	GLIBC_2.2.5	4	stub	-	-	absent from runtime export surface
libc.so.6	lremovexattr	GLIBC_2.3	2	forward-same	lremovexattr	-	runtime exports the same name
libc.so.6	lsearch	GLIBC_2.2.5	2	forward-same	lsearch	-	runtime exports the same name
libc.so.6	lseek	GLIBC_2.2.5	2	forward-same	lseek	-	runtime exports the same name
libc.so.6	lseek64	GLIBC_2.2.5	1	forward-alias	lseek	-	LFS 64-bit variant; on LP64 aliases lseek
libc.so.6	lsetxattr	GLIBC_2.3	2	forward-same	lsetxattr	-	runtime exports the same name
libc.so.6	lutimes	GLIBC_2.3	2	forward-same	lutimes	-	runtime exports the same name
libc.so.6	madvise	GLIBC_2.2.5	2	forward-same	madvise	-	runtime exports the same name
libc.so.6	makecontext	GLIBC_2.2.5	2	forward-same	makecontext	-	runtime exports the same name
libc.so.6	mallinfo	GLIBC_2.2.5	2	forward-same	mallinfo	-	runtime exports the same name
libc.so.6	malloc	GLIBC_2.2.5	2	forward-same	malloc	-	runtime exports the same name
libc.so.6	malloc_get_state	GLIBC_2.2.5	4	stub	-	-	absent from runtime export surface
libc.so.6	malloc_info	GLIBC_2.10	4	stub	-	-	absent from runtime export surface
libc.so.6	malloc_set_state	GLIBC_2.2.5	4	stub	-	-	absent from runtime export surface
libc.so.6	malloc_stats	GLIBC_2.2.5	2	forward-same	malloc_stats	-	runtime exports the same name
libc.so.6	malloc_trim	GLIBC_2.2.5	2	forward-same	malloc_trim	-	runtime exports the same name
libc.so.6	malloc_usable_size	GLIBC_2.2.5	2	forward-same	malloc_usable_size	-	runtime exports the same name
libc.so.6	mallopt	GLIBC_2.2.5	2	forward-same	mallopt	-	runtime exports the same name
libc.so.6	mallwatch	GLIBC_2.2.5	4	stub	-	-	absent from runtime export surface
libc.so.6	mblen	GLIBC_2.2.5	2	forward-same	mblen	-	runtime exports the same name
libc.so.6	mbrlen	GLIBC_2.2.5	2	forward-same	mbrlen	-	runtime exports the same name
libc.so.6	mbrtoc16	GLIBC_2.16	2	forward-same	mbrtoc16	-	runtime exports the same name
libc.so.6	mbrtoc32	GLIBC_2.16	2	forward-same	mbrtoc32	-	runtime exports the same name
libc.so.6	mbrtowc	GLIBC_2.2.5	2	forward-same	mbrtowc	-	runtime exports the same name
libc.so.6	mbsinit	GLIBC_2.2.5	2	forward-same	mbsinit	-	runtime exports the same name
libc.so.6	mbsnrtowcs	GLIBC_2.2.5	2	forward-same	mbsnrtowcs	-	runtime exports the same name
libc.so.6	mbsrtowcs	GLIBC_2.2.5	2	forward-same	mbsrtowcs	-	runtime exports the same name
libc.so.6	mbstowcs	GLIBC_2.2.5	2	forward-same	mbstowcs	-	runtime exports the same name
libc.so.6	mbtowc	GLIBC_2.2.5	2	forward-same	mbtowc	-	runtime exports the same name
libc.so.6	mcheck	GLIBC_2.2.5	4	stub	-	-	absent from runtime export surface
libc.so.6	mcheck_check_all	GLIBC_2.2.5	4	stub	-	-	absent from runtime export surface
libc.so.6	mcheck_pedantic	GLIBC_2.2.5	4	stub	-	-	absent from runtime export surface
libc.so.6	mcount	GLIBC_2.2.5	4	stub	-	-	absent from runtime export surface
libc.so.6	memalign	GLIBC_2.2.5	2	forward-same	memalign	-	runtime exports the same name
libc.so.6	memccpy	GLIBC_2.2.5	2	forward-same	memccpy	-	runtime exports the same name
libc.so.6	memchr	GLIBC_2.2.5	2	forward-same	memchr	-	runtime exports the same name
libc.so.6	memcmp	GLIBC_2.2.5	2	forward-same	memcmp	-	runtime exports the same name
libc.so.6	memcpy	GLIBC_2.14	2	forward-same	memcpy	-	runtime exports the same name
libc.so.6	memcpy	GLIBC_2.2.5	2	forward-same	memcpy	-	runtime exports the same name
libc.so.6	memfd_create	GLIBC_2.27	4	stub	-	-	absent from runtime export surface
libc.so.6	memfrob	GLIBC_2.2.5	4	stub	-	-	absent from runtime export surface
libc.so.6	memmem	GLIBC_2.2.5	2	forward-same	memmem	-	runtime exports the same name
libc.so.6	memmove	GLIBC_2.2.5	2	forward-same	memmove	-	runtime exports the same name
libc.so.6	mempcpy	GLIBC_2.2.5	2	forward-same	mempcpy	-	runtime exports the same name
libc.so.6	memrchr	GLIBC_2.2.5	2	forward-same	memrchr	-	runtime exports the same name
libc.so.6	memset	GLIBC_2.2.5	2	forward-same	memset	-	runtime exports the same name
libc.so.6	mincore	GLIBC_2.2.5	4	stub	-	-	absent from runtime export surface
libc.so.6	mkdir	GLIBC_2.2.5	2	forward-same	mkdir	-	runtime exports the same name
libc.so.6	mkdirat	GLIBC_2.4	2	forward-same	mkdirat	-	runtime exports the same name
libc.so.6	mkdtemp	GLIBC_2.2.5	2	forward-same	mkdtemp	-	runtime exports the same name
libc.so.6	mkfifo	GLIBC_2.2.5	2	forward-same	mkfifo	-	runtime exports the same name
libc.so.6	mkfifoat	GLIBC_2.4	2	forward-same	mkfifoat	-	runtime exports the same name
libc.so.6	mkostemp	GLIBC_2.7	2	forward-same	mkostemp	-	runtime exports the same name
libc.so.6	mkostemp64	GLIBC_2.7	1	forward-alias	mkostemp	-	LFS 64-bit variant; on LP64 aliases mkostemp
libc.so.6	mkostemps	GLIBC_2.11	2	forward-same	mkostemps	-	runtime exports the same name
libc.so.6	mkostemps64	GLIBC_2.11	1	forward-alias	mkostemps	-	LFS 64-bit variant; on LP64 aliases mkostemps
libc.so.6	mkstemp	GLIBC_2.2.5	2	forward-same	mkstemp	-	runtime exports the same name
libc.so.6	mkstemp64	GLIBC_2.2.5	1	forward-alias	mkstemp	-	LFS 64-bit variant; on LP64 aliases mkstemp
libc.so.6	mkstemps	GLIBC_2.11	2	forward-same	mkstemps	-	runtime exports the same name
libc.so.6	mkstemps64	GLIBC_2.11	1	forward-alias	mkstemps	-	LFS 64-bit variant; on LP64 aliases mkstemps
libc.so.6	mktemp	GLIBC_2.2.5	2	forward-same	mktemp	-	runtime exports the same name
libc.so.6	mktime	GLIBC_2.2.5	2	forward-same	mktime	-	runtime exports the same name
libc.so.6	mlock	GLIBC_2.2.5	2	forward-same	mlock	-	runtime exports the same name
libc.so.6	mlock2	GLIBC_2.27	4	stub	-	-	absent from runtime export surface
libc.so.6	mlockall	GLIBC_2.2.5	4	stub	-	-	absent from runtime export surface
libc.so.6	mmap	GLIBC_2.2.5	2	forward-same	mmap	-	runtime exports the same name
libc.so.6	mmap64	GLIBC_2.2.5	1	forward-alias	mmap	-	LFS 64-bit variant; on LP64 aliases mmap
libc.so.6	modf	GLIBC_2.2.5	2	forward-same	modf	-	runtime exports the same name
libc.so.6	modff	GLIBC_2.2.5	2	forward-same	modff	-	runtime exports the same name
libc.so.6	modfl	GLIBC_2.2.5	2	forward-same	modfl	-	runtime exports the same name
libc.so.6	modify_ldt	GLIBC_2.2.5	4	stub	-	-	absent from runtime export surface
libc.so.6	moncontrol	GLIBC_2.2.5	4	stub	-	-	absent from runtime export surface
libc.so.6	monstartup	GLIBC_2.2.5	4	stub	-	-	absent from runtime export surface
libc.so.6	mount	GLIBC_2.2.5	2	forward-same	mount	-	runtime exports the same name
libc.so.6	mprobe	GLIBC_2.2.5	4	stub	-	-	absent from runtime export surface
libc.so.6	mprotect	GLIBC_2.2.5	2	forward-same	mprotect	-	runtime exports the same name
libc.so.6	mrand48	GLIBC_2.2.5	2	forward-same	mrand48	-	runtime exports the same name
libc.so.6	mrand48_r	GLIBC_2.2.5	4	stub	-	-	absent from runtime export surface
libc.so.6	mremap	GLIBC_2.2.5	4	stub	-	-	absent from runtime export surface
libc.so.6	msgctl	GLIBC_2.2.5	2	forward-same	msgctl	-	runtime exports the same name
libc.so.6	msgget	GLIBC_2.2.5	2	forward-same	msgget	-	runtime exports the same name
libc.so.6	msgrcv	GLIBC_2.2.5	2	forward-same	msgrcv	-	runtime exports the same name
libc.so.6	msgsnd	GLIBC_2.2.5	2	forward-same	msgsnd	-	runtime exports the same name
libc.so.6	msync	GLIBC_2.2.5	2	forward-same	msync	-	runtime exports the same name
libc.so.6	mtrace	GLIBC_2.2.5	4	stub	-	-	absent from runtime export surface
libc.so.6	munlock	GLIBC_2.2.5	2	forward-same	munlock	-	runtime exports the same name
libc.so.6	munlockall	GLIBC_2.2.5	4	stub	-	-	absent from runtime export surface
libc.so.6	munmap	GLIBC_2.2.5	2	forward-same	munmap	-	runtime exports the same name
libc.so.6	muntrace	GLIBC_2.2.5	4	stub	-	-	absent from runtime export surface
libc.so.6	name_to_handle_at	GLIBC_2.14	4	stub	-	-	absent from runtime export surface
libc.so.6	nanosleep	GLIBC_2.2.5	2	forward-same	nanosleep	-	runtime exports the same name
libc.so.6	netname2host	GLIBC_2.2.5	4	stub	-	-	absent from runtime export surface
libc.so.6	netname2user	GLIBC_2.2.5	4	stub	-	-	absent from runtime export surface
libc.so.6	newlocale	GLIBC_2.3	2	forward-same	newlocale	-	runtime exports the same name
libc.so.6	nfsservctl	GLIBC_2.2.5	4	stub	-	-	absent from runtime export surface
libc.so.6	nftw	GLIBC_2.2.5	2	forward-same	nftw	-	runtime exports the same name
libc.so.6	nftw	GLIBC_2.3.3	2	forward-same	nftw	-	runtime exports the same name
libc.so.6	nftw64	GLIBC_2.2.5	1	forward-alias	nftw	-	LFS 64-bit variant; on LP64 aliases nftw
libc.so.6	nftw64	GLIBC_2.3.3	1	forward-alias	nftw	-	LFS 64-bit variant; on LP64 aliases nftw
libc.so.6	ngettext	GLIBC_2.2.5	4	stub	-	-	absent from runtime export surface
libc.so.6	nice	GLIBC_2.2.5	2	forward-same	nice	-	runtime exports the same name
libc.so.6	nl_langinfo	GLIBC_2.2.5	2	forward-same	nl_langinfo	-	runtime exports the same name
libc.so.6	nl_langinfo_l	GLIBC_2.3	2	forward-same	nl_langinfo_l	-	runtime exports the same name
libc.so.6	nrand48	GLIBC_2.2.5	2	forward-same	nrand48	-	runtime exports the same name
libc.so.6	nrand48_r	GLIBC_2.2.5	4	stub	-	-	absent from runtime export surface
libc.so.6	ntohl	GLIBC_2.2.5	2	forward-same	ntohl	-	runtime exports the same name
libc.so.6	ntohs	GLIBC_2.2.5	2	forward-same	ntohs	-	runtime exports the same name
libc.so.6	ntp_adjtime	GLIBC_2.2.5	4	stub	-	-	absent from runtime export surface
libc.so.6	ntp_gettime	GLIBC_2.2.5	4	stub	-	-	absent from runtime export surface
libc.so.6	ntp_gettimex	GLIBC_2.12	4	stub	-	-	absent from runtime export surface
libc.so.6	obstack_alloc_failed_handler	GLIBC_2.2.5	4	stub	-	-	absent from runtime export surface
libc.so.6	obstack_exit_failure	GLIBC_2.2.5	4	stub	-	-	absent from runtime export surface
libc.so.6	obstack_free	GLIBC_2.2.5	4	stub	-	-	absent from runtime export surface
libc.so.6	obstack_printf	GLIBC_2.2.5	4	stub	-	-	absent from runtime export surface
libc.so.6	obstack_vprintf	GLIBC_2.2.5	4	stub	-	-	absent from runtime export surface
libc.so.6	on_exit	GLIBC_2.2.5	2	forward-same	on_exit	-	runtime exports the same name
libc.so.6	open	GLIBC_2.2.5	3	shim	open	review	O_* flag values differ; shim over cygwin open
libc.so.6	open64	GLIBC_2.2.5	1	forward-alias	open	-	LFS 64-bit variant; on LP64 aliases open
libc.so.6	open_by_handle_at	GLIBC_2.14	4	stub	-	-	absent from runtime export surface
libc.so.6	open_memstream	GLIBC_2.2.5	2	forward-same	open_memstream	-	runtime exports the same name
libc.so.6	open_wmemstream	GLIBC_2.4	2	forward-same	open_wmemstream	-	runtime exports the same name
libc.so.6	openat	GLIBC_2.4	3	shim	openat	review	O_* flag values differ; shim over cygwin openat
libc.so.6	openat64	GLIBC_2.4	1	forward-alias	openat	-	LFS 64-bit variant; on LP64 aliases openat
libc.so.6	opendir	GLIBC_2.2.5	2	forward-same	opendir	-	runtime exports the same name
libc.so.6	openlog	GLIBC_2.2.5	2	forward-same	openlog	-	runtime exports the same name
libc.so.6	optarg	GLIBC_2.2.5	2	forward-same	optarg	-	runtime exports the same name
libc.so.6	opterr	GLIBC_2.2.5	2	forward-same	opterr	-	runtime exports the same name
libc.so.6	optind	GLIBC_2.2.5	2	forward-same	optind	-	runtime exports the same name
libc.so.6	optopt	GLIBC_2.2.5	2	forward-same	optopt	-	runtime exports the same name
libc.so.6	parse_printf_format	GLIBC_2.2.5	4	stub	-	-	absent from runtime export surface
libc.so.6	passwd2des	GLIBC_2.2.5	4	stub	-	-	absent from runtime export surface
libc.so.6	pathconf	GLIBC_2.2.5	2	forward-same	pathconf	-	runtime exports the same name
libc.so.6	pause	GLIBC_2.2.5	2	forward-same	pause	-	runtime exports the same name
libc.so.6	pclose	GLIBC_2.2.5	2	forward-same	pclose	-	runtime exports the same name
libc.so.6	perror	GLIBC_2.2.5	2	forward-same	perror	-	runtime exports the same name
libc.so.6	personality	GLIBC_2.2.5	4	stub	-	-	absent from runtime export surface
libc.so.6	pipe	GLIBC_2.2.5	2	forward-same	pipe	-	runtime exports the same name
libc.so.6	pipe2	GLIBC_2.9	2	forward-same	pipe2	-	runtime exports the same name
libc.so.6	pivot_root	GLIBC_2.2.5	4	stub	-	-	absent from runtime export surface
libc.so.6	pkey_alloc	GLIBC_2.27	4	stub	-	-	absent from runtime export surface
libc.so.6	pkey_free	GLIBC_2.27	4	stub	-	-	absent from runtime export surface
libc.so.6	pkey_get	GLIBC_2.27	4	stub	-	-	absent from runtime export surface
libc.so.6	pkey_mprotect	GLIBC_2.27	4	stub	-	-	absent from runtime export surface
libc.so.6	pkey_set	GLIBC_2.27	4	stub	-	-	absent from runtime export surface
libc.so.6	pmap_getmaps	GLIBC_2.2.5	4	stub	-	-	absent from runtime export surface
libc.so.6	pmap_getport	GLIBC_2.2.5	4	stub	-	-	absent from runtime export surface
libc.so.6	pmap_rmtcall	GLIBC_2.2.5	4	stub	-	-	absent from runtime export surface
libc.so.6	pmap_set	GLIBC_2.2.5	4	stub	-	-	absent from runtime export surface
libc.so.6	pmap_unset	GLIBC_2.2.5	4	stub	-	-	absent from runtime export surface
libc.so.6	poll	GLIBC_2.2.5	2	forward-same	poll	-	runtime exports the same name
libc.so.6	popen	GLIBC_2.2.5	2	forward-same	popen	-	runtime exports the same name
libc.so.6	posix_fadvise	GLIBC_2.2.5	2	forward-same	posix_fadvise	-	runtime exports the same name
libc.so.6	posix_fadvise64	GLIBC_2.2.5	1	forward-alias	posix_fadvise	-	LFS 64-bit variant; on LP64 aliases posix_fadvise
libc.so.6	posix_fallocate	GLIBC_2.2.5	2	forward-same	posix_fallocate	-	runtime exports the same name
libc.so.6	posix_fallocate64	GLIBC_2.2.5	1	forward-alias	posix_fallocate	-	LFS 64-bit variant; on LP64 aliases posix_fallocate
libc.so.6	posix_madvise	GLIBC_2.2.5	2	forward-same	posix_madvise	-	runtime exports the same name
libc.so.6	posix_memalign	GLIBC_2.2.5	2	forward-same	posix_memalign	-	runtime exports the same name
libc.so.6	posix_openpt	GLIBC_2.2.5	2	forward-same	posix_openpt	-	runtime exports the same name
libc.so.6	posix_spawn	GLIBC_2.15	2	forward-same	posix_spawn	-	runtime exports the same name
libc.so.6	posix_spawn	GLIBC_2.2.5	2	forward-same	posix_spawn	-	runtime exports the same name
libc.so.6	posix_spawn_file_actions_addclose	GLIBC_2.2.5	2	forward-same	posix_spawn_file_actions_addclose	-	runtime exports the same name
libc.so.6	posix_spawn_file_actions_adddup2	GLIBC_2.2.5	2	forward-same	posix_spawn_file_actions_adddup2	-	runtime exports the same name
libc.so.6	posix_spawn_file_actions_addopen	GLIBC_2.2.5	2	forward-same	posix_spawn_file_actions_addopen	-	runtime exports the same name
libc.so.6	posix_spawn_file_actions_destroy	GLIBC_2.2.5	2	forward-same	posix_spawn_file_actions_destroy	-	runtime exports the same name
libc.so.6	posix_spawn_file_actions_init	GLIBC_2.2.5	2	forward-same	posix_spawn_file_actions_init	-	runtime exports the same name
libc.so.6	posix_spawnattr_destroy	GLIBC_2.2.5	2	forward-same	posix_spawnattr_destroy	-	runtime exports the same name
libc.so.6	posix_spawnattr_getflags	GLIBC_2.2.5	2	forward-same	posix_spawnattr_getflags	-	runtime exports the same name
libc.so.6	posix_spawnattr_getpgroup	GLIBC_2.2.5	2	forward-same	posix_spawnattr_getpgroup	-	runtime exports the same name
libc.so.6	posix_spawnattr_getschedparam	GLIBC_2.2.5	2	forward-same	posix_spawnattr_getschedparam	-	runtime exports the same name
libc.so.6	posix_spawnattr_getschedpolicy	GLIBC_2.2.5	2	forward-same	posix_spawnattr_getschedpolicy	-	runtime exports the same name
libc.so.6	posix_spawnattr_getsigdefault	GLIBC_2.2.5	2	forward-same	posix_spawnattr_getsigdefault	-	runtime exports the same name
libc.so.6	posix_spawnattr_getsigmask	GLIBC_2.2.5	2	forward-same	posix_spawnattr_getsigmask	-	runtime exports the same name
libc.so.6	posix_spawnattr_init	GLIBC_2.2.5	2	forward-same	posix_spawnattr_init	-	runtime exports the same name
libc.so.6	posix_spawnattr_setflags	GLIBC_2.2.5	2	forward-same	posix_spawnattr_setflags	-	runtime exports the same name
libc.so.6	posix_spawnattr_setpgroup	GLIBC_2.2.5	2	forward-same	posix_spawnattr_setpgroup	-	runtime exports the same name
libc.so.6	posix_spawnattr_setschedparam	GLIBC_2.2.5	2	forward-same	posix_spawnattr_setschedparam	-	runtime exports the same name
libc.so.6	posix_spawnattr_setschedpolicy	GLIBC_2.2.5	2	forward-same	posix_spawnattr_setschedpolicy	-	runtime exports the same name
libc.so.6	posix_spawnattr_setsigdefault	GLIBC_2.2.5	2	forward-same	posix_spawnattr_setsigdefault	-	runtime exports the same name
libc.so.6	posix_spawnattr_setsigmask	GLIBC_2.2.5	2	forward-same	posix_spawnattr_setsigmask	-	runtime exports the same name
libc.so.6	posix_spawnp	GLIBC_2.15	2	forward-same	posix_spawnp	-	runtime exports the same name
libc.so.6	posix_spawnp	GLIBC_2.2.5	2	forward-same	posix_spawnp	-	runtime exports the same name
libc.so.6	ppoll	GLIBC_2.4	2	forward-same	ppoll	-	runtime exports the same name
libc.so.6	prctl	GLIBC_2.2.5	4	stub	-	-	absent from runtime export surface
libc.so.6	pread	GLIBC_2.2.5	2	forward-same	pread	-	runtime exports the same name
libc.so.6	pread64	GLIBC_2.2.5	1	forward-alias	pread	-	LFS 64-bit variant; on LP64 aliases pread
libc.so.6	preadv	GLIBC_2.10	4	stub	-	-	absent from runtime export surface
libc.so.6	preadv2	GLIBC_2.26	4	stub	-	-	absent from runtime export surface
libc.so.6	preadv64	GLIBC_2.10	4	stub	-	-	absent from runtime export surface
libc.so.6	preadv64v2	GLIBC_2.26	4	stub	-	-	absent from runtime export surface
libc.so.6	printf	GLIBC_2.2.5	2	forward-same	printf	-	runtime exports the same name
libc.so.6	printf_size	GLIBC_2.2.5	4	stub	-	-	absent from runtime export surface
libc.so.6	printf_size_info	GLIBC_2.2.5	4	stub	-	-	absent from runtime export surface
libc.so.6	prlimit	GLIBC_2.13	4	stub	-	-	absent from runtime export surface
libc.so.6	prlimit64	GLIBC_2.13	4	stub	-	-	absent from runtime export surface
libc.so.6	process_vm_readv	GLIBC_2.15	4	stub	-	-	absent from runtime export surface
libc.so.6	process_vm_writev	GLIBC_2.15	4	stub	-	-	absent from runtime export surface
libc.so.6	profil	GLIBC_2.2.5	4	stub	-	-	absent from runtime export surface
libc.so.6	program_invocation_name	GLIBC_2.2.5	2	forward-same	program_invocation_name	-	runtime exports the same name
libc.so.6	program_invocation_short_name	GLIBC_2.2.5	2	forward-same	program_invocation_short_name	-	runtime exports the same name
libc.so.6	pselect	GLIBC_2.2.5	2	forward-same	pselect	-	runtime exports the same name
libc.so.6	psiginfo	GLIBC_2.10	2	forward-same	psiginfo	-	runtime exports the same name
libc.so.6	psignal	GLIBC_2.2.5	2	forward-same	psignal	-	runtime exports the same name
libc.so.6	pthread_attr_destroy	GLIBC_2.2.5	2	forward-same	pthread_attr_destroy	-	runtime exports the same name
libc.so.6	pthread_attr_getdetachstate	GLIBC_2.2.5	2	forward-same	pthread_attr_getdetachstate	-	runtime exports the same name
libc.so.6	pthread_attr_getinheritsched	GLIBC_2.2.5	2	forward-same	pthread_attr_getinheritsched	-	runtime exports the same name
libc.so.6	pthread_attr_getschedparam	GLIBC_2.2.5	2	forward-same	pthread_attr_getschedparam	-	runtime exports the same name
libc.so.6	pthread_attr_getschedpolicy	GLIBC_2.2.5	2	forward-same	pthread_attr_getschedpolicy	-	runtime exports the same name
libc.so.6	pthread_attr_getscope	GLIBC_2.2.5	2	forward-same	pthread_attr_getscope	-	runtime exports the same name
libc.so.6	pthread_attr_init	GLIBC_2.2.5	2	forward-same	pthread_attr_init	-	runtime exports the same name
libc.so.6	pthread_attr_setdetachstate	GLIBC_2.2.5	2	forward-same	pthread_attr_setdetachstate	-	runtime exports the same name
libc.so.6	pthread_attr_setinheritsched	GLIBC_2.2.5	2	forward-same	pthread_attr_setinheritsched	-	runtime exports the same name
libc.so.6	pthread_attr_setschedparam	GLIBC_2.2.5	2	forward-same	pthread_attr_setschedparam	-	runtime exports the same name
libc.so.6	pthread_attr_setschedpolicy	GLIBC_2.2.5	2	forward-same	pthread_attr_setschedpolicy	-	runtime exports the same name
libc.so.6	pthread_attr_setscope	GLIBC_2.2.5	2	forward-same	pthread_attr_setscope	-	runtime exports the same name
libc.so.6	pthread_cond_broadcast	GLIBC_2.2.5	2	forward-same	pthread_cond_broadcast	-	runtime exports the same name
libc.so.6	pthread_cond_broadcast	GLIBC_2.3.2	2	forward-same	pthread_cond_broadcast	-	runtime exports the same name
libc.so.6	pthread_cond_destroy	GLIBC_2.2.5	2	forward-same	pthread_cond_destroy	-	runtime exports the same name
libc.so.6	pthread_cond_destroy	GLIBC_2.3.2	2	forward-same	pthread_cond_destroy	-	runtime exports the same name
libc.so.6	pthread_cond_init	GLIBC_2.2.5	2	forward-same	pthread_cond_init	-	runtime exports the same name
libc.so.6	pthread_cond_init	GLIBC_2.3.2	2	forward-same	pthread_cond_init	-	runtime exports the same name
libc.so.6	pthread_cond_signal	GLIBC_2.2.5	2	forward-same	pthread_cond_signal	-	runtime exports the same name
libc.so.6	pthread_cond_signal	GLIBC_2.3.2	2	forward-same	pthread_cond_signal	-	runtime exports the same name
libc.so.6	pthread_cond_timedwait	GLIBC_2.2.5	2	forward-same	pthread_cond_timedwait	-	runtime exports the same name
libc.so.6	pthread_cond_timedwait	GLIBC_2.3.2	2	forward-same	pthread_cond_timedwait	-	runtime exports the same name
libc.so.6	pthread_cond_wait	GLIBC_2.2.5	2	forward-same	pthread_cond_wait	-	runtime exports the same name
libc.so.6	pthread_cond_wait	GLIBC_2.3.2	2	forward-same	pthread_cond_wait	-	runtime exports the same name
libc.so.6	pthread_condattr_destroy	GLIBC_2.2.5	2	forward-same	pthread_condattr_destroy	-	runtime exports the same name
libc.so.6	pthread_condattr_init	GLIBC_2.2.5	2	forward-same	pthread_condattr_init	-	runtime exports the same name
libc.so.6	pthread_equal	GLIBC_2.2.5	2	forward-same	pthread_equal	-	runtime exports the same name
libc.so.6	pthread_exit	GLIBC_2.2.5	2	forward-same	pthread_exit	-	runtime exports the same name
libc.so.6	pthread_getschedparam	GLIBC_2.2.5	2	forward-same	pthread_getschedparam	-	runtime exports the same name
libc.so.6	pthread_mutex_destroy	GLIBC_2.2.5	2	forward-same	pthread_mutex_destroy	-	runtime exports the same name
libc.so.6	pthread_mutex_init	GLIBC_2.2.5	2	forward-same	pthread_mutex_init	-	runtime exports the same name
libc.so.6	pthread_mutex_lock	GLIBC_2.2.5	2	forward-same	pthread_mutex_lock	-	runtime exports the same name
libc.so.6	pthread_mutex_unlock	GLIBC_2.2.5	2	forward-same	pthread_mutex_unlock	-	runtime exports the same name
libc.so.6	pthread_self	GLIBC_2.2.5	2	forward-same	pthread_self	-	runtime exports the same name
libc.so.6	pthread_setcancelstate	GLIBC_2.2.5	2	forward-same	pthread_setcancelstate	-	runtime exports the same name
libc.so.6	pthread_setcanceltype	GLIBC_2.2.5	2	forward-same	pthread_setcanceltype	-	runtime exports the same name
libc.so.6	pthread_setschedparam	GLIBC_2.2.5	2	forward-same	pthread_setschedparam	-	runtime exports the same name
libc.so.6	ptrace	GLIBC_2.2.5	4	stub	-	-	absent from runtime export surface
libc.so.6	ptsname	GLIBC_2.2.5	2	forward-same	ptsname	-	runtime exports the same name
libc.so.6	ptsname_r	GLIBC_2.2.5	2	forward-same	ptsname_r	-	runtime exports the same name
libc.so.6	putc	GLIBC_2.2.5	2	forward-same	putc	-	runtime exports the same name
libc.so.6	putc_unlocked	GLIBC_2.2.5	2	forward-same	putc_unlocked	-	runtime exports the same name
libc.so.6	putchar	GLIBC_2.2.5	2	forward-same	putchar	-	runtime exports the same name
libc.so.6	putchar_unlocked	GLIBC_2.2.5	2	forward-same	putchar_unlocked	-	runtime exports the same name
libc.so.6	putenv	GLIBC_2.2.5	2	forward-same	putenv	-	runtime exports the same name
libc.so.6	putgrent	GLIBC_2.2.5	4	stub	-	-	absent from runtime export surface
libc.so.6	putmsg	GLIBC_2.2.5	4	stub	-	-	absent from runtime export surface
libc.so.6	putpmsg	GLIBC_2.2.5	4	stub	-	-	absent from runtime export surface
libc.so.6	putpwent	GLIBC_2.2.5	4	stub	-	-	absent from runtime export surface
libc.so.6	puts	GLIBC_2.2.5	2	forward-same	puts	-	runtime exports the same name
libc.so.6	putsgent	GLIBC_2.10	4	stub	-	-	absent from runtime export surface
libc.so.6	putspent	GLIBC_2.2.5	4	stub	-	-	absent from runtime export surface
libc.so.6	pututline	GLIBC_2.2.5	2	forward-same	pututline	-	runtime exports the same name
libc.so.6	pututxline	GLIBC_2.2.5	2	forward-same	pututxline	-	runtime exports the same name
libc.so.6	putw	GLIBC_2.2.5	2	forward-same	putw	-	runtime exports the same name
libc.so.6	putwc	GLIBC_2.2.5	2	forward-same	putwc	-	runtime exports the same name
libc.so.6	putwc_unlocked	GLIBC_2.2.5	2	forward-same	putwc_unlocked	-	runtime exports the same name
libc.so.6	putwchar	GLIBC_2.2.5	2	forward-same	putwchar	-	runtime exports the same name
libc.so.6	putwchar_unlocked	GLIBC_2.2.5	2	forward-same	putwchar_unlocked	-	runtime exports the same name
libc.so.6	pvalloc	GLIBC_2.2.5	4	stub	-	-	absent from runtime export surface
libc.so.6	pwrite	GLIBC_2.2.5	2	forward-same	pwrite	-	runtime exports the same name
libc.so.6	pwrite64	GLIBC_2.2.5	1	forward-alias	pwrite	-	LFS 64-bit variant; on LP64 aliases pwrite
libc.so.6	pwritev	GLIBC_2.10	4	stub	-	-	absent from runtime export surface
libc.so.6	pwritev2	GLIBC_2.26	4	stub	-	-	absent from runtime export surface
libc.so.6	pwritev64	GLIBC_2.10	4	stub	-	-	absent from runtime export surface
libc.so.6	pwritev64v2	GLIBC_2.26	4	stub	-	-	absent from runtime export surface
libc.so.6	qecvt	GLIBC_2.2.5	4	stub	-	-	absent from runtime export surface
libc.so.6	qecvt_r	GLIBC_2.2.5	4	stub	-	-	absent from runtime export surface
libc.so.6	qfcvt	GLIBC_2.2.5	4	stub	-	-	absent from runtime export surface
libc.so.6	qfcvt_r	GLIBC_2.2.5	4	stub	-	-	absent from runtime export surface
libc.so.6	qgcvt	GLIBC_2.2.5	4	stub	-	-	absent from runtime export surface
libc.so.6	qsort	GLIBC_2.2.5	2	forward-same	qsort	-	runtime exports the same name
libc.so.6	qsort_r	GLIBC_2.8	2	forward-same	qsort_r	-	runtime exports the same name
libc.so.6	query_module	GLIBC_2.2.5	4	stub	-	-	absent from runtime export surface
libc.so.6	quick_exit	GLIBC_2.10	2	forward-same	quick_exit	-	runtime exports the same name
libc.so.6	quick_exit	GLIBC_2.24	2	forward-same	quick_exit	-	runtime exports the same name
libc.so.6	quotactl	GLIBC_2.2.5	2	forward-same	quotactl	-	runtime exports the same name
libc.so.6	raise	GLIBC_2.2.5	2	forward-same	raise	-	runtime exports the same name
libc.so.6	rand	GLIBC_2.2.5	2	forward-same	rand	-	runtime exports the same name
libc.so.6	rand_r	GLIBC_2.2.5	2	forward-same	rand_r	-	runtime exports the same name
libc.so.6	random	GLIBC_2.2.5	2	forward-same	random	-	runtime exports the same name
libc.so.6	random_r	GLIBC_2.2.5	4	stub	-	-	absent from runtime export surface
libc.so.6	rawmemchr	GLIBC_2.2.5	2	forward-same	rawmemchr	-	runtime exports the same name
libc.so.6	rcmd	GLIBC_2.2.5	2	forward-same	rcmd	-	runtime exports the same name
libc.so.6	rcmd_af	GLIBC_2.2.5	2	forward-same	rcmd_af	-	runtime exports the same name
libc.so.6	re_comp	GLIBC_2.2.5	4	stub	-	-	absent from runtime export surface
libc.so.6	re_compile_fastmap	GLIBC_2.2.5	4	stub	-	-	absent from runtime export surface
libc.so.6	re_compile_pattern	GLIBC_2.2.5	4	stub	-	-	absent from runtime export surface
libc.so.6	re_exec	GLIBC_2.2.5	4	stub	-	-	absent from runtime export surface
libc.so.6	re_match	GLIBC_2.2.5	4	stub	-	-	absent from runtime export surface
libc.so.6	re_match_2	GLIBC_2.2.5	4	stub	-	-	absent from runtime export surface
libc.so.6	re_max_failures	GLIBC_2.2.5	4	stub	-	-	absent from runtime export surface
libc.so.6	re_search	GLIBC_2.2.5	4	stub	-	-	absent from runtime export surface
libc.so.6	re_search_2	GLIBC_2.2.5	4	stub	-	-	absent from runtime export surface
libc.so.6	re_set_registers	GLIBC_2.2.5	4	stub	-	-	absent from runtime export surface
libc.so.6	re_set_syntax	GLIBC_2.2.5	4	stub	-	-	absent from runtime export surface
libc.so.6	re_syntax_options	GLIBC_2.2.5	4	stub	-	-	absent from runtime export surface
libc.so.6	read	GLIBC_2.2.5	2	forward-same	read	-	runtime exports the same name
libc.so.6	readahead	GLIBC_2.3	4	stub	-	-	absent from runtime export surface
libc.so.6	readdir	GLIBC_2.2.5	3	shim	readdir	review	struct dirent layout differs (d_off/d_type); shim over cygwin readdir
libc.so.6	readdir64	GLIBC_2.2.5	1	forward-alias	readdir	-	LFS 64-bit variant; on LP64 aliases readdir
libc.so.6	readdir64_r	GLIBC_2.2.5	4	stub	-	-	absent from runtime export surface
libc.so.6	readdir_r	GLIBC_2.2.5	3	shim	readdir_r	review	struct dirent layout differs; shim over cygwin readdir_r
libc.so.6	readlink	GLIBC_2.2.5	2	forward-same	readlink	-	runtime exports the same name
libc.so.6	readlinkat	GLIBC_2.4	2	forward-same	readlinkat	-	runtime exports the same name
libc.so.6	readv	GLIBC_2.2.5	2	forward-same	readv	-	runtime exports the same name
libc.so.6	realloc	GLIBC_2.2.5	2	forward-same	realloc	-	runtime exports the same name
libc.so.6	reallocarray	GLIBC_2.26	2	forward-same	reallocarray	-	runtime exports the same name
libc.so.6	realpath	GLIBC_2.2.5	2	forward-same	realpath	-	runtime exports the same name
libc.so.6	realpath	GLIBC_2.3	2	forward-same	realpath	-	runtime exports the same name
libc.so.6	reboot	GLIBC_2.2.5	4	stub	-	-	absent from runtime export surface
libc.so.6	recv	GLIBC_2.2.5	2	forward-same	recv	-	runtime exports the same name
libc.so.6	recvfrom	GLIBC_2.2.5	2	forward-same	recvfrom	-	runtime exports the same name
libc.so.6	recvmmsg	GLIBC_2.12	4	stub	-	-	absent from runtime export surface
libc.so.6	recvmsg	GLIBC_2.2.5	2	forward-same	recvmsg	-	runtime exports the same name
libc.so.6	regcomp	GLIBC_2.2.5	2	forward-same	regcomp	-	runtime exports the same name
libc.so.6	regerror	GLIBC_2.2.5	2	forward-same	regerror	-	runtime exports the same name
libc.so.6	regexec	GLIBC_2.2.5	2	forward-same	regexec	-	runtime exports the same name
libc.so.6	regexec	GLIBC_2.3.4	2	forward-same	regexec	-	runtime exports the same name
libc.so.6	regfree	GLIBC_2.2.5	2	forward-same	regfree	-	runtime exports the same name
libc.so.6	register_printf_function	GLIBC_2.2.5	4	stub	-	-	absent from runtime export surface
libc.so.6	register_printf_modifier	GLIBC_2.10	4	stub	-	-	absent from runtime export surface
libc.so.6	register_printf_specifier	GLIBC_2.10	4	stub	-	-	absent from runtime export surface
libc.so.6	register_printf_type	GLIBC_2.10	4	stub	-	-	absent from runtime export surface
libc.so.6	registerrpc	GLIBC_2.2.5	4	stub	-	-	absent from runtime export surface
libc.so.6	remap_file_pages	GLIBC_2.3.3	4	stub	-	-	absent from runtime export surface
libc.so.6	remove	GLIBC_2.2.5	2	forward-same	remove	-	runtime exports the same name
libc.so.6	removexattr	GLIBC_2.3	2	forward-same	removexattr	-	runtime exports the same name
libc.so.6	remque	GLIBC_2.2.5	2	forward-same	remque	-	runtime exports the same name
libc.so.6	rename	GLIBC_2.2.5	2	forward-same	rename	-	runtime exports the same name
libc.so.6	renameat	GLIBC_2.4	2	forward-same	renameat	-	runtime exports the same name
libc.so.6	renameat2	GLIBC_2.28	2	forward-same	renameat2	-	runtime exports the same name
libc.so.6	revoke	GLIBC_2.2.5	2	forward-same	revoke	-	runtime exports the same name
libc.so.6	rewind	GLIBC_2.2.5	2	forward-same	rewind	-	runtime exports the same name
libc.so.6	rewinddir	GLIBC_2.2.5	2	forward-same	rewinddir	-	runtime exports the same name
libc.so.6	rexec	GLIBC_2.2.5	2	forward-same	rexec	-	runtime exports the same name
libc.so.6	rexec_af	GLIBC_2.2.5	4	stub	-	-	absent from runtime export surface
libc.so.6	rexecoptions	GLIBC_2.2.5	4	stub	-	-	absent from runtime export surface
libc.so.6	rindex	GLIBC_2.2.5	2	forward-same	rindex	-	runtime exports the same name
libc.so.6	rmdir	GLIBC_2.2.5	2	forward-same	rmdir	-	runtime exports the same name
libc.so.6	rpc_createerr	GLIBC_2.2.5	4	stub	-	-	absent from runtime export surface
libc.so.6	rpmatch	GLIBC_2.2.5	2	forward-same	rpmatch	-	runtime exports the same name
libc.so.6	rresvport	GLIBC_2.2.5	2	forward-same	rresvport	-	runtime exports the same name
libc.so.6	rresvport_af	GLIBC_2.2.5	2	forward-same	rresvport_af	-	runtime exports the same name
libc.so.6	rtime	GLIBC_2.2.5	4	stub	-	-	absent from runtime export surface
libc.so.6	ruserok	GLIBC_2.2.5	2	forward-same	ruserok	-	runtime exports the same name
libc.so.6	ruserok_af	GLIBC_2.2.5	4	stub	-	-	absent from runtime export surface
libc.so.6	ruserpass	GLIBC_2.2.5	4	stub	-	-	absent from runtime export surface
libc.so.6	sbrk	GLIBC_2.2.5	2	forward-same	sbrk	-	runtime exports the same name
libc.so.6	scalbn	GLIBC_2.2.5	2	forward-same	scalbn	-	runtime exports the same name
libc.so.6	scalbnf	GLIBC_2.2.5	2	forward-same	scalbnf	-	runtime exports the same name
libc.so.6	scalbnl	GLIBC_2.2.5	2	forward-same	scalbnl	-	runtime exports the same name
libc.so.6	scandir	GLIBC_2.2.5	3	shim	scandir	review	struct dirent layout differs; shim over cygwin scandir
libc.so.6	scandir64	GLIBC_2.2.5	1	forward-alias	scandir	-	LFS 64-bit variant; on LP64 aliases scandir
libc.so.6	scandirat	GLIBC_2.15	2	forward-same	scandirat	-	runtime exports the same name
libc.so.6	scandirat64	GLIBC_2.15	1	forward-alias	scandirat	-	LFS 64-bit variant; on LP64 aliases scandirat
libc.so.6	scanf	GLIBC_2.2.5	2	forward-same	scanf	-	runtime exports the same name
libc.so.6	sched_get_priority_max	GLIBC_2.2.5	2	forward-same	sched_get_priority_max	-	runtime exports the same name
libc.so.6	sched_get_priority_min	GLIBC_2.2.5	2	forward-same	sched_get_priority_min	-	runtime exports the same name
libc.so.6	sched_getaffinity	GLIBC_2.3.3	2	forward-same	sched_getaffinity	-	runtime exports the same name
libc.so.6	sched_getaffinity	GLIBC_2.3.4	2	forward-same	sched_getaffinity	-	runtime exports the same name
libc.so.6	sched_getcpu	GLIBC_2.6	2	forward-same	sched_getcpu	-	runtime exports the same name
libc.so.6	sched_getparam	GLIBC_2.2.5	2	forward-same	sched_getparam	-	runtime exports the same name
libc.so.6	sched_getscheduler	GLIBC_2.2.5	2	forward-same	sched_getscheduler	-	runtime exports the same name
libc.so.6	sched_rr_get_interval	GLIBC_2.2.5	2	forward-same	sched_rr_get_interval	-	runtime exports the same name
libc.so.6	sched_setaffinity	GLIBC_2.3.3	2	forward-same	sched_setaffinity	-	runtime exports the same name
libc.so.6	sched_setaffinity	GLIBC_2.3.4	2	forward-same	sched_setaffinity	-	runtime exports the same name
libc.so.6	sched_setparam	GLIBC_2.2.5	2	forward-same	sched_setparam	-	runtime exports the same name
libc.so.6	sched_setscheduler	GLIBC_2.2.5	2	forward-same	sched_setscheduler	-	runtime exports the same name
libc.so.6	sched_yield	GLIBC_2.2.5	2	forward-same	sched_yield	-	runtime exports the same name
libc.so.6	secure_getenv	GLIBC_2.17	2	forward-same	secure_getenv	-	runtime exports the same name
libc.so.6	seed48	GLIBC_2.2.5	2	forward-same	seed48	-	runtime exports the same name
libc.so.6	seed48_r	GLIBC_2.2.5	4	stub	-	-	absent from runtime export surface
libc.so.6	seekdir	GLIBC_2.2.5	2	forward-same	seekdir	-	runtime exports the same name
libc.so.6	select	GLIBC_2.2.5	2	forward-same	select	-	runtime exports the same name
libc.so.6	semctl	GLIBC_2.2.5	2	forward-same	semctl	-	runtime exports the same name
libc.so.6	semget	GLIBC_2.2.5	2	forward-same	semget	-	runtime exports the same name
libc.so.6	semop	GLIBC_2.2.5	2	forward-same	semop	-	runtime exports the same name
libc.so.6	semtimedop	GLIBC_2.3.3	4	stub	-	-	absent from runtime export surface
libc.so.6	send	GLIBC_2.2.5	2	forward-same	send	-	runtime exports the same name
libc.so.6	sendfile	GLIBC_2.2.5	4	stub	-	-	absent from runtime export surface
libc.so.6	sendfile64	GLIBC_2.3	4	stub	-	-	absent from runtime export surface
libc.so.6	sendmmsg	GLIBC_2.14	4	stub	-	-	absent from runtime export surface
libc.so.6	sendmsg	GLIBC_2.2.5	2	forward-same	sendmsg	-	runtime exports the same name
libc.so.6	sendto	GLIBC_2.2.5	2	forward-same	sendto	-	runtime exports the same name
libc.so.6	setaliasent	GLIBC_2.2.5	4	stub	-	-	absent from runtime export surface
libc.so.6	setbuf	GLIBC_2.2.5	2	forward-same	setbuf	-	runtime exports the same name
libc.so.6	setbuffer	GLIBC_2.2.5	2	forward-same	setbuffer	-	runtime exports the same name
libc.so.6	setcontext	GLIBC_2.2.5	2	forward-same	setcontext	-	runtime exports the same name
libc.so.6	setdomainname	GLIBC_2.2.5	4	stub	-	-	absent from runtime export surface
libc.so.6	setegid	GLIBC_2.2.5	2	forward-same	setegid	-	runtime exports the same name
libc.so.6	setenv	GLIBC_2.2.5	2	forward-same	setenv	-	runtime exports the same name
libc.so.6	seteuid	GLIBC_2.2.5	2	forward-same	seteuid	-	runtime exports the same name
libc.so.6	setfsent	GLIBC_2.2.5	4	stub	-	-	absent from runtime export surface
libc.so.6	setfsgid	GLIBC_2.2.5	4	stub	-	-	absent from runtime export surface
libc.so.6	setfsuid	GLIBC_2.2.5	4	stub	-	-	absent from runtime export surface
libc.so.6	setgid	GLIBC_2.2.5	2	forward-same	setgid	-	runtime exports the same name
libc.so.6	setgrent	GLIBC_2.2.5	2	forward-same	setgrent	-	runtime exports the same name
libc.so.6	setgroups	GLIBC_2.2.5	2	forward-same	setgroups	-	runtime exports the same name
libc.so.6	sethostent	GLIBC_2.2.5	2	forward-same	sethostent	-	runtime exports the same name
libc.so.6	sethostid	GLIBC_2.2.5	4	stub	-	-	absent from runtime export surface
libc.so.6	sethostname	GLIBC_2.2.5	2	forward-same	sethostname	-	runtime exports the same name
libc.so.6	setipv4sourcefilter	GLIBC_2.3.4	4	stub	-	-	absent from runtime export surface
libc.so.6	setitimer	GLIBC_2.2.5	2	forward-same	setitimer	-	runtime exports the same name
libc.so.6	setjmp	GLIBC_2.2.5	3	shim	setjmp	review	jmp_buf layout differs (Linux vs Cygwin); shim
libc.so.6	setlinebuf	GLIBC_2.2.5	2	forward-same	setlinebuf	-	runtime exports the same name
libc.so.6	setlocale	GLIBC_2.2.5	2	forward-same	setlocale	-	runtime exports the same name
libc.so.6	setlogin	GLIBC_2.2.5	4	stub	-	-	absent from runtime export surface
libc.so.6	setlogmask	GLIBC_2.2.5	2	forward-same	setlogmask	-	runtime exports the same name
libc.so.6	setmntent	GLIBC_2.2.5	2	forward-same	setmntent	-	runtime exports the same name
libc.so.6	setnetent	GLIBC_2.2.5	4	stub	-	-	absent from runtime export surface
libc.so.6	setnetgrent	GLIBC_2.2.5	4	stub	-	-	absent from runtime export surface
libc.so.6	setns	GLIBC_2.14	4	stub	-	-	absent from runtime export surface
libc.so.6	setpgid	GLIBC_2.2.5	2	forward-same	setpgid	-	runtime exports the same name
libc.so.6	setpgrp	GLIBC_2.2.5	2	forward-same	setpgrp	-	runtime exports the same name
libc.so.6	setpriority	GLIBC_2.2.5	2	forward-same	setpriority	-	runtime exports the same name
libc.so.6	setprotoent	GLIBC_2.2.5	2	forward-same	setprotoent	-	runtime exports the same name
libc.so.6	setpwent	GLIBC_2.2.5	2	forward-same	setpwent	-	runtime exports the same name
libc.so.6	setregid	GLIBC_2.2.5	2	forward-same	setregid	-	runtime exports the same name
libc.so.6	setresgid	GLIBC_2.2.5	4	stub	-	-	absent from runtime export surface
libc.so.6	setresuid	GLIBC_2.2.5	4	stub	-	-	absent from runtime export surface
libc.so.6	setreuid	GLIBC_2.2.5	2	forward-same	setreuid	-	runtime exports the same name
libc.so.6	setrlimit	GLIBC_2.2.5	3	shim	setrlimit	review	struct rlimit / RLIMIT_* values differ; shim
libc.so.6	setrlimit64	GLIBC_2.2.5	1	forward-alias	setrlimit	-	LFS 64-bit variant; on LP64 aliases setrlimit
libc.so.6	setrpcent	GLIBC_2.2.5	4	stub	-	-	absent from runtime export surface
libc.so.6	setservent	GLIBC_2.2.5	2	forward-same	setservent	-	runtime exports the same name
libc.so.6	setsgent	GLIBC_2.10	4	stub	-	-	absent from runtime export surface
libc.so.6	setsid	GLIBC_2.2.5	2	forward-same	setsid	-	runtime exports the same name
libc.so.6	setsockopt	GLIBC_2.2.5	2	forward-same	setsockopt	-	runtime exports the same name
libc.so.6	setsourcefilter	GLIBC_2.3.4	4	stub	-	-	absent from runtime export surface
libc.so.6	setspent	GLIBC_2.2.5	4	stub	-	-	absent from runtime export surface
libc.so.6	setstate	GLIBC_2.2.5	2	forward-same	setstate	-	runtime exports the same name
libc.so.6	setstate_r	GLIBC_2.2.5	4	stub	-	-	absent from runtime export surface
libc.so.6	settimeofday	GLIBC_2.2.5	2	forward-same	settimeofday	-	runtime exports the same name
libc.so.6	setttyent	GLIBC_2.2.5	4	stub	-	-	absent from runtime export surface
libc.so.6	setuid	GLIBC_2.2.5	2	forward-same	setuid	-	runtime exports the same name
libc.so.6	setusershell	GLIBC_2.2.5	2	forward-same	setusershell	-	runtime exports the same name
libc.so.6	setutent	GLIBC_2.2.5	2	forward-same	setutent	-	runtime exports the same name
libc.so.6	setutxent	GLIBC_2.2.5	2	forward-same	setutxent	-	runtime exports the same name
libc.so.6	setvbuf	GLIBC_2.2.5	2	forward-same	setvbuf	-	runtime exports the same name
libc.so.6	setxattr	GLIBC_2.3	2	forward-same	setxattr	-	runtime exports the same name
libc.so.6	sgetsgent	GLIBC_2.10	4	stub	-	-	absent from runtime export surface
libc.so.6	sgetsgent_r	GLIBC_2.10	4	stub	-	-	absent from runtime export surface
libc.so.6	sgetspent	GLIBC_2.2.5	4	stub	-	-	absent from runtime export surface
libc.so.6	sgetspent_r	GLIBC_2.2.5	4	stub	-	-	absent from runtime export surface
libc.so.6	shmat	GLIBC_2.2.5	2	forward-same	shmat	-	runtime exports the same name
libc.so.6	shmctl	GLIBC_2.2.5	2	forward-same	shmctl	-	runtime exports the same name
libc.so.6	shmdt	GLIBC_2.2.5	2	forward-same	shmdt	-	runtime exports the same name
libc.so.6	shmget	GLIBC_2.2.5	2	forward-same	shmget	-	runtime exports the same name
libc.so.6	shutdown	GLIBC_2.2.5	2	forward-same	shutdown	-	runtime exports the same name
libc.so.6	sigaction	GLIBC_2.2.5	3	shim	sigaction	review	struct sigaction / sigset_t layout and signal numbers differ; shim
libc.so.6	sigaddset	GLIBC_2.2.5	3	shim	sigaddset	review	sigset_t layout and signal numbers differ; shim
libc.so.6	sigaltstack	GLIBC_2.2.5	3	shim	sigaltstack	review	stack_t / SS_* values differ; shim
libc.so.6	sigandset	GLIBC_2.2.5	4	stub	-	-	absent from runtime export surface
libc.so.6	sigblock	GLIBC_2.2.5	4	stub	-	-	absent from runtime export surface
libc.so.6	sigdelset	GLIBC_2.2.5	3	shim	sigdelset	review	sigset_t layout and signal numbers differ; shim
libc.so.6	sigemptyset	GLIBC_2.2.5	3	shim	sigemptyset	review	sigset_t layout differs; shim
libc.so.6	sigfillset	GLIBC_2.2.5	3	shim	sigfillset	review	sigset_t layout differs; shim
libc.so.6	siggetmask	GLIBC_2.2.5	4	stub	-	-	absent from runtime export surface
libc.so.6	sighold	GLIBC_2.2.5	2	forward-same	sighold	-	runtime exports the same name
libc.so.6	sigignore	GLIBC_2.2.5	2	forward-same	sigignore	-	runtime exports the same name
libc.so.6	siginterrupt	GLIBC_2.2.5	2	forward-same	siginterrupt	-	runtime exports the same name
libc.so.6	sigisemptyset	GLIBC_2.2.5	4	stub	-	-	absent from runtime export surface
libc.so.6	sigismember	GLIBC_2.2.5	3	shim	sigismember	review	sigset_t layout and signal numbers differ; shim
libc.so.6	siglongjmp	GLIBC_2.2.5	3	shim	siglongjmp	review	sigjmp_buf / sigset layout differs; shim
libc.so.6	signal	GLIBC_2.2.5	3	shim	signal	review	signal numbers differ; shim over cygwin signal
libc.so.6	signalfd	GLIBC_2.7	2	forward-same	signalfd	-	runtime exports the same name
libc.so.6	sigorset	GLIBC_2.2.5	4	stub	-	-	absent from runtime export surface
libc.so.6	sigpause	GLIBC_2.2.5	2	forward-same	sigpause	-	runtime exports the same name
libc.so.6	sigpending	GLIBC_2.2.5	3	shim	sigpending	review	sigset_t layout differs; shim
libc.so.6	sigprocmask	GLIBC_2.2.5	3	shim	sigprocmask	review	sigset_t layout and signal numbers differ; shim
libc.so.6	sigqueue	GLIBC_2.2.5	3	shim	sigqueue	review	siginfo_t / sigval layout differs; shim
libc.so.6	sigrelse	GLIBC_2.2.5	2	forward-same	sigrelse	-	runtime exports the same name
libc.so.6	sigreturn	GLIBC_2.2.5	4	stub	-	-	absent from runtime export surface
libc.so.6	sigset	GLIBC_2.2.5	2	forward-same	sigset	-	runtime exports the same name
libc.so.6	sigsetmask	GLIBC_2.2.5	4	stub	-	-	absent from runtime export surface
libc.so.6	sigstack	GLIBC_2.2.5	4	stub	-	-	absent from runtime export surface
libc.so.6	sigsuspend	GLIBC_2.2.5	3	shim	sigsuspend	review	sigset_t layout differs; shim
libc.so.6	sigtimedwait	GLIBC_2.2.5	3	shim	sigtimedwait	review	sigset_t / siginfo_t layout differs; shim
libc.so.6	sigvec	GLIBC_2.2.5	4	stub	-	-	absent from runtime export surface
libc.so.6	sigwait	GLIBC_2.2.5	2	forward-same	sigwait	-	runtime exports the same name
libc.so.6	sigwaitinfo	GLIBC_2.2.5	3	shim	sigwaitinfo	review	siginfo_t layout differs; shim
libc.so.6	sleep	GLIBC_2.2.5	2	forward-same	sleep	-	runtime exports the same name
libc.so.6	snprintf	GLIBC_2.2.5	2	forward-same	snprintf	-	runtime exports the same name
libc.so.6	sockatmark	GLIBC_2.2.5	2	forward-same	sockatmark	-	runtime exports the same name
libc.so.6	socket	GLIBC_2.2.5	2	forward-same	socket	-	runtime exports the same name
libc.so.6	socketpair	GLIBC_2.2.5	2	forward-same	socketpair	-	runtime exports the same name
libc.so.6	splice	GLIBC_2.5	4	stub	-	-	absent from runtime export surface
libc.so.6	sprintf	GLIBC_2.2.5	2	forward-same	sprintf	-	runtime exports the same name
libc.so.6	sprofil	GLIBC_2.2.5	4	stub	-	-	absent from runtime export surface
libc.so.6	srand	GLIBC_2.2.5	2	forward-same	srand	-	runtime exports the same name
libc.so.6	srand48	GLIBC_2.2.5	2	forward-same	srand48	-	runtime exports the same name
libc.so.6	srand48_r	GLIBC_2.2.5	4	stub	-	-	absent from runtime export surface
libc.so.6	srandom	GLIBC_2.2.5	2	forward-same	srandom	-	runtime exports the same name
libc.so.6	srandom_r	GLIBC_2.2.5	4	stub	-	-	absent from runtime export surface
libc.so.6	sscanf	GLIBC_2.2.5	2	forward-same	sscanf	-	runtime exports the same name
libc.so.6	ssignal	GLIBC_2.2.5	4	stub	-	-	absent from runtime export surface
libc.so.6	sstk	GLIBC_2.2.5	4	stub	-	-	absent from runtime export surface
libc.so.6	statfs	GLIBC_2.2.5	3	shim	statfs	review	struct statfs layout differs; shim
libc.so.6	statfs64	GLIBC_2.2.5	1	forward-alias	statfs	-	LFS 64-bit variant; on LP64 aliases statfs
libc.so.6	statvfs	GLIBC_2.2.5	3	shim	statvfs	review	struct statvfs / ST_* flag values differ; shim
libc.so.6	statvfs64	GLIBC_2.2.5	1	forward-alias	statvfs	-	LFS 64-bit variant; on LP64 aliases statvfs
libc.so.6	statx	GLIBC_2.28	4	stub	-	-	absent from runtime export surface
libc.so.6	stderr	GLIBC_2.2.5	4	stub	-	-	absent from runtime export surface
libc.so.6	stdin	GLIBC_2.2.5	4	stub	-	-	absent from runtime export surface
libc.so.6	stdout	GLIBC_2.2.5	4	stub	-	-	absent from runtime export surface
libc.so.6	step	GLIBC_2.2.5	4	stub	-	-	absent from runtime export surface
libc.so.6	stime	GLIBC_2.2.5	2	forward-same	stime	-	runtime exports the same name
libc.so.6	stpcpy	GLIBC_2.2.5	2	forward-same	stpcpy	-	runtime exports the same name
libc.so.6	stpncpy	GLIBC_2.2.5	2	forward-same	stpncpy	-	runtime exports the same name
libc.so.6	strcasecmp	GLIBC_2.2.5	2	forward-same	strcasecmp	-	runtime exports the same name
libc.so.6	strcasecmp_l	GLIBC_2.3	2	forward-same	strcasecmp_l	-	runtime exports the same name
libc.so.6	strcasestr	GLIBC_2.2.5	2	forward-same	strcasestr	-	runtime exports the same name
libc.so.6	strcat	GLIBC_2.2.5	2	forward-same	strcat	-	runtime exports the same name
libc.so.6	strchr	GLIBC_2.2.5	2	forward-same	strchr	-	runtime exports the same name
libc.so.6	strchrnul	GLIBC_2.2.5	2	forward-same	strchrnul	-	runtime exports the same name
libc.so.6	strcmp	GLIBC_2.2.5	2	forward-same	strcmp	-	runtime exports the same name
libc.so.6	strcoll	GLIBC_2.2.5	2	forward-same	strcoll	-	runtime exports the same name
libc.so.6	strcoll_l	GLIBC_2.3	2	forward-same	strcoll_l	-	runtime exports the same name
libc.so.6	strcpy	GLIBC_2.2.5	2	forward-same	strcpy	-	runtime exports the same name
libc.so.6	strcspn	GLIBC_2.2.5	2	forward-same	strcspn	-	runtime exports the same name
libc.so.6	strdup	GLIBC_2.2.5	2	forward-same	strdup	-	runtime exports the same name
libc.so.6	strerror	GLIBC_2.2.5	2	forward-same	strerror	-	runtime exports the same name
libc.so.6	strerror_l	GLIBC_2.6	2	forward-same	strerror_l	-	runtime exports the same name
libc.so.6	strerror_r	GLIBC_2.2.5	2	forward-same	strerror_r	-	runtime exports the same name
libc.so.6	strfmon	GLIBC_2.2.5	2	forward-same	strfmon	-	runtime exports the same name
libc.so.6	strfmon_l	GLIBC_2.3	2	forward-same	strfmon_l	-	runtime exports the same name
libc.so.6	strfromd	GLIBC_2.25	4	stub	-	-	absent from runtime export surface
libc.so.6	strfromf	GLIBC_2.25	4	stub	-	-	absent from runtime export surface
libc.so.6	strfromf128	GLIBC_2.26	4	stub	-	-	absent from runtime export surface
libc.so.6	strfromf32	GLIBC_2.27	4	stub	-	-	absent from runtime export surface
libc.so.6	strfromf32x	GLIBC_2.27	4	stub	-	-	absent from runtime export surface
libc.so.6	strfromf64	GLIBC_2.27	4	stub	-	-	absent from runtime export surface
libc.so.6	strfromf64x	GLIBC_2.27	4	stub	-	-	absent from runtime export surface
libc.so.6	strfroml	GLIBC_2.25	4	stub	-	-	absent from runtime export surface
libc.so.6	strfry	GLIBC_2.2.5	4	stub	-	-	absent from runtime export surface
libc.so.6	strftime	GLIBC_2.2.5	2	forward-same	strftime	-	runtime exports the same name
libc.so.6	strftime_l	GLIBC_2.3	2	forward-same	strftime_l	-	runtime exports the same name
libc.so.6	strlen	GLIBC_2.2.5	2	forward-same	strlen	-	runtime exports the same name
libc.so.6	strncasecmp	GLIBC_2.2.5	2	forward-same	strncasecmp	-	runtime exports the same name
libc.so.6	strncasecmp_l	GLIBC_2.3	2	forward-same	strncasecmp_l	-	runtime exports the same name
libc.so.6	strncat	GLIBC_2.2.5	2	forward-same	strncat	-	runtime exports the same name
libc.so.6	strncmp	GLIBC_2.2.5	2	forward-same	strncmp	-	runtime exports the same name
libc.so.6	strncpy	GLIBC_2.2.5	2	forward-same	strncpy	-	runtime exports the same name
libc.so.6	strndup	GLIBC_2.2.5	2	forward-same	strndup	-	runtime exports the same name
libc.so.6	strnlen	GLIBC_2.2.5	2	forward-same	strnlen	-	runtime exports the same name
libc.so.6	strpbrk	GLIBC_2.2.5	2	forward-same	strpbrk	-	runtime exports the same name
libc.so.6	strptime	GLIBC_2.2.5	2	forward-same	strptime	-	runtime exports the same name
libc.so.6	strptime_l	GLIBC_2.3.2	2	forward-same	strptime_l	-	runtime exports the same name
libc.so.6	strrchr	GLIBC_2.2.5	2	forward-same	strrchr	-	runtime exports the same name
libc.so.6	strsep	GLIBC_2.2.5	2	forward-same	strsep	-	runtime exports the same name
libc.so.6	strsignal	GLIBC_2.2.5	2	forward-same	strsignal	-	runtime exports the same name
libc.so.6	strspn	GLIBC_2.2.5	2	forward-same	strspn	-	runtime exports the same name
libc.so.6	strstr	GLIBC_2.2.5	2	forward-same	strstr	-	runtime exports the same name
libc.so.6	strtod	GLIBC_2.2.5	2	forward-same	strtod	-	runtime exports the same name
libc.so.6	strtod_l	GLIBC_2.3	2	forward-same	strtod_l	-	runtime exports the same name
libc.so.6	strtof	GLIBC_2.2.5	2	forward-same	strtof	-	runtime exports the same name
libc.so.6	strtof128	GLIBC_2.26	4	stub	-	-	absent from runtime export surface
libc.so.6	strtof128_l	GLIBC_2.26	4	stub	-	-	absent from runtime export surface
libc.so.6	strtof32	GLIBC_2.27	4	stub	-	-	absent from runtime export surface
libc.so.6	strtof32_l	GLIBC_2.27	4	stub	-	-	absent from runtime export surface
libc.so.6	strtof32x	GLIBC_2.27	4	stub	-	-	absent from runtime export surface
libc.so.6	strtof32x_l	GLIBC_2.27	4	stub	-	-	absent from runtime export surface
libc.so.6	strtof64	GLIBC_2.27	1	forward-alias	strtof	-	LFS 64-bit variant; on LP64 aliases strtof
libc.so.6	strtof64_l	GLIBC_2.27	4	stub	-	-	absent from runtime export surface
libc.so.6	strtof64x	GLIBC_2.27	4	stub	-	-	absent from runtime export surface
libc.so.6	strtof64x_l	GLIBC_2.27	4	stub	-	-	absent from runtime export surface
libc.so.6	strtof_l	GLIBC_2.3	2	forward-same	strtof_l	-	runtime exports the same name
libc.so.6	strtoimax	GLIBC_2.2.5	2	forward-same	strtoimax	-	runtime exports the same name
libc.so.6	strtok	GLIBC_2.2.5	2	forward-same	strtok	-	runtime exports the same name
libc.so.6	strtok_r	GLIBC_2.2.5	2	forward-same	strtok_r	-	runtime exports the same name
libc.so.6	strtol	GLIBC_2.2.5	2	forward-same	strtol	-	runtime exports the same name
libc.so.6	strtol_l	GLIBC_2.3	2	forward-same	strtol_l	-	runtime exports the same name
libc.so.6	strtold	GLIBC_2.2.5	2	forward-same	strtold	-	runtime exports the same name
libc.so.6	strtold_l	GLIBC_2.3	2	forward-same	strtold_l	-	runtime exports the same name
libc.so.6	strtoll	GLIBC_2.2.5	2	forward-same	strtoll	-	runtime exports the same name
libc.so.6	strtoll_l	GLIBC_2.3.3	2	forward-same	strtoll_l	-	runtime exports the same name
libc.so.6	strtoq	GLIBC_2.2.5	4	stub	-	-	absent from runtime export surface
libc.so.6	strtoul	GLIBC_2.2.5	2	forward-same	strtoul	-	runtime exports the same name
libc.so.6	strtoul_l	GLIBC_2.3	2	forward-same	strtoul_l	-	runtime exports the same name
libc.so.6	strtoull	GLIBC_2.2.5	2	forward-same	strtoull	-	runtime exports the same name
libc.so.6	strtoull_l	GLIBC_2.3.3	2	forward-same	strtoull_l	-	runtime exports the same name
libc.so.6	strtoumax	GLIBC_2.2.5	2	forward-same	strtoumax	-	runtime exports the same name
libc.so.6	strtouq	GLIBC_2.2.5	4	stub	-	-	absent from runtime export surface
libc.so.6	strverscmp	GLIBC_2.2.5	2	forward-same	strverscmp	-	runtime exports the same name
libc.so.6	strxfrm	GLIBC_2.2.5	2	forward-same	strxfrm	-	runtime exports the same name
libc.so.6	strxfrm_l	GLIBC_2.3	2	forward-same	strxfrm_l	-	runtime exports the same name
libc.so.6	stty	GLIBC_2.2.5	4	stub	-	-	absent from runtime export surface
libc.so.6	svc_exit	GLIBC_2.2.5	4	stub	-	-	absent from runtime export surface
libc.so.6	svc_fdset	GLIBC_2.2.5	4	stub	-	-	absent from runtime export surface
libc.so.6	svc_getreq	GLIBC_2.2.5	4	stub	-	-	absent from runtime export surface
libc.so.6	svc_getreq_common	GLIBC_2.2.5	4	stub	-	-	absent from runtime export surface
libc.so.6	svc_getreq_poll	GLIBC_2.2.5	4	stub	-	-	absent from runtime export surface
libc.so.6	svc_getreqset	GLIBC_2.2.5	4	stub	-	-	absent from runtime export surface
libc.so.6	svc_max_pollfd	GLIBC_2.2.5	4	stub	-	-	absent from runtime export surface
libc.so.6	svc_pollfd	GLIBC_2.2.5	4	stub	-	-	absent from runtime export surface
libc.so.6	svc_register	GLIBC_2.2.5	4	stub	-	-	absent from runtime export surface
libc.so.6	svc_run	GLIBC_2.2.5	4	stub	-	-	absent from runtime export surface
libc.so.6	svc_sendreply	GLIBC_2.2.5	4	stub	-	-	absent from runtime export surface
libc.so.6	svc_unregister	GLIBC_2.2.5	4	stub	-	-	absent from runtime export surface
libc.so.6	svcauthdes_stats	GLIBC_2.2.5	4	stub	-	-	absent from runtime export surface
libc.so.6	svcerr_auth	GLIBC_2.2.5	4	stub	-	-	absent from runtime export surface
libc.so.6	svcerr_decode	GLIBC_2.2.5	4	stub	-	-	absent from runtime export surface
libc.so.6	svcerr_noproc	GLIBC_2.2.5	4	stub	-	-	absent from runtime export surface
libc.so.6	svcerr_noprog	GLIBC_2.2.5	4	stub	-	-	absent from runtime export surface
libc.so.6	svcerr_progvers	GLIBC_2.2.5	4	stub	-	-	absent from runtime export surface
libc.so.6	svcerr_systemerr	GLIBC_2.2.5	4	stub	-	-	absent from runtime export surface
libc.so.6	svcerr_weakauth	GLIBC_2.2.5	4	stub	-	-	absent from runtime export surface
libc.so.6	svcfd_create	GLIBC_2.2.5	4	stub	-	-	absent from runtime export surface
libc.so.6	svcraw_create	GLIBC_2.2.5	4	stub	-	-	absent from runtime export surface
libc.so.6	svctcp_create	GLIBC_2.2.5	4	stub	-	-	absent from runtime export surface
libc.so.6	svcudp_bufcreate	GLIBC_2.2.5	4	stub	-	-	absent from runtime export surface
libc.so.6	svcudp_create	GLIBC_2.2.5	4	stub	-	-	absent from runtime export surface
libc.so.6	svcudp_enablecache	GLIBC_2.2.5	4	stub	-	-	absent from runtime export surface
libc.so.6	svcunix_create	GLIBC_2.2.5	4	stub	-	-	absent from runtime export surface
libc.so.6	svcunixfd_create	GLIBC_2.2.5	4	stub	-	-	absent from runtime export surface
libc.so.6	swab	GLIBC_2.2.5	2	forward-same	swab	-	runtime exports the same name
libc.so.6	swapcontext	GLIBC_2.2.5	2	forward-same	swapcontext	-	runtime exports the same name
libc.so.6	swapoff	GLIBC_2.2.5	4	stub	-	-	absent from runtime export surface
libc.so.6	swapon	GLIBC_2.2.5	4	stub	-	-	absent from runtime export surface
libc.so.6	swprintf	GLIBC_2.2.5	2	forward-same	swprintf	-	runtime exports the same name
libc.so.6	swscanf	GLIBC_2.2.5	2	forward-same	swscanf	-	runtime exports the same name
libc.so.6	symlink	GLIBC_2.2.5	2	forward-same	symlink	-	runtime exports the same name
libc.so.6	symlinkat	GLIBC_2.4	2	forward-same	symlinkat	-	runtime exports the same name
libc.so.6	sync	GLIBC_2.2.5	2	forward-same	sync	-	runtime exports the same name
libc.so.6	sync_file_range	GLIBC_2.6	4	stub	-	-	absent from runtime export surface
libc.so.6	syncfs	GLIBC_2.14	4	stub	-	-	absent from runtime export surface
libc.so.6	sys_errlist	GLIBC_2.12	2	forward-same	sys_errlist	-	runtime exports the same name
libc.so.6	sys_errlist	GLIBC_2.2.5	2	forward-same	sys_errlist	-	runtime exports the same name
libc.so.6	sys_errlist	GLIBC_2.3	2	forward-same	sys_errlist	-	runtime exports the same name
libc.so.6	sys_errlist	GLIBC_2.4	2	forward-same	sys_errlist	-	runtime exports the same name
libc.so.6	sys_nerr	GLIBC_2.12	2	forward-same	sys_nerr	-	runtime exports the same name
libc.so.6	sys_nerr	GLIBC_2.2.5	2	forward-same	sys_nerr	-	runtime exports the same name
libc.so.6	sys_nerr	GLIBC_2.3	2	forward-same	sys_nerr	-	runtime exports the same name
libc.so.6	sys_nerr	GLIBC_2.4	2	forward-same	sys_nerr	-	runtime exports the same name
libc.so.6	sys_sigabbrev	GLIBC_2.2.5	2	forward-same	sys_sigabbrev	-	runtime exports the same name
libc.so.6	sys_sigabbrev	GLIBC_2.3.3	2	forward-same	sys_sigabbrev	-	runtime exports the same name
libc.so.6	sys_siglist	GLIBC_2.2.5	2	forward-same	sys_siglist	-	runtime exports the same name
libc.so.6	sys_siglist	GLIBC_2.3.3	2	forward-same	sys_siglist	-	runtime exports the same name
libc.so.6	syscall	GLIBC_2.2.5	4	stub	-	-	absent from runtime export surface
libc.so.6	sysconf	GLIBC_2.2.5	2	forward-same	sysconf	-	runtime exports the same name
libc.so.6	sysctl	GLIBC_2.2.5	4	stub	-	-	absent from runtime export surface
libc.so.6	sysinfo	GLIBC_2.2.5	2	forward-same	sysinfo	-	runtime exports the same name
libc.so.6	syslog	GLIBC_2.2.5	2	forward-same	syslog	-	runtime exports the same name
libc.so.6	system	GLIBC_2.2.5	2	forward-same	system	-	runtime exports the same name
libc.so.6	sysv_signal	GLIBC_2.2.5	3	shim	-	review	SysV signal semantics and numbers differ; shim over cygwin signal
libc.so.6	tcdrain	GLIBC_2.2.5	2	forward-same	tcdrain	-	runtime exports the same name
libc.so.6	tcflow	GLIBC_2.2.5	2	forward-same	tcflow	-	runtime exports the same name
libc.so.6	tcflush	GLIBC_2.2.5	2	forward-same	tcflush	-	runtime exports the same name
libc.so.6	tcgetattr	GLIBC_2.2.5	2	forward-same	tcgetattr	-	runtime exports the same name
libc.so.6	tcgetpgrp	GLIBC_2.2.5	2	forward-same	tcgetpgrp	-	runtime exports the same name
libc.so.6	tcgetsid	GLIBC_2.2.5	2	forward-same	tcgetsid	-	runtime exports the same name
libc.so.6	tcsendbreak	GLIBC_2.2.5	2	forward-same	tcsendbreak	-	runtime exports the same name
libc.so.6	tcsetattr	GLIBC_2.2.5	2	forward-same	tcsetattr	-	runtime exports the same name
libc.so.6	tcsetpgrp	GLIBC_2.2.5	2	forward-same	tcsetpgrp	-	runtime exports the same name
libc.so.6	tdelete	GLIBC_2.2.5	2	forward-same	tdelete	-	runtime exports the same name
libc.so.6	tdestroy	GLIBC_2.2.5	2	forward-same	tdestroy	-	runtime exports the same name
libc.so.6	tee	GLIBC_2.5	4	stub	-	-	absent from runtime export surface
libc.so.6	telldir	GLIBC_2.2.5	2	forward-same	telldir	-	runtime exports the same name
libc.so.6	tempnam	GLIBC_2.2.5	2	forward-same	tempnam	-	runtime exports the same name
libc.so.6	textdomain	GLIBC_2.2.5	4	stub	-	-	absent from runtime export surface
libc.so.6	tfind	GLIBC_2.2.5	2	forward-same	tfind	-	runtime exports the same name
libc.so.6	thrd_current	GLIBC_2.28	2	forward-same	thrd_current	-	runtime exports the same name
libc.so.6	thrd_equal	GLIBC_2.28	2	forward-same	thrd_equal	-	runtime exports the same name
libc.so.6	thrd_sleep	GLIBC_2.28	2	forward-same	thrd_sleep	-	runtime exports the same name
libc.so.6	thrd_yield	GLIBC_2.28	2	forward-same	thrd_yield	-	runtime exports the same name
libc.so.6	time	GLIBC_2.2.5	2	forward-same	time	-	runtime exports the same name
libc.so.6	timegm	GLIBC_2.2.5	2	forward-same	timegm	-	runtime exports the same name
libc.so.6	timelocal	GLIBC_2.2.5	2	forward-same	timelocal	-	runtime exports the same name
libc.so.6	timerfd_create	GLIBC_2.8	2	forward-same	timerfd_create	-	runtime exports the same name
libc.so.6	timerfd_gettime	GLIBC_2.8	2	forward-same	timerfd_gettime	-	runtime exports the same name
libc.so.6	timerfd_settime	GLIBC_2.8	2	forward-same	timerfd_settime	-	runtime exports the same name
libc.so.6	times	GLIBC_2.2.5	2	forward-same	times	-	runtime exports the same name
libc.so.6	timespec_get	GLIBC_2.16	2	forward-same	timespec_get	-	runtime exports the same name
libc.so.6	timezone	GLIBC_2.2.5	2	forward-same	timezone	-	runtime exports the same name
libc.so.6	tmpfile	GLIBC_2.2.5	2	forward-same	tmpfile	-	runtime exports the same name
libc.so.6	tmpfile64	GLIBC_2.2.5	1	forward-alias	tmpfile	-	LFS 64-bit variant; on LP64 aliases tmpfile
libc.so.6	tmpnam	GLIBC_2.2.5	2	forward-same	tmpnam	-	runtime exports the same name
libc.so.6	tmpnam_r	GLIBC_2.2.5	4	stub	-	-	absent from runtime export surface
libc.so.6	toascii	GLIBC_2.2.5	2	forward-same	toascii	-	runtime exports the same name
libc.so.6	tolower	GLIBC_2.2.5	2	forward-same	tolower	-	runtime exports the same name
libc.so.6	tolower_l	GLIBC_2.3	2	forward-same	tolower_l	-	runtime exports the same name
libc.so.6	toupper	GLIBC_2.2.5	2	forward-same	toupper	-	runtime exports the same name
libc.so.6	toupper_l	GLIBC_2.3	2	forward-same	toupper_l	-	runtime exports the same name
libc.so.6	towctrans	GLIBC_2.2.5	2	forward-same	towctrans	-	runtime exports the same name
libc.so.6	towctrans_l	GLIBC_2.3	2	forward-same	towctrans_l	-	runtime exports the same name
libc.so.6	towlower	GLIBC_2.2.5	2	forward-same	towlower	-	runtime exports the same name
libc.so.6	towlower_l	GLIBC_2.3	2	forward-same	towlower_l	-	runtime exports the same name
libc.so.6	towupper	GLIBC_2.2.5	2	forward-same	towupper	-	runtime exports the same name
libc.so.6	towupper_l	GLIBC_2.3	2	forward-same	towupper_l	-	runtime exports the same name
libc.so.6	tr_break	GLIBC_2.2.5	4	stub	-	-	absent from runtime export surface
libc.so.6	truncate	GLIBC_2.2.5	2	forward-same	truncate	-	runtime exports the same name
libc.so.6	truncate64	GLIBC_2.2.5	1	forward-alias	truncate	-	LFS 64-bit variant; on LP64 aliases truncate
libc.so.6	tsearch	GLIBC_2.2.5	2	forward-same	tsearch	-	runtime exports the same name
libc.so.6	ttyname	GLIBC_2.2.5	2	forward-same	ttyname	-	runtime exports the same name
libc.so.6	ttyname_r	GLIBC_2.2.5	2	forward-same	ttyname_r	-	runtime exports the same name
libc.so.6	ttyslot	GLIBC_2.2.5	2	forward-same	ttyslot	-	runtime exports the same name
libc.so.6	twalk	GLIBC_2.2.5	2	forward-same	twalk	-	runtime exports the same name
libc.so.6	tzname	GLIBC_2.2.5	1	forward-alias	_tzname	-	reserved-name alias of runtime export _tzname
libc.so.6	tzset	GLIBC_2.2.5	2	forward-same	tzset	-	runtime exports the same name
libc.so.6	ualarm	GLIBC_2.2.5	2	forward-same	ualarm	-	runtime exports the same name
libc.so.6	ulckpwdf	GLIBC_2.2.5	4	stub	-	-	absent from runtime export surface
libc.so.6	ulimit	GLIBC_2.2.5	4	stub	-	-	absent from runtime export surface
libc.so.6	umask	GLIBC_2.2.5	2	forward-same	umask	-	runtime exports the same name
libc.so.6	umount	GLIBC_2.2.5	2	forward-same	umount	-	runtime exports the same name
libc.so.6	umount2	GLIBC_2.2.5	4	stub	-	-	absent from runtime export surface
libc.so.6	uname	GLIBC_2.2.5	2	forward-same	uname	-	runtime exports the same name
libc.so.6	ungetc	GLIBC_2.2.5	2	forward-same	ungetc	-	runtime exports the same name
libc.so.6	ungetwc	GLIBC_2.2.5	2	forward-same	ungetwc	-	runtime exports the same name
libc.so.6	unlink	GLIBC_2.2.5	2	forward-same	unlink	-	runtime exports the same name
libc.so.6	unlinkat	GLIBC_2.4	2	forward-same	unlinkat	-	runtime exports the same name
libc.so.6	unlockpt	GLIBC_2.2.5	2	forward-same	unlockpt	-	runtime exports the same name
libc.so.6	unsetenv	GLIBC_2.2.5	2	forward-same	unsetenv	-	runtime exports the same name
libc.so.6	unshare	GLIBC_2.4	4	stub	-	-	absent from runtime export surface
libc.so.6	updwtmp	GLIBC_2.2.5	2	forward-same	updwtmp	-	runtime exports the same name
libc.so.6	updwtmpx	GLIBC_2.2.5	2	forward-same	updwtmpx	-	runtime exports the same name
libc.so.6	uselib	GLIBC_2.2.5	4	stub	-	-	absent from runtime export surface
libc.so.6	uselocale	GLIBC_2.3	2	forward-same	uselocale	-	runtime exports the same name
libc.so.6	user2netname	GLIBC_2.2.5	4	stub	-	-	absent from runtime export surface
libc.so.6	usleep	GLIBC_2.2.5	2	forward-same	usleep	-	runtime exports the same name
libc.so.6	ustat	GLIBC_2.2.5	4	stub	-	-	absent from runtime export surface
libc.so.6	utime	GLIBC_2.2.5	2	forward-same	utime	-	runtime exports the same name
libc.so.6	utimensat	GLIBC_2.6	2	forward-same	utimensat	-	runtime exports the same name
libc.so.6	utimes	GLIBC_2.2.5	2	forward-same	utimes	-	runtime exports the same name
libc.so.6	utmpname	GLIBC_2.2.5	2	forward-same	utmpname	-	runtime exports the same name
libc.so.6	utmpxname	GLIBC_2.2.5	2	forward-same	utmpxname	-	runtime exports the same name
libc.so.6	valloc	GLIBC_2.2.5	2	forward-same	valloc	-	runtime exports the same name
libc.so.6	vasprintf	GLIBC_2.2.5	2	forward-same	vasprintf	-	runtime exports the same name
libc.so.6	vdprintf	GLIBC_2.2.5	2	forward-same	vdprintf	-	runtime exports the same name
libc.so.6	verr	GLIBC_2.2.5	2	forward-same	verr	-	runtime exports the same name
libc.so.6	verrx	GLIBC_2.2.5	2	forward-same	verrx	-	runtime exports the same name
libc.so.6	versionsort	GLIBC_2.2.5	2	forward-same	versionsort	-	runtime exports the same name
libc.so.6	versionsort64	GLIBC_2.2.5	1	forward-alias	versionsort	-	LFS 64-bit variant; on LP64 aliases versionsort
libc.so.6	vfork	GLIBC_2.2.5	2	forward-same	vfork	-	runtime exports the same name
libc.so.6	vfprintf	GLIBC_2.2.5	2	forward-same	vfprintf	-	runtime exports the same name
libc.so.6	vfscanf	GLIBC_2.2.5	2	forward-same	vfscanf	-	runtime exports the same name
libc.so.6	vfwprintf	GLIBC_2.2.5	2	forward-same	vfwprintf	-	runtime exports the same name
libc.so.6	vfwscanf	GLIBC_2.2.5	2	forward-same	vfwscanf	-	runtime exports the same name
libc.so.6	vhangup	GLIBC_2.2.5	2	forward-same	vhangup	-	runtime exports the same name
libc.so.6	vlimit	GLIBC_2.2.5	4	stub	-	-	absent from runtime export surface
libc.so.6	vmsplice	GLIBC_2.5	4	stub	-	-	absent from runtime export surface
libc.so.6	vprintf	GLIBC_2.2.5	2	forward-same	vprintf	-	runtime exports the same name
libc.so.6	vscanf	GLIBC_2.2.5	2	forward-same	vscanf	-	runtime exports the same name
libc.so.6	vsnprintf	GLIBC_2.2.5	2	forward-same	vsnprintf	-	runtime exports the same name
libc.so.6	vsprintf	GLIBC_2.2.5	2	forward-same	vsprintf	-	runtime exports the same name
libc.so.6	vsscanf	GLIBC_2.2.5	2	forward-same	vsscanf	-	runtime exports the same name
libc.so.6	vswprintf	GLIBC_2.2.5	2	forward-same	vswprintf	-	runtime exports the same name
libc.so.6	vswscanf	GLIBC_2.2.5	2	forward-same	vswscanf	-	runtime exports the same name
libc.so.6	vsyslog	GLIBC_2.2.5	2	forward-same	vsyslog	-	runtime exports the same name
libc.so.6	vtimes	GLIBC_2.2.5	4	stub	-	-	absent from runtime export surface
libc.so.6	vwarn	GLIBC_2.2.5	2	forward-same	vwarn	-	runtime exports the same name
libc.so.6	vwarnx	GLIBC_2.2.5	2	forward-same	vwarnx	-	runtime exports the same name
libc.so.6	vwprintf	GLIBC_2.2.5	2	forward-same	vwprintf	-	runtime exports the same name
libc.so.6	vwscanf	GLIBC_2.2.5	2	forward-same	vwscanf	-	runtime exports the same name
libc.so.6	wait	GLIBC_2.2.5	2	forward-same	wait	-	runtime exports the same name
libc.so.6	wait3	GLIBC_2.2.5	2	forward-same	wait3	-	runtime exports the same name
libc.so.6	wait4	GLIBC_2.2.5	2	forward-same	wait4	-	runtime exports the same name
libc.so.6	waitid	GLIBC_2.2.5	4	stub	-	-	absent from runtime export surface
libc.so.6	waitpid	GLIBC_2.2.5	2	forward-same	waitpid	-	runtime exports the same name
libc.so.6	warn	GLIBC_2.2.5	2	forward-same	warn	-	runtime exports the same name
libc.so.6	warnx	GLIBC_2.2.5	2	forward-same	warnx	-	runtime exports the same name
libc.so.6	wcpcpy	GLIBC_2.2.5	2	forward-same	wcpcpy	-	runtime exports the same name
libc.so.6	wcpncpy	GLIBC_2.2.5	2	forward-same	wcpncpy	-	runtime exports the same name
libc.so.6	wcrtomb	GLIBC_2.2.5	2	forward-same	wcrtomb	-	runtime exports the same name
libc.so.6	wcscasecmp	GLIBC_2.2.5	2	forward-same	wcscasecmp	-	runtime exports the same name
libc.so.6	wcscasecmp_l	GLIBC_2.3	2	forward-same	wcscasecmp_l	-	runtime exports the same name
libc.so.6	wcscat	GLIBC_2.2.5	2	forward-same	wcscat	-	runtime exports the same name
libc.so.6	wcschr	GLIBC_2.2.5	2	forward-same	wcschr	-	runtime exports the same name
libc.so.6	wcschrnul	GLIBC_2.2.5	4	stub	-	-	absent from runtime export surface
libc.so.6	wcscmp	GLIBC_2.2.5	2	forward-same	wcscmp	-	runtime exports the same name
libc.so.6	wcscoll	GLIBC_2.2.5	2	forward-same	wcscoll	-	runtime exports the same name
libc.so.6	wcscoll_l	GLIBC_2.3	2	forward-same	wcscoll_l	-	runtime exports the same name
libc.so.6	wcscpy	GLIBC_2.2.5	2	forward-same	wcscpy	-	runtime exports the same name
libc.so.6	wcscspn	GLIBC_2.2.5	2	forward-same	wcscspn	-	runtime exports the same name
libc.so.6	wcsdup	GLIBC_2.2.5	2	forward-same	wcsdup	-	runtime exports the same name
libc.so.6	wcsftime	GLIBC_2.2.5	2	forward-same	wcsftime	-	runtime exports the same name
libc.so.6	wcsftime_l	GLIBC_2.3	2	forward-same	wcsftime_l	-	runtime exports the same name
libc.so.6	wcslen	GLIBC_2.2.5	2	forward-same	wcslen	-	runtime exports the same name
libc.so.6	wcsncasecmp	GLIBC_2.2.5	2	forward-same	wcsncasecmp	-	runtime exports the same name
libc.so.6	wcsncasecmp_l	GLIBC_2.3	2	forward-same	wcsncasecmp_l	-	runtime exports the same name
libc.so.6	wcsncat	GLIBC_2.2.5	2	forward-same	wcsncat	-	runtime exports the same name
libc.so.6	wcsncmp	GLIBC_2.2.5	2	forward-same	wcsncmp	-	runtime exports the same name
libc.so.6	wcsncpy	GLIBC_2.2.5	2	forward-same	wcsncpy	-	runtime exports the same name
libc.so.6	wcsnlen	GLIBC_2.2.5	2	forward-same	wcsnlen	-	runtime exports the same name
libc.so.6	wcsnrtombs	GLIBC_2.2.5	2	forward-same	wcsnrtombs	-	runtime exports the same name
libc.so.6	wcspbrk	GLIBC_2.2.5	2	forward-same	wcspbrk	-	runtime exports the same name
libc.so.6	wcsrchr	GLIBC_2.2.5	2	forward-same	wcsrchr	-	runtime exports the same name
libc.so.6	wcsrtombs	GLIBC_2.2.5	2	forward-same	wcsrtombs	-	runtime exports the same name
libc.so.6	wcsspn	GLIBC_2.2.5	2	forward-same	wcsspn	-	runtime exports the same name
libc.so.6	wcsstr	GLIBC_2.2.5	2	forward-same	wcsstr	-	runtime exports the same name
libc.so.6	wcstod	GLIBC_2.2.5	2	forward-same	wcstod	-	runtime exports the same name
libc.so.6	wcstod_l	GLIBC_2.3	2	forward-same	wcstod_l	-	runtime exports the same name
libc.so.6	wcstof	GLIBC_2.2.5	2	forward-same	wcstof	-	runtime exports the same name
libc.so.6	wcstof128	GLIBC_2.26	4	stub	-	-	absent from runtime export surface
libc.so.6	wcstof128_l	GLIBC_2.26	4	stub	-	-	absent from runtime export surface
libc.so.6	wcstof32	GLIBC_2.27	4	stub	-	-	absent from runtime export surface
libc.so.6	wcstof32_l	GLIBC_2.27	4	stub	-	-	absent from runtime export surface
libc.so.6	wcstof32x	GLIBC_2.27	4	stub	-	-	absent from runtime export surface
libc.so.6	wcstof32x_l	GLIBC_2.27	4	stub	-	-	absent from runtime export surface
libc.so.6	wcstof64	GLIBC_2.27	1	forward-alias	wcstof	-	LFS 64-bit variant; on LP64 aliases wcstof
libc.so.6	wcstof64_l	GLIBC_2.27	4	stub	-	-	absent from runtime export surface
libc.so.6	wcstof64x	GLIBC_2.27	4	stub	-	-	absent from runtime export surface
libc.so.6	wcstof64x_l	GLIBC_2.27	4	stub	-	-	absent from runtime export surface
libc.so.6	wcstof_l	GLIBC_2.3	2	forward-same	wcstof_l	-	runtime exports the same name
libc.so.6	wcstoimax	GLIBC_2.2.5	2	forward-same	wcstoimax	-	runtime exports the same name
libc.so.6	wcstok	GLIBC_2.2.5	2	forward-same	wcstok	-	runtime exports the same name
libc.so.6	wcstol	GLIBC_2.2.5	2	forward-same	wcstol	-	runtime exports the same name
libc.so.6	wcstol_l	GLIBC_2.3	2	forward-same	wcstol_l	-	runtime exports the same name
libc.so.6	wcstold	GLIBC_2.2.5	2	forward-same	wcstold	-	runtime exports the same name
libc.so.6	wcstold_l	GLIBC_2.3	2	forward-same	wcstold_l	-	runtime exports the same name
libc.so.6	wcstoll	GLIBC_2.2.5	2	forward-same	wcstoll	-	runtime exports the same name
libc.so.6	wcstoll_l	GLIBC_2.3	2	forward-same	wcstoll_l	-	runtime exports the same name
libc.so.6	wcstombs	GLIBC_2.2.5	2	forward-same	wcstombs	-	runtime exports the same name
libc.so.6	wcstoq	GLIBC_2.2.5	4	stub	-	-	absent from runtime export surface
libc.so.6	wcstoul	GLIBC_2.2.5	2	forward-same	wcstoul	-	runtime exports the same name
libc.so.6	wcstoul_l	GLIBC_2.3	2	forward-same	wcstoul_l	-	runtime exports the same name
libc.so.6	wcstoull	GLIBC_2.2.5	2	forward-same	wcstoull	-	runtime exports the same name
libc.so.6	wcstoull_l	GLIBC_2.3	2	forward-same	wcstoull_l	-	runtime exports the same name
libc.so.6	wcstoumax	GLIBC_2.2.5	2	forward-same	wcstoumax	-	runtime exports the same name
libc.so.6	wcstouq	GLIBC_2.2.5	4	stub	-	-	absent from runtime export surface
libc.so.6	wcswcs	GLIBC_2.2.5	4	stub	-	-	absent from runtime export surface
libc.so.6	wcswidth	GLIBC_2.2.5	2	forward-same	wcswidth	-	runtime exports the same name
libc.so.6	wcsxfrm	GLIBC_2.2.5	2	forward-same	wcsxfrm	-	runtime exports the same name
libc.so.6	wcsxfrm_l	GLIBC_2.3	2	forward-same	wcsxfrm_l	-	runtime exports the same name
libc.so.6	wctob	GLIBC_2.2.5	2	forward-same	wctob	-	runtime exports the same name
libc.so.6	wctomb	GLIBC_2.2.5	2	forward-same	wctomb	-	runtime exports the same name
libc.so.6	wctrans	GLIBC_2.2.5	2	forward-same	wctrans	-	runtime exports the same name
libc.so.6	wctrans_l	GLIBC_2.3	2	forward-same	wctrans_l	-	runtime exports the same name
libc.so.6	wctype	GLIBC_2.2.5	2	forward-same	wctype	-	runtime exports the same name
libc.so.6	wctype_l	GLIBC_2.3	2	forward-same	wctype_l	-	runtime exports the same name
libc.so.6	wcwidth	GLIBC_2.2.5	2	forward-same	wcwidth	-	runtime exports the same name
libc.so.6	wmemchr	GLIBC_2.2.5	2	forward-same	wmemchr	-	runtime exports the same name
libc.so.6	wmemcmp	GLIBC_2.2.5	2	forward-same	wmemcmp	-	runtime exports the same name
libc.so.6	wmemcpy	GLIBC_2.2.5	2	forward-same	wmemcpy	-	runtime exports the same name
libc.so.6	wmemmove	GLIBC_2.2.5	2	forward-same	wmemmove	-	runtime exports the same name
libc.so.6	wmempcpy	GLIBC_2.2.5	2	forward-same	wmempcpy	-	runtime exports the same name
libc.so.6	wmemset	GLIBC_2.2.5	2	forward-same	wmemset	-	runtime exports the same name
libc.so.6	wordexp	GLIBC_2.2.5	2	forward-same	wordexp	-	runtime exports the same name
libc.so.6	wordfree	GLIBC_2.2.5	2	forward-same	wordfree	-	runtime exports the same name
libc.so.6	wprintf	GLIBC_2.2.5	2	forward-same	wprintf	-	runtime exports the same name
libc.so.6	write	GLIBC_2.2.5	2	forward-same	write	-	runtime exports the same name
libc.so.6	writev	GLIBC_2.2.5	2	forward-same	writev	-	runtime exports the same name
libc.so.6	wscanf	GLIBC_2.2.5	2	forward-same	wscanf	-	runtime exports the same name
libc.so.6	xdecrypt	GLIBC_2.2.5	4	stub	-	-	absent from runtime export surface
libc.so.6	xdr_accepted_reply	GLIBC_2.2.5	4	stub	-	-	absent from runtime export surface
libc.so.6	xdr_array	GLIBC_2.2.5	2	forward-same	xdr_array	-	runtime exports the same name
libc.so.6	xdr_authdes_cred	GLIBC_2.2.5	4	stub	-	-	absent from runtime export surface
libc.so.6	xdr_authdes_verf	GLIBC_2.2.5	4	stub	-	-	absent from runtime export surface
libc.so.6	xdr_authunix_parms	GLIBC_2.2.5	4	stub	-	-	absent from runtime export surface
libc.so.6	xdr_bool	GLIBC_2.2.5	2	forward-same	xdr_bool	-	runtime exports the same name
libc.so.6	xdr_bytes	GLIBC_2.2.5	2	forward-same	xdr_bytes	-	runtime exports the same name
libc.so.6	xdr_callhdr	GLIBC_2.2.5	4	stub	-	-	absent from runtime export surface
libc.so.6	xdr_callmsg	GLIBC_2.2.5	4	stub	-	-	absent from runtime export surface
libc.so.6	xdr_char	GLIBC_2.2.5	2	forward-same	xdr_char	-	runtime exports the same name
libc.so.6	xdr_cryptkeyarg	GLIBC_2.2.5	4	stub	-	-	absent from runtime export surface
libc.so.6	xdr_cryptkeyarg2	GLIBC_2.2.5	4	stub	-	-	absent from runtime export surface
libc.so.6	xdr_cryptkeyres	GLIBC_2.2.5	4	stub	-	-	absent from runtime export surface
libc.so.6	xdr_des_block	GLIBC_2.2.5	4	stub	-	-	absent from runtime export surface
libc.so.6	xdr_double	GLIBC_2.2.5	2	forward-same	xdr_double	-	runtime exports the same name
libc.so.6	xdr_enum	GLIBC_2.2.5	2	forward-same	xdr_enum	-	runtime exports the same name
libc.so.6	xdr_float	GLIBC_2.2.5	2	forward-same	xdr_float	-	runtime exports the same name
libc.so.6	xdr_free	GLIBC_2.2.5	2	forward-same	xdr_free	-	runtime exports the same name
libc.so.6	xdr_getcredres	GLIBC_2.2.5	4	stub	-	-	absent from runtime export surface
libc.so.6	xdr_hyper	GLIBC_2.2.5	2	forward-same	xdr_hyper	-	runtime exports the same name
libc.so.6	xdr_int	GLIBC_2.2.5	2	forward-same	xdr_int	-	runtime exports the same name
libc.so.6	xdr_int16_t	GLIBC_2.2.5	2	forward-same	xdr_int16_t	-	runtime exports the same name
libc.so.6	xdr_int32_t	GLIBC_2.2.5	2	forward-same	xdr_int32_t	-	runtime exports the same name
libc.so.6	xdr_int64_t	GLIBC_2.2.5	2	forward-same	xdr_int64_t	-	runtime exports the same name
libc.so.6	xdr_int8_t	GLIBC_2.2.5	2	forward-same	xdr_int8_t	-	runtime exports the same name
libc.so.6	xdr_key_netstarg	GLIBC_2.2.5	4	stub	-	-	absent from runtime export surface
libc.so.6	xdr_key_netstres	GLIBC_2.2.5	4	stub	-	-	absent from runtime export surface
libc.so.6	xdr_keybuf	GLIBC_2.2.5	4	stub	-	-	absent from runtime export surface
libc.so.6	xdr_keystatus	GLIBC_2.2.5	4	stub	-	-	absent from runtime export surface
libc.so.6	xdr_long	GLIBC_2.2.5	2	forward-same	xdr_long	-	runtime exports the same name
libc.so.6	xdr_longlong_t	GLIBC_2.2.5	2	forward-same	xdr_longlong_t	-	runtime exports the same name
libc.so.6	xdr_netnamestr	GLIBC_2.2.5	4	stub	-	-	absent from runtime export surface
libc.so.6	xdr_netobj	GLIBC_2.2.5	2	forward-same	xdr_netobj	-	runtime exports the same name
libc.so.6	xdr_opaque	GLIBC_2.2.5	2	forward-same	xdr_opaque	-	runtime exports the same name
libc.so.6	xdr_opaque_auth	GLIBC_2.2.5	4	stub	-	-	absent from runtime export surface
libc.so.6	xdr_pmap	GLIBC_2.2.5	4	stub	-	-	absent from runtime export surface
libc.so.6	xdr_pmaplist	GLIBC_2.2.5	4	stub	-	-	absent from runtime export surface
libc.so.6	xdr_pointer	GLIBC_2.2.5	2	forward-same	xdr_pointer	-	runtime exports the same name
libc.so.6	xdr_quad_t	GLIBC_2.3.4	4	stub	-	-	absent from runtime export surface
libc.so.6	xdr_reference	GLIBC_2.2.5	2	forward-same	xdr_reference	-	runtime exports the same name
libc.so.6	xdr_rejected_reply	GLIBC_2.2.5	4	stub	-	-	absent from runtime export surface
libc.so.6	xdr_replymsg	GLIBC_2.2.5	4	stub	-	-	absent from runtime export surface
libc.so.6	xdr_rmtcall_args	GLIBC_2.2.5	4	stub	-	-	absent from runtime export surface
libc.so.6	xdr_rmtcallres	GLIBC_2.2.5	4	stub	-	-	absent from runtime export surface
libc.so.6	xdr_short	GLIBC_2.2.5	2	forward-same	xdr_short	-	runtime exports the same name
libc.so.6	xdr_sizeof	GLIBC_2.2.5	2	forward-same	xdr_sizeof	-	runtime exports the same name
libc.so.6	xdr_string	GLIBC_2.2.5	2	forward-same	xdr_string	-	runtime exports the same name
libc.so.6	xdr_u_char	GLIBC_2.2.5	2	forward-same	xdr_u_char	-	runtime exports the same name
libc.so.6	xdr_u_hyper	GLIBC_2.2.5	2	forward-same	xdr_u_hyper	-	runtime exports the same name
libc.so.6	xdr_u_int	GLIBC_2.2.5	2	forward-same	xdr_u_int	-	runtime exports the same name
libc.so.6	xdr_u_long	GLIBC_2.2.5	2	forward-same	xdr_u_long	-	runtime exports the same name
libc.so.6	xdr_u_longlong_t	GLIBC_2.2.5	2	forward-same	xdr_u_longlong_t	-	runtime exports the same name
libc.so.6	xdr_u_quad_t	GLIBC_2.3.4	4	stub	-	-	absent from runtime export surface
libc.so.6	xdr_u_short	GLIBC_2.2.5	2	forward-same	xdr_u_short	-	runtime exports the same name
libc.so.6	xdr_uint16_t	GLIBC_2.2.5	2	forward-same	xdr_uint16_t	-	runtime exports the same name
libc.so.6	xdr_uint32_t	GLIBC_2.2.5	2	forward-same	xdr_uint32_t	-	runtime exports the same name
libc.so.6	xdr_uint64_t	GLIBC_2.2.5	2	forward-same	xdr_uint64_t	-	runtime exports the same name
libc.so.6	xdr_uint8_t	GLIBC_2.2.5	2	forward-same	xdr_uint8_t	-	runtime exports the same name
libc.so.6	xdr_union	GLIBC_2.2.5	2	forward-same	xdr_union	-	runtime exports the same name
libc.so.6	xdr_unixcred	GLIBC_2.2.5	4	stub	-	-	absent from runtime export surface
libc.so.6	xdr_vector	GLIBC_2.2.5	2	forward-same	xdr_vector	-	runtime exports the same name
libc.so.6	xdr_void	GLIBC_2.2.5	2	forward-same	xdr_void	-	runtime exports the same name
libc.so.6	xdr_wrapstring	GLIBC_2.2.5	2	forward-same	xdr_wrapstring	-	runtime exports the same name
libc.so.6	xdrmem_create	GLIBC_2.2.5	2	forward-same	xdrmem_create	-	runtime exports the same name
libc.so.6	xdrrec_create	GLIBC_2.2.5	2	forward-same	xdrrec_create	-	runtime exports the same name
libc.so.6	xdrrec_endofrecord	GLIBC_2.2.5	2	forward-same	xdrrec_endofrecord	-	runtime exports the same name
libc.so.6	xdrrec_eof	GLIBC_2.2.5	2	forward-same	xdrrec_eof	-	runtime exports the same name
libc.so.6	xdrrec_skiprecord	GLIBC_2.2.5	2	forward-same	xdrrec_skiprecord	-	runtime exports the same name
libc.so.6	xdrstdio_create	GLIBC_2.2.5	2	forward-same	xdrstdio_create	-	runtime exports the same name
libc.so.6	xencrypt	GLIBC_2.2.5	4	stub	-	-	absent from runtime export surface
libc.so.6	xprt_register	GLIBC_2.2.5	4	stub	-	-	absent from runtime export surface
libc.so.6	xprt_unregister	GLIBC_2.2.5	4	stub	-	-	absent from runtime export surface
libm.so.6	GLIBC_2.15	GLIBC_2.15	scaffold	scaffold	-	-	version-node identity object (WP-53 scaffold)
libm.so.6	GLIBC_2.18	GLIBC_2.18	scaffold	scaffold	-	-	version-node identity object (WP-53 scaffold)
libm.so.6	GLIBC_2.2.5	GLIBC_2.2.5	scaffold	scaffold	-	-	version-node identity object (WP-53 scaffold)
libm.so.6	GLIBC_2.23	GLIBC_2.23	scaffold	scaffold	-	-	version-node identity object (WP-53 scaffold)
libm.so.6	GLIBC_2.24	GLIBC_2.24	scaffold	scaffold	-	-	version-node identity object (WP-53 scaffold)
libm.so.6	GLIBC_2.25	GLIBC_2.25	scaffold	scaffold	-	-	version-node identity object (WP-53 scaffold)
libm.so.6	GLIBC_2.26	GLIBC_2.26	scaffold	scaffold	-	-	version-node identity object (WP-53 scaffold)
libm.so.6	GLIBC_2.27	GLIBC_2.27	scaffold	scaffold	-	-	version-node identity object (WP-53 scaffold)
libm.so.6	GLIBC_2.28	GLIBC_2.28	scaffold	scaffold	-	-	version-node identity object (WP-53 scaffold)
libm.so.6	GLIBC_2.4	GLIBC_2.4	scaffold	scaffold	-	-	version-node identity object (WP-53 scaffold)
libm.so.6	_LIB_VERSION	GLIBC_2.2.5	4	stub	-	-	absent from runtime export surface
libm.so.6	__acos_finite	GLIBC_2.15	3	shim	acos	review	fast-math finite variant; shim/alias over acos
libm.so.6	__acosf128_finite	GLIBC_2.26	4	stub	-	-	fast-math finite variant; base acosf128 absent
libm.so.6	__acosf_finite	GLIBC_2.15	3	shim	acosf	review	fast-math finite variant; shim/alias over acosf
libm.so.6	__acosh_finite	GLIBC_2.15	3	shim	acosh	review	fast-math finite variant; shim/alias over acosh
libm.so.6	__acoshf128_finite	GLIBC_2.26	4	stub	-	-	fast-math finite variant; base acoshf128 absent
libm.so.6	__acoshf_finite	GLIBC_2.15	3	shim	acoshf	review	fast-math finite variant; shim/alias over acoshf
libm.so.6	__acoshl_finite	GLIBC_2.15	3	shim	acoshl	review	fast-math finite variant; shim/alias over acoshl
libm.so.6	__acosl_finite	GLIBC_2.15	3	shim	acosl	review	fast-math finite variant; shim/alias over acosl
libm.so.6	__asin_finite	GLIBC_2.15	3	shim	asin	review	fast-math finite variant; shim/alias over asin
libm.so.6	__asinf128_finite	GLIBC_2.26	4	stub	-	-	fast-math finite variant; base asinf128 absent
libm.so.6	__asinf_finite	GLIBC_2.15	3	shim	asinf	review	fast-math finite variant; shim/alias over asinf
libm.so.6	__asinl_finite	GLIBC_2.15	3	shim	asinl	review	fast-math finite variant; shim/alias over asinl
libm.so.6	__atan2_finite	GLIBC_2.15	3	shim	atan2	review	fast-math finite variant; shim/alias over atan2
libm.so.6	__atan2f128_finite	GLIBC_2.26	4	stub	-	-	fast-math finite variant; base atan2f128 absent
libm.so.6	__atan2f_finite	GLIBC_2.15	3	shim	atan2f	review	fast-math finite variant; shim/alias over atan2f
libm.so.6	__atan2l_finite	GLIBC_2.15	3	shim	atan2l	review	fast-math finite variant; shim/alias over atan2l
libm.so.6	__atanh_finite	GLIBC_2.15	3	shim	atanh	review	fast-math finite variant; shim/alias over atanh
libm.so.6	__atanhf128_finite	GLIBC_2.26	4	stub	-	-	fast-math finite variant; base atanhf128 absent
libm.so.6	__atanhf_finite	GLIBC_2.15	3	shim	atanhf	review	fast-math finite variant; shim/alias over atanhf
libm.so.6	__atanhl_finite	GLIBC_2.15	3	shim	atanhl	review	fast-math finite variant; shim/alias over atanhl
libm.so.6	__clog10	GLIBC_2.2.5	1	forward-alias	clog10	-	reserved-name alias of runtime export clog10
libm.so.6	__clog10f	GLIBC_2.2.5	1	forward-alias	clog10f	-	reserved-name alias of runtime export clog10f
libm.so.6	__clog10l	GLIBC_2.2.5	1	forward-alias	clog10l	-	reserved-name alias of runtime export clog10l
libm.so.6	__cosh_finite	GLIBC_2.15	3	shim	cosh	review	fast-math finite variant; shim/alias over cosh
libm.so.6	__coshf128_finite	GLIBC_2.26	4	stub	-	-	fast-math finite variant; base coshf128 absent
libm.so.6	__coshf_finite	GLIBC_2.15	3	shim	coshf	review	fast-math finite variant; shim/alias over coshf
libm.so.6	__coshl_finite	GLIBC_2.15	3	shim	coshl	review	fast-math finite variant; shim/alias over coshl
libm.so.6	__exp10_finite	GLIBC_2.15	3	shim	exp10	review	fast-math finite variant; shim/alias over exp10
libm.so.6	__exp10f128_finite	GLIBC_2.26	4	stub	-	-	fast-math finite variant; base exp10f128 absent
libm.so.6	__exp10f_finite	GLIBC_2.15	3	shim	exp10f	review	fast-math finite variant; shim/alias over exp10f
libm.so.6	__exp10l_finite	GLIBC_2.15	3	shim	exp10l	review	fast-math finite variant; shim/alias over exp10l
libm.so.6	__exp2_finite	GLIBC_2.15	3	shim	exp2	review	fast-math finite variant; shim/alias over exp2
libm.so.6	__exp2f128_finite	GLIBC_2.26	4	stub	-	-	fast-math finite variant; base exp2f128 absent
libm.so.6	__exp2f_finite	GLIBC_2.15	3	shim	exp2f	review	fast-math finite variant; shim/alias over exp2f
libm.so.6	__exp2l_finite	GLIBC_2.15	3	shim	exp2l	review	fast-math finite variant; shim/alias over exp2l
libm.so.6	__exp_finite	GLIBC_2.15	3	shim	exp	review	fast-math finite variant; shim/alias over exp
libm.so.6	__expf128_finite	GLIBC_2.26	4	stub	-	-	fast-math finite variant; base expf128 absent
libm.so.6	__expf_finite	GLIBC_2.15	3	shim	expf	review	fast-math finite variant; shim/alias over expf
libm.so.6	__expl_finite	GLIBC_2.15	3	shim	expl	review	fast-math finite variant; shim/alias over expl
libm.so.6	__finite	GLIBC_2.2.5	1	forward-alias	finite	-	reserved-name alias of runtime export finite
libm.so.6	__finitef	GLIBC_2.2.5	1	forward-alias	finitef	-	reserved-name alias of runtime export finitef
libm.so.6	__finitef128	GLIBC_2.26	4	stub	-	-	absent from runtime export surface
libm.so.6	__finitel	GLIBC_2.2.5	1	forward-alias	finitel	-	reserved-name alias of runtime export finitel
libm.so.6	__fmod_finite	GLIBC_2.15	3	shim	fmod	review	fast-math finite variant; shim/alias over fmod
libm.so.6	__fmodf128_finite	GLIBC_2.26	4	stub	-	-	fast-math finite variant; base fmodf128 absent
libm.so.6	__fmodf_finite	GLIBC_2.15	3	shim	fmodf	review	fast-math finite variant; shim/alias over fmodf
libm.so.6	__fmodl_finite	GLIBC_2.15	3	shim	fmodl	review	fast-math finite variant; shim/alias over fmodl
libm.so.6	__fpclassify	GLIBC_2.2.5	4	stub	-	-	absent from runtime export surface
libm.so.6	__fpclassifyf	GLIBC_2.2.5	2	forward-same	__fpclassifyf	-	runtime exports the same name
libm.so.6	__fpclassifyf128	GLIBC_2.26	4	stub	-	-	absent from runtime export surface
libm.so.6	__fpclassifyl	GLIBC_2.2.5	4	stub	-	-	absent from runtime export surface
libm.so.6	__gamma_r_finite	GLIBC_2.15	3	shim	gamma_r	review	fast-math finite variant; shim/alias over gamma_r
libm.so.6	__gammaf128_r_finite	GLIBC_2.26	4	stub	-	-	fast-math finite variant; base gammaf128_r absent
libm.so.6	__gammaf_r_finite	GLIBC_2.15	3	shim	gammaf_r	review	fast-math finite variant; shim/alias over gammaf_r
libm.so.6	__gammal_r_finite	GLIBC_2.15	4	stub	-	-	fast-math finite variant; base gammal_r absent
libm.so.6	__hypot_finite	GLIBC_2.15	3	shim	hypot	review	fast-math finite variant; shim/alias over hypot
libm.so.6	__hypotf128_finite	GLIBC_2.26	4	stub	-	-	fast-math finite variant; base hypotf128 absent
libm.so.6	__hypotf_finite	GLIBC_2.15	3	shim	hypotf	review	fast-math finite variant; shim/alias over hypotf
libm.so.6	__hypotl_finite	GLIBC_2.15	3	shim	hypotl	review	fast-math finite variant; shim/alias over hypotl
libm.so.6	__iscanonicall	GLIBC_2.25	4	stub	-	-	absent from runtime export surface
libm.so.6	__iseqsig	GLIBC_2.25	4	stub	-	-	absent from runtime export surface
libm.so.6	__iseqsigf	GLIBC_2.25	4	stub	-	-	absent from runtime export surface
libm.so.6	__iseqsigf128	GLIBC_2.26	4	stub	-	-	absent from runtime export surface
libm.so.6	__iseqsigl	GLIBC_2.25	4	stub	-	-	absent from runtime export surface
libm.so.6	__isinff128	GLIBC_2.26	4	stub	-	-	absent from runtime export surface
libm.so.6	__isnanf128	GLIBC_2.26	4	stub	-	-	absent from runtime export surface
libm.so.6	__issignaling	GLIBC_2.18	4	stub	-	-	absent from runtime export surface
libm.so.6	__issignalingf	GLIBC_2.18	4	stub	-	-	absent from runtime export surface
libm.so.6	__issignalingf128	GLIBC_2.26	4	stub	-	-	absent from runtime export surface
libm.so.6	__issignalingl	GLIBC_2.18	4	stub	-	-	absent from runtime export surface
libm.so.6	__j0_finite	GLIBC_2.15	3	shim	j0	review	fast-math finite variant; shim/alias over j0
libm.so.6	__j0f128_finite	GLIBC_2.26	4	stub	-	-	fast-math finite variant; base j0f128 absent
libm.so.6	__j0f_finite	GLIBC_2.15	3	shim	j0f	review	fast-math finite variant; shim/alias over j0f
libm.so.6	__j0l_finite	GLIBC_2.15	4	stub	-	-	fast-math finite variant; base j0l absent
libm.so.6	__j1_finite	GLIBC_2.15	3	shim	j1	review	fast-math finite variant; shim/alias over j1
libm.so.6	__j1f128_finite	GLIBC_2.26	4	stub	-	-	fast-math finite variant; base j1f128 absent
libm.so.6	__j1f_finite	GLIBC_2.15	3	shim	j1f	review	fast-math finite variant; shim/alias over j1f
libm.so.6	__j1l_finite	GLIBC_2.15	4	stub	-	-	fast-math finite variant; base j1l absent
libm.so.6	__jn_finite	GLIBC_2.15	3	shim	jn	review	fast-math finite variant; shim/alias over jn
libm.so.6	__jnf128_finite	GLIBC_2.26	4	stub	-	-	fast-math finite variant; base jnf128 absent
libm.so.6	__jnf_finite	GLIBC_2.15	3	shim	jnf	review	fast-math finite variant; shim/alias over jnf
libm.so.6	__jnl_finite	GLIBC_2.15	4	stub	-	-	fast-math finite variant; base jnl absent
libm.so.6	__lgamma_r_finite	GLIBC_2.15	3	shim	lgamma_r	review	fast-math finite variant; shim/alias over lgamma_r
libm.so.6	__lgammaf128_r_finite	GLIBC_2.26	4	stub	-	-	fast-math finite variant; base lgammaf128_r absent
libm.so.6	__lgammaf_r_finite	GLIBC_2.15	3	shim	lgammaf_r	review	fast-math finite variant; shim/alias over lgammaf_r
libm.so.6	__lgammal_r_finite	GLIBC_2.15	3	shim	lgammal_r	review	fast-math finite variant; shim/alias over lgammal_r
libm.so.6	__log10_finite	GLIBC_2.15	3	shim	log10	review	fast-math finite variant; shim/alias over log10
libm.so.6	__log10f128_finite	GLIBC_2.26	4	stub	-	-	fast-math finite variant; base log10f128 absent
libm.so.6	__log10f_finite	GLIBC_2.15	3	shim	log10f	review	fast-math finite variant; shim/alias over log10f
libm.so.6	__log10l_finite	GLIBC_2.15	3	shim	log10l	review	fast-math finite variant; shim/alias over log10l
libm.so.6	__log2_finite	GLIBC_2.15	3	shim	log2	review	fast-math finite variant; shim/alias over log2
libm.so.6	__log2f128_finite	GLIBC_2.26	4	stub	-	-	fast-math finite variant; base log2f128 absent
libm.so.6	__log2f_finite	GLIBC_2.15	3	shim	log2f	review	fast-math finite variant; shim/alias over log2f
libm.so.6	__log2l_finite	GLIBC_2.15	3	shim	log2l	review	fast-math finite variant; shim/alias over log2l
libm.so.6	__log_finite	GLIBC_2.15	3	shim	log	review	fast-math finite variant; shim/alias over log
libm.so.6	__logf128_finite	GLIBC_2.26	4	stub	-	-	fast-math finite variant; base logf128 absent
libm.so.6	__logf_finite	GLIBC_2.15	3	shim	logf	review	fast-math finite variant; shim/alias over logf
libm.so.6	__logl_finite	GLIBC_2.15	3	shim	logl	review	fast-math finite variant; shim/alias over logl
libm.so.6	__pow_finite	GLIBC_2.15	3	shim	pow	review	fast-math finite variant; shim/alias over pow
libm.so.6	__powf128_finite	GLIBC_2.26	4	stub	-	-	fast-math finite variant; base powf128 absent
libm.so.6	__powf_finite	GLIBC_2.15	3	shim	powf	review	fast-math finite variant; shim/alias over powf
libm.so.6	__powl_finite	GLIBC_2.15	3	shim	powl	review	fast-math finite variant; shim/alias over powl
libm.so.6	__remainder_finite	GLIBC_2.15	3	shim	remainder	review	fast-math finite variant; shim/alias over remainder
libm.so.6	__remainderf128_finite	GLIBC_2.26	4	stub	-	-	fast-math finite variant; base remainderf128 absent
libm.so.6	__remainderf_finite	GLIBC_2.15	3	shim	remainderf	review	fast-math finite variant; shim/alias over remainderf
libm.so.6	__remainderl_finite	GLIBC_2.15	3	shim	remainderl	review	fast-math finite variant; shim/alias over remainderl
libm.so.6	__scalb_finite	GLIBC_2.15	3	shim	scalb	review	fast-math finite variant; shim/alias over scalb
libm.so.6	__scalbf_finite	GLIBC_2.15	3	shim	scalbf	review	fast-math finite variant; shim/alias over scalbf
libm.so.6	__scalbl_finite	GLIBC_2.15	3	shim	scalbl	review	fast-math finite variant; shim/alias over scalbl
libm.so.6	__signbit	GLIBC_2.2.5	4	stub	-	-	absent from runtime export surface
libm.so.6	__signbitf	GLIBC_2.2.5	2	forward-same	__signbitf	-	runtime exports the same name
libm.so.6	__signbitf128	GLIBC_2.26	4	stub	-	-	absent from runtime export surface
libm.so.6	__signbitl	GLIBC_2.2.5	4	stub	-	-	absent from runtime export surface
libm.so.6	__signgam	GLIBC_2.23	2	forward-same	__signgam	-	runtime exports the same name
libm.so.6	__sinh_finite	GLIBC_2.15	3	shim	sinh	review	fast-math finite variant; shim/alias over sinh
libm.so.6	__sinhf128_finite	GLIBC_2.26	4	stub	-	-	fast-math finite variant; base sinhf128 absent
libm.so.6	__sinhf_finite	GLIBC_2.15	3	shim	sinhf	review	fast-math finite variant; shim/alias over sinhf
libm.so.6	__sinhl_finite	GLIBC_2.15	3	shim	sinhl	review	fast-math finite variant; shim/alias over sinhl
libm.so.6	__sqrt_finite	GLIBC_2.15	3	shim	sqrt	review	fast-math finite variant; shim/alias over sqrt
libm.so.6	__sqrtf128_finite	GLIBC_2.26	4	stub	-	-	fast-math finite variant; base sqrtf128 absent
libm.so.6	__sqrtf_finite	GLIBC_2.15	3	shim	sqrtf	review	fast-math finite variant; shim/alias over sqrtf
libm.so.6	__sqrtl_finite	GLIBC_2.15	3	shim	sqrtl	review	fast-math finite variant; shim/alias over sqrtl
libm.so.6	__y0_finite	GLIBC_2.15	3	shim	y0	review	fast-math finite variant; shim/alias over y0
libm.so.6	__y0f128_finite	GLIBC_2.26	4	stub	-	-	fast-math finite variant; base y0f128 absent
libm.so.6	__y0f_finite	GLIBC_2.15	3	shim	y0f	review	fast-math finite variant; shim/alias over y0f
libm.so.6	__y0l_finite	GLIBC_2.15	4	stub	-	-	fast-math finite variant; base y0l absent
libm.so.6	__y1_finite	GLIBC_2.15	3	shim	y1	review	fast-math finite variant; shim/alias over y1
libm.so.6	__y1f128_finite	GLIBC_2.26	4	stub	-	-	fast-math finite variant; base y1f128 absent
libm.so.6	__y1f_finite	GLIBC_2.15	3	shim	y1f	review	fast-math finite variant; shim/alias over y1f
libm.so.6	__y1l_finite	GLIBC_2.15	4	stub	-	-	fast-math finite variant; base y1l absent
libm.so.6	__yn_finite	GLIBC_2.15	3	shim	yn	review	fast-math finite variant; shim/alias over yn
libm.so.6	__ynf128_finite	GLIBC_2.26	4	stub	-	-	fast-math finite variant; base ynf128 absent
libm.so.6	__ynf_finite	GLIBC_2.15	3	shim	ynf	review	fast-math finite variant; shim/alias over ynf
libm.so.6	__ynl_finite	GLIBC_2.15	4	stub	-	-	fast-math finite variant; base ynl absent
libm.so.6	acos	GLIBC_2.2.5	2	forward-same	acos	-	runtime exports the same name
libm.so.6	acosf	GLIBC_2.2.5	2	forward-same	acosf	-	runtime exports the same name
libm.so.6	acosf128	GLIBC_2.26	4	stub	-	-	absent from runtime export surface
libm.so.6	acosf32	GLIBC_2.27	4	stub	-	-	absent from runtime export surface
libm.so.6	acosf32x	GLIBC_2.27	4	stub	-	-	absent from runtime export surface
libm.so.6	acosf64	GLIBC_2.27	1	forward-alias	acosf	-	LFS 64-bit variant; on LP64 aliases acosf
libm.so.6	acosf64x	GLIBC_2.27	4	stub	-	-	absent from runtime export surface
libm.so.6	acosh	GLIBC_2.2.5	2	forward-same	acosh	-	runtime exports the same name
libm.so.6	acoshf	GLIBC_2.2.5	2	forward-same	acoshf	-	runtime exports the same name
libm.so.6	acoshf128	GLIBC_2.26	4	stub	-	-	absent from runtime export surface
libm.so.6	acoshf32	GLIBC_2.27	4	stub	-	-	absent from runtime export surface
libm.so.6	acoshf32x	GLIBC_2.27	4	stub	-	-	absent from runtime export surface
libm.so.6	acoshf64	GLIBC_2.27	1	forward-alias	acoshf	-	LFS 64-bit variant; on LP64 aliases acoshf
libm.so.6	acoshf64x	GLIBC_2.27	4	stub	-	-	absent from runtime export surface
libm.so.6	acoshl	GLIBC_2.2.5	2	forward-same	acoshl	-	runtime exports the same name
libm.so.6	acosl	GLIBC_2.2.5	2	forward-same	acosl	-	runtime exports the same name
libm.so.6	asin	GLIBC_2.2.5	2	forward-same	asin	-	runtime exports the same name
libm.so.6	asinf	GLIBC_2.2.5	2	forward-same	asinf	-	runtime exports the same name
libm.so.6	asinf128	GLIBC_2.26	4	stub	-	-	absent from runtime export surface
libm.so.6	asinf32	GLIBC_2.27	4	stub	-	-	absent from runtime export surface
libm.so.6	asinf32x	GLIBC_2.27	4	stub	-	-	absent from runtime export surface
libm.so.6	asinf64	GLIBC_2.27	1	forward-alias	asinf	-	LFS 64-bit variant; on LP64 aliases asinf
libm.so.6	asinf64x	GLIBC_2.27	4	stub	-	-	absent from runtime export surface
libm.so.6	asinh	GLIBC_2.2.5	2	forward-same	asinh	-	runtime exports the same name
libm.so.6	asinhf	GLIBC_2.2.5	2	forward-same	asinhf	-	runtime exports the same name
libm.so.6	asinhf128	GLIBC_2.26	4	stub	-	-	absent from runtime export surface
libm.so.6	asinhf32	GLIBC_2.27	4	stub	-	-	absent from runtime export surface
libm.so.6	asinhf32x	GLIBC_2.27	4	stub	-	-	absent from runtime export surface
libm.so.6	asinhf64	GLIBC_2.27	1	forward-alias	asinhf	-	LFS 64-bit variant; on LP64 aliases asinhf
libm.so.6	asinhf64x	GLIBC_2.27	4	stub	-	-	absent from runtime export surface
libm.so.6	asinhl	GLIBC_2.2.5	2	forward-same	asinhl	-	runtime exports the same name
libm.so.6	asinl	GLIBC_2.2.5	2	forward-same	asinl	-	runtime exports the same name
libm.so.6	atan	GLIBC_2.2.5	2	forward-same	atan	-	runtime exports the same name
libm.so.6	atan2	GLIBC_2.2.5	2	forward-same	atan2	-	runtime exports the same name
libm.so.6	atan2f	GLIBC_2.2.5	2	forward-same	atan2f	-	runtime exports the same name
libm.so.6	atan2f128	GLIBC_2.26	4	stub	-	-	absent from runtime export surface
libm.so.6	atan2f32	GLIBC_2.27	4	stub	-	-	absent from runtime export surface
libm.so.6	atan2f32x	GLIBC_2.27	4	stub	-	-	absent from runtime export surface
libm.so.6	atan2f64	GLIBC_2.27	1	forward-alias	atan2f	-	LFS 64-bit variant; on LP64 aliases atan2f
libm.so.6	atan2f64x	GLIBC_2.27	4	stub	-	-	absent from runtime export surface
libm.so.6	atan2l	GLIBC_2.2.5	2	forward-same	atan2l	-	runtime exports the same name
libm.so.6	atanf	GLIBC_2.2.5	2	forward-same	atanf	-	runtime exports the same name
libm.so.6	atanf128	GLIBC_2.26	4	stub	-	-	absent from runtime export surface
libm.so.6	atanf32	GLIBC_2.27	4	stub	-	-	absent from runtime export surface
libm.so.6	atanf32x	GLIBC_2.27	4	stub	-	-	absent from runtime export surface
libm.so.6	atanf64	GLIBC_2.27	1	forward-alias	atanf	-	LFS 64-bit variant; on LP64 aliases atanf
libm.so.6	atanf64x	GLIBC_2.27	4	stub	-	-	absent from runtime export surface
libm.so.6	atanh	GLIBC_2.2.5	2	forward-same	atanh	-	runtime exports the same name
libm.so.6	atanhf	GLIBC_2.2.5	2	forward-same	atanhf	-	runtime exports the same name
libm.so.6	atanhf128	GLIBC_2.26	4	stub	-	-	absent from runtime export surface
libm.so.6	atanhf32	GLIBC_2.27	4	stub	-	-	absent from runtime export surface
libm.so.6	atanhf32x	GLIBC_2.27	4	stub	-	-	absent from runtime export surface
libm.so.6	atanhf64	GLIBC_2.27	1	forward-alias	atanhf	-	LFS 64-bit variant; on LP64 aliases atanhf
libm.so.6	atanhf64x	GLIBC_2.27	4	stub	-	-	absent from runtime export surface
libm.so.6	atanhl	GLIBC_2.2.5	2	forward-same	atanhl	-	runtime exports the same name
libm.so.6	atanl	GLIBC_2.2.5	2	forward-same	atanl	-	runtime exports the same name
libm.so.6	cabs	GLIBC_2.2.5	2	forward-same	cabs	-	runtime exports the same name
libm.so.6	cabsf	GLIBC_2.2.5	2	forward-same	cabsf	-	runtime exports the same name
libm.so.6	cabsf128	GLIBC_2.26	4	stub	-	-	absent from runtime export surface
libm.so.6	cabsf32	GLIBC_2.27	4	stub	-	-	absent from runtime export surface
libm.so.6	cabsf32x	GLIBC_2.27	4	stub	-	-	absent from runtime export surface
libm.so.6	cabsf64	GLIBC_2.27	1	forward-alias	cabsf	-	LFS 64-bit variant; on LP64 aliases cabsf
libm.so.6	cabsf64x	GLIBC_2.27	4	stub	-	-	absent from runtime export surface
libm.so.6	cabsl	GLIBC_2.2.5	2	forward-same	cabsl	-	runtime exports the same name
libm.so.6	cacos	GLIBC_2.2.5	2	forward-same	cacos	-	runtime exports the same name
libm.so.6	cacosf	GLIBC_2.2.5	2	forward-same	cacosf	-	runtime exports the same name
libm.so.6	cacosf128	GLIBC_2.26	4	stub	-	-	absent from runtime export surface
libm.so.6	cacosf32	GLIBC_2.27	4	stub	-	-	absent from runtime export surface
libm.so.6	cacosf32x	GLIBC_2.27	4	stub	-	-	absent from runtime export surface
libm.so.6	cacosf64	GLIBC_2.27	1	forward-alias	cacosf	-	LFS 64-bit variant; on LP64 aliases cacosf
libm.so.6	cacosf64x	GLIBC_2.27	4	stub	-	-	absent from runtime export surface
libm.so.6	cacosh	GLIBC_2.2.5	2	forward-same	cacosh	-	runtime exports the same name
libm.so.6	cacoshf	GLIBC_2.2.5	2	forward-same	cacoshf	-	runtime exports the same name
libm.so.6	cacoshf128	GLIBC_2.26	4	stub	-	-	absent from runtime export surface
libm.so.6	cacoshf32	GLIBC_2.27	4	stub	-	-	absent from runtime export surface
libm.so.6	cacoshf32x	GLIBC_2.27	4	stub	-	-	absent from runtime export surface
libm.so.6	cacoshf64	GLIBC_2.27	1	forward-alias	cacoshf	-	LFS 64-bit variant; on LP64 aliases cacoshf
libm.so.6	cacoshf64x	GLIBC_2.27	4	stub	-	-	absent from runtime export surface
libm.so.6	cacoshl	GLIBC_2.2.5	2	forward-same	cacoshl	-	runtime exports the same name
libm.so.6	cacosl	GLIBC_2.2.5	2	forward-same	cacosl	-	runtime exports the same name
libm.so.6	canonicalize	GLIBC_2.25	4	stub	-	-	absent from runtime export surface
libm.so.6	canonicalizef	GLIBC_2.25	4	stub	-	-	absent from runtime export surface
libm.so.6	canonicalizef128	GLIBC_2.26	4	stub	-	-	absent from runtime export surface
libm.so.6	canonicalizef32	GLIBC_2.27	4	stub	-	-	absent from runtime export surface
libm.so.6	canonicalizef32x	GLIBC_2.27	4	stub	-	-	absent from runtime export surface
libm.so.6	canonicalizef64	GLIBC_2.27	4	stub	-	-	absent from runtime export surface
libm.so.6	canonicalizef64x	GLIBC_2.27	4	stub	-	-	absent from runtime export surface
libm.so.6	canonicalizel	GLIBC_2.25	4	stub	-	-	absent from runtime export surface
libm.so.6	carg	GLIBC_2.2.5	2	forward-same	carg	-	runtime exports the same name
libm.so.6	cargf	GLIBC_2.2.5	2	forward-same	cargf	-	runtime exports the same name
libm.so.6	cargf128	GLIBC_2.26	4	stub	-	-	absent from runtime export surface
libm.so.6	cargf32	GLIBC_2.27	4	stub	-	-	absent from runtime export surface
libm.so.6	cargf32x	GLIBC_2.27	4	stub	-	-	absent from runtime export surface
libm.so.6	cargf64	GLIBC_2.27	1	forward-alias	cargf	-	LFS 64-bit variant; on LP64 aliases cargf
libm.so.6	cargf64x	GLIBC_2.27	4	stub	-	-	absent from runtime export surface
libm.so.6	cargl	GLIBC_2.2.5	2	forward-same	cargl	-	runtime exports the same name
libm.so.6	casin	GLIBC_2.2.5	2	forward-same	casin	-	runtime exports the same name
libm.so.6	casinf	GLIBC_2.2.5	2	forward-same	casinf	-	runtime exports the same name
libm.so.6	casinf128	GLIBC_2.26	4	stub	-	-	absent from runtime export surface
libm.so.6	casinf32	GLIBC_2.27	4	stub	-	-	absent from runtime export surface
libm.so.6	casinf32x	GLIBC_2.27	4	stub	-	-	absent from runtime export surface
libm.so.6	casinf64	GLIBC_2.27	1	forward-alias	casinf	-	LFS 64-bit variant; on LP64 aliases casinf
libm.so.6	casinf64x	GLIBC_2.27	4	stub	-	-	absent from runtime export surface
libm.so.6	casinh	GLIBC_2.2.5	2	forward-same	casinh	-	runtime exports the same name
libm.so.6	casinhf	GLIBC_2.2.5	2	forward-same	casinhf	-	runtime exports the same name
libm.so.6	casinhf128	GLIBC_2.26	4	stub	-	-	absent from runtime export surface
libm.so.6	casinhf32	GLIBC_2.27	4	stub	-	-	absent from runtime export surface
libm.so.6	casinhf32x	GLIBC_2.27	4	stub	-	-	absent from runtime export surface
libm.so.6	casinhf64	GLIBC_2.27	1	forward-alias	casinhf	-	LFS 64-bit variant; on LP64 aliases casinhf
libm.so.6	casinhf64x	GLIBC_2.27	4	stub	-	-	absent from runtime export surface
libm.so.6	casinhl	GLIBC_2.2.5	2	forward-same	casinhl	-	runtime exports the same name
libm.so.6	casinl	GLIBC_2.2.5	2	forward-same	casinl	-	runtime exports the same name
libm.so.6	catan	GLIBC_2.2.5	2	forward-same	catan	-	runtime exports the same name
libm.so.6	catanf	GLIBC_2.2.5	2	forward-same	catanf	-	runtime exports the same name
libm.so.6	catanf128	GLIBC_2.26	4	stub	-	-	absent from runtime export surface
libm.so.6	catanf32	GLIBC_2.27	4	stub	-	-	absent from runtime export surface
libm.so.6	catanf32x	GLIBC_2.27	4	stub	-	-	absent from runtime export surface
libm.so.6	catanf64	GLIBC_2.27	1	forward-alias	catanf	-	LFS 64-bit variant; on LP64 aliases catanf
libm.so.6	catanf64x	GLIBC_2.27	4	stub	-	-	absent from runtime export surface
libm.so.6	catanh	GLIBC_2.2.5	2	forward-same	catanh	-	runtime exports the same name
libm.so.6	catanhf	GLIBC_2.2.5	2	forward-same	catanhf	-	runtime exports the same name
libm.so.6	catanhf128	GLIBC_2.26	4	stub	-	-	absent from runtime export surface
libm.so.6	catanhf32	GLIBC_2.27	4	stub	-	-	absent from runtime export surface
libm.so.6	catanhf32x	GLIBC_2.27	4	stub	-	-	absent from runtime export surface
libm.so.6	catanhf64	GLIBC_2.27	1	forward-alias	catanhf	-	LFS 64-bit variant; on LP64 aliases catanhf
libm.so.6	catanhf64x	GLIBC_2.27	4	stub	-	-	absent from runtime export surface
libm.so.6	catanhl	GLIBC_2.2.5	2	forward-same	catanhl	-	runtime exports the same name
libm.so.6	catanl	GLIBC_2.2.5	2	forward-same	catanl	-	runtime exports the same name
libm.so.6	cbrt	GLIBC_2.2.5	2	forward-same	cbrt	-	runtime exports the same name
libm.so.6	cbrtf	GLIBC_2.2.5	2	forward-same	cbrtf	-	runtime exports the same name
libm.so.6	cbrtf128	GLIBC_2.26	4	stub	-	-	absent from runtime export surface
libm.so.6	cbrtf32	GLIBC_2.27	4	stub	-	-	absent from runtime export surface
libm.so.6	cbrtf32x	GLIBC_2.27	4	stub	-	-	absent from runtime export surface
libm.so.6	cbrtf64	GLIBC_2.27	1	forward-alias	cbrtf	-	LFS 64-bit variant; on LP64 aliases cbrtf
libm.so.6	cbrtf64x	GLIBC_2.27	4	stub	-	-	absent from runtime export surface
libm.so.6	cbrtl	GLIBC_2.2.5	2	forward-same	cbrtl	-	runtime exports the same name
libm.so.6	ccos	GLIBC_2.2.5	2	forward-same	ccos	-	runtime exports the same name
libm.so.6	ccosf	GLIBC_2.2.5	2	forward-same	ccosf	-	runtime exports the same name
libm.so.6	ccosf128	GLIBC_2.26	4	stub	-	-	absent from runtime export surface
libm.so.6	ccosf32	GLIBC_2.27	4	stub	-	-	absent from runtime export surface
libm.so.6	ccosf32x	GLIBC_2.27	4	stub	-	-	absent from runtime export surface
libm.so.6	ccosf64	GLIBC_2.27	1	forward-alias	ccosf	-	LFS 64-bit variant; on LP64 aliases ccosf
libm.so.6	ccosf64x	GLIBC_2.27	4	stub	-	-	absent from runtime export surface
libm.so.6	ccosh	GLIBC_2.2.5	2	forward-same	ccosh	-	runtime exports the same name
libm.so.6	ccoshf	GLIBC_2.2.5	2	forward-same	ccoshf	-	runtime exports the same name
libm.so.6	ccoshf128	GLIBC_2.26	4	stub	-	-	absent from runtime export surface
libm.so.6	ccoshf32	GLIBC_2.27	4	stub	-	-	absent from runtime export surface
libm.so.6	ccoshf32x	GLIBC_2.27	4	stub	-	-	absent from runtime export surface
libm.so.6	ccoshf64	GLIBC_2.27	1	forward-alias	ccoshf	-	LFS 64-bit variant; on LP64 aliases ccoshf
libm.so.6	ccoshf64x	GLIBC_2.27	4	stub	-	-	absent from runtime export surface
libm.so.6	ccoshl	GLIBC_2.2.5	2	forward-same	ccoshl	-	runtime exports the same name
libm.so.6	ccosl	GLIBC_2.2.5	2	forward-same	ccosl	-	runtime exports the same name
libm.so.6	ceil	GLIBC_2.2.5	2	forward-same	ceil	-	runtime exports the same name
libm.so.6	ceilf	GLIBC_2.2.5	2	forward-same	ceilf	-	runtime exports the same name
libm.so.6	ceilf128	GLIBC_2.26	4	stub	-	-	absent from runtime export surface
libm.so.6	ceilf32	GLIBC_2.27	4	stub	-	-	absent from runtime export surface
libm.so.6	ceilf32x	GLIBC_2.27	4	stub	-	-	absent from runtime export surface
libm.so.6	ceilf64	GLIBC_2.27	1	forward-alias	ceilf	-	LFS 64-bit variant; on LP64 aliases ceilf
libm.so.6	ceilf64x	GLIBC_2.27	4	stub	-	-	absent from runtime export surface
libm.so.6	ceill	GLIBC_2.2.5	2	forward-same	ceill	-	runtime exports the same name
libm.so.6	cexp	GLIBC_2.2.5	2	forward-same	cexp	-	runtime exports the same name
libm.so.6	cexpf	GLIBC_2.2.5	2	forward-same	cexpf	-	runtime exports the same name
libm.so.6	cexpf128	GLIBC_2.26	4	stub	-	-	absent from runtime export surface
libm.so.6	cexpf32	GLIBC_2.27	4	stub	-	-	absent from runtime export surface
libm.so.6	cexpf32x	GLIBC_2.27	4	stub	-	-	absent from runtime export surface
libm.so.6	cexpf64	GLIBC_2.27	1	forward-alias	cexpf	-	LFS 64-bit variant; on LP64 aliases cexpf
libm.so.6	cexpf64x	GLIBC_2.27	4	stub	-	-	absent from runtime export surface
libm.so.6	cexpl	GLIBC_2.2.5	2	forward-same	cexpl	-	runtime exports the same name
libm.so.6	cimag	GLIBC_2.2.5	2	forward-same	cimag	-	runtime exports the same name
libm.so.6	cimagf	GLIBC_2.2.5	2	forward-same	cimagf	-	runtime exports the same name
libm.so.6	cimagf128	GLIBC_2.26	4	stub	-	-	absent from runtime export surface
libm.so.6	cimagf32	GLIBC_2.27	4	stub	-	-	absent from runtime export surface
libm.so.6	cimagf32x	GLIBC_2.27	4	stub	-	-	absent from runtime export surface
libm.so.6	cimagf64	GLIBC_2.27	1	forward-alias	cimagf	-	LFS 64-bit variant; on LP64 aliases cimagf
libm.so.6	cimagf64x	GLIBC_2.27	4	stub	-	-	absent from runtime export surface
libm.so.6	cimagl	GLIBC_2.2.5	2	forward-same	cimagl	-	runtime exports the same name
libm.so.6	clog	GLIBC_2.2.5	2	forward-same	clog	-	runtime exports the same name
libm.so.6	clog10	GLIBC_2.2.5	2	forward-same	clog10	-	runtime exports the same name
libm.so.6	clog10f	GLIBC_2.2.5	2	forward-same	clog10f	-	runtime exports the same name
libm.so.6	clog10f128	GLIBC_2.26	4	stub	-	-	absent from runtime export surface
libm.so.6	clog10f32	GLIBC_2.27	4	stub	-	-	absent from runtime export surface
libm.so.6	clog10f32x	GLIBC_2.27	4	stub	-	-	absent from runtime export surface
libm.so.6	clog10f64	GLIBC_2.27	1	forward-alias	clog10f	-	LFS 64-bit variant; on LP64 aliases clog10f
libm.so.6	clog10f64x	GLIBC_2.27	4	stub	-	-	absent from runtime export surface
libm.so.6	clog10l	GLIBC_2.2.5	2	forward-same	clog10l	-	runtime exports the same name
libm.so.6	clogf	GLIBC_2.2.5	2	forward-same	clogf	-	runtime exports the same name
libm.so.6	clogf128	GLIBC_2.26	4	stub	-	-	absent from runtime export surface
libm.so.6	clogf32	GLIBC_2.27	4	stub	-	-	absent from runtime export surface
libm.so.6	clogf32x	GLIBC_2.27	4	stub	-	-	absent from runtime export surface
libm.so.6	clogf64	GLIBC_2.27	1	forward-alias	clogf	-	LFS 64-bit variant; on LP64 aliases clogf
libm.so.6	clogf64x	GLIBC_2.27	4	stub	-	-	absent from runtime export surface
libm.so.6	clogl	GLIBC_2.2.5	2	forward-same	clogl	-	runtime exports the same name
libm.so.6	conj	GLIBC_2.2.5	2	forward-same	conj	-	runtime exports the same name
libm.so.6	conjf	GLIBC_2.2.5	2	forward-same	conjf	-	runtime exports the same name
libm.so.6	conjf128	GLIBC_2.26	4	stub	-	-	absent from runtime export surface
libm.so.6	conjf32	GLIBC_2.27	4	stub	-	-	absent from runtime export surface
libm.so.6	conjf32x	GLIBC_2.27	4	stub	-	-	absent from runtime export surface
libm.so.6	conjf64	GLIBC_2.27	1	forward-alias	conjf	-	LFS 64-bit variant; on LP64 aliases conjf
libm.so.6	conjf64x	GLIBC_2.27	4	stub	-	-	absent from runtime export surface
libm.so.6	conjl	GLIBC_2.2.5	2	forward-same	conjl	-	runtime exports the same name
libm.so.6	copysign	GLIBC_2.2.5	2	forward-same	copysign	-	runtime exports the same name
libm.so.6	copysignf	GLIBC_2.2.5	2	forward-same	copysignf	-	runtime exports the same name
libm.so.6	copysignf128	GLIBC_2.26	4	stub	-	-	absent from runtime export surface
libm.so.6	copysignf32	GLIBC_2.27	4	stub	-	-	absent from runtime export surface
libm.so.6	copysignf32x	GLIBC_2.27	4	stub	-	-	absent from runtime export surface
libm.so.6	copysignf64	GLIBC_2.27	1	forward-alias	copysignf	-	LFS 64-bit variant; on LP64 aliases copysignf
libm.so.6	copysignf64x	GLIBC_2.27	4	stub	-	-	absent from runtime export surface
libm.so.6	copysignl	GLIBC_2.2.5	2	forward-same	copysignl	-	runtime exports the same name
libm.so.6	cos	GLIBC_2.2.5	2	forward-same	cos	-	runtime exports the same name
libm.so.6	cosf	GLIBC_2.2.5	2	forward-same	cosf	-	runtime exports the same name
libm.so.6	cosf128	GLIBC_2.26	4	stub	-	-	absent from runtime export surface
libm.so.6	cosf32	GLIBC_2.27	4	stub	-	-	absent from runtime export surface
libm.so.6	cosf32x	GLIBC_2.27	4	stub	-	-	absent from runtime export surface
libm.so.6	cosf64	GLIBC_2.27	1	forward-alias	cosf	-	LFS 64-bit variant; on LP64 aliases cosf
libm.so.6	cosf64x	GLIBC_2.27	4	stub	-	-	absent from runtime export surface
libm.so.6	cosh	GLIBC_2.2.5	2	forward-same	cosh	-	runtime exports the same name
libm.so.6	coshf	GLIBC_2.2.5	2	forward-same	coshf	-	runtime exports the same name
libm.so.6	coshf128	GLIBC_2.26	4	stub	-	-	absent from runtime export surface
libm.so.6	coshf32	GLIBC_2.27	4	stub	-	-	absent from runtime export surface
libm.so.6	coshf32x	GLIBC_2.27	4	stub	-	-	absent from runtime export surface
libm.so.6	coshf64	GLIBC_2.27	1	forward-alias	coshf	-	LFS 64-bit variant; on LP64 aliases coshf
libm.so.6	coshf64x	GLIBC_2.27	4	stub	-	-	absent from runtime export surface
libm.so.6	coshl	GLIBC_2.2.5	2	forward-same	coshl	-	runtime exports the same name
libm.so.6	cosl	GLIBC_2.2.5	2	forward-same	cosl	-	runtime exports the same name
libm.so.6	cpow	GLIBC_2.2.5	2	forward-same	cpow	-	runtime exports the same name
libm.so.6	cpowf	GLIBC_2.2.5	2	forward-same	cpowf	-	runtime exports the same name
libm.so.6	cpowf128	GLIBC_2.26	4	stub	-	-	absent from runtime export surface
libm.so.6	cpowf32	GLIBC_2.27	4	stub	-	-	absent from runtime export surface
libm.so.6	cpowf32x	GLIBC_2.27	4	stub	-	-	absent from runtime export surface
libm.so.6	cpowf64	GLIBC_2.27	1	forward-alias	cpowf	-	LFS 64-bit variant; on LP64 aliases cpowf
libm.so.6	cpowf64x	GLIBC_2.27	4	stub	-	-	absent from runtime export surface
libm.so.6	cpowl	GLIBC_2.2.5	2	forward-same	cpowl	-	runtime exports the same name
libm.so.6	cproj	GLIBC_2.2.5	2	forward-same	cproj	-	runtime exports the same name
libm.so.6	cprojf	GLIBC_2.2.5	2	forward-same	cprojf	-	runtime exports the same name
libm.so.6	cprojf128	GLIBC_2.26	4	stub	-	-	absent from runtime export surface
libm.so.6	cprojf32	GLIBC_2.27	4	stub	-	-	absent from runtime export surface
libm.so.6	cprojf32x	GLIBC_2.27	4	stub	-	-	absent from runtime export surface
libm.so.6	cprojf64	GLIBC_2.27	1	forward-alias	cprojf	-	LFS 64-bit variant; on LP64 aliases cprojf
libm.so.6	cprojf64x	GLIBC_2.27	4	stub	-	-	absent from runtime export surface
libm.so.6	cprojl	GLIBC_2.2.5	2	forward-same	cprojl	-	runtime exports the same name
libm.so.6	creal	GLIBC_2.2.5	2	forward-same	creal	-	runtime exports the same name
libm.so.6	crealf	GLIBC_2.2.5	2	forward-same	crealf	-	runtime exports the same name
libm.so.6	crealf128	GLIBC_2.26	4	stub	-	-	absent from runtime export surface
libm.so.6	crealf32	GLIBC_2.27	4	stub	-	-	absent from runtime export surface
libm.so.6	crealf32x	GLIBC_2.27	4	stub	-	-	absent from runtime export surface
libm.so.6	crealf64	GLIBC_2.27	1	forward-alias	crealf	-	LFS 64-bit variant; on LP64 aliases crealf
libm.so.6	crealf64x	GLIBC_2.27	4	stub	-	-	absent from runtime export surface
libm.so.6	creall	GLIBC_2.2.5	2	forward-same	creall	-	runtime exports the same name
libm.so.6	csin	GLIBC_2.2.5	2	forward-same	csin	-	runtime exports the same name
libm.so.6	csinf	GLIBC_2.2.5	2	forward-same	csinf	-	runtime exports the same name
libm.so.6	csinf128	GLIBC_2.26	4	stub	-	-	absent from runtime export surface
libm.so.6	csinf32	GLIBC_2.27	4	stub	-	-	absent from runtime export surface
libm.so.6	csinf32x	GLIBC_2.27	4	stub	-	-	absent from runtime export surface
libm.so.6	csinf64	GLIBC_2.27	1	forward-alias	csinf	-	LFS 64-bit variant; on LP64 aliases csinf
libm.so.6	csinf64x	GLIBC_2.27	4	stub	-	-	absent from runtime export surface
libm.so.6	csinh	GLIBC_2.2.5	2	forward-same	csinh	-	runtime exports the same name
libm.so.6	csinhf	GLIBC_2.2.5	2	forward-same	csinhf	-	runtime exports the same name
libm.so.6	csinhf128	GLIBC_2.26	4	stub	-	-	absent from runtime export surface
libm.so.6	csinhf32	GLIBC_2.27	4	stub	-	-	absent from runtime export surface
libm.so.6	csinhf32x	GLIBC_2.27	4	stub	-	-	absent from runtime export surface
libm.so.6	csinhf64	GLIBC_2.27	1	forward-alias	csinhf	-	LFS 64-bit variant; on LP64 aliases csinhf
libm.so.6	csinhf64x	GLIBC_2.27	4	stub	-	-	absent from runtime export surface
libm.so.6	csinhl	GLIBC_2.2.5	2	forward-same	csinhl	-	runtime exports the same name
libm.so.6	csinl	GLIBC_2.2.5	2	forward-same	csinl	-	runtime exports the same name
libm.so.6	csqrt	GLIBC_2.2.5	2	forward-same	csqrt	-	runtime exports the same name
libm.so.6	csqrtf	GLIBC_2.2.5	2	forward-same	csqrtf	-	runtime exports the same name
libm.so.6	csqrtf128	GLIBC_2.26	4	stub	-	-	absent from runtime export surface
libm.so.6	csqrtf32	GLIBC_2.27	4	stub	-	-	absent from runtime export surface
libm.so.6	csqrtf32x	GLIBC_2.27	4	stub	-	-	absent from runtime export surface
libm.so.6	csqrtf64	GLIBC_2.27	1	forward-alias	csqrtf	-	LFS 64-bit variant; on LP64 aliases csqrtf
libm.so.6	csqrtf64x	GLIBC_2.27	4	stub	-	-	absent from runtime export surface
libm.so.6	csqrtl	GLIBC_2.2.5	2	forward-same	csqrtl	-	runtime exports the same name
libm.so.6	ctan	GLIBC_2.2.5	2	forward-same	ctan	-	runtime exports the same name
libm.so.6	ctanf	GLIBC_2.2.5	2	forward-same	ctanf	-	runtime exports the same name
libm.so.6	ctanf128	GLIBC_2.26	4	stub	-	-	absent from runtime export surface
libm.so.6	ctanf32	GLIBC_2.27	4	stub	-	-	absent from runtime export surface
libm.so.6	ctanf32x	GLIBC_2.27	4	stub	-	-	absent from runtime export surface
libm.so.6	ctanf64	GLIBC_2.27	1	forward-alias	ctanf	-	LFS 64-bit variant; on LP64 aliases ctanf
libm.so.6	ctanf64x	GLIBC_2.27	4	stub	-	-	absent from runtime export surface
libm.so.6	ctanh	GLIBC_2.2.5	2	forward-same	ctanh	-	runtime exports the same name
libm.so.6	ctanhf	GLIBC_2.2.5	2	forward-same	ctanhf	-	runtime exports the same name
libm.so.6	ctanhf128	GLIBC_2.26	4	stub	-	-	absent from runtime export surface
libm.so.6	ctanhf32	GLIBC_2.27	4	stub	-	-	absent from runtime export surface
libm.so.6	ctanhf32x	GLIBC_2.27	4	stub	-	-	absent from runtime export surface
libm.so.6	ctanhf64	GLIBC_2.27	1	forward-alias	ctanhf	-	LFS 64-bit variant; on LP64 aliases ctanhf
libm.so.6	ctanhf64x	GLIBC_2.27	4	stub	-	-	absent from runtime export surface
libm.so.6	ctanhl	GLIBC_2.2.5	2	forward-same	ctanhl	-	runtime exports the same name
libm.so.6	ctanl	GLIBC_2.2.5	2	forward-same	ctanl	-	runtime exports the same name
libm.so.6	daddl	GLIBC_2.28	4	stub	-	-	absent from runtime export surface
libm.so.6	ddivl	GLIBC_2.28	4	stub	-	-	absent from runtime export surface
libm.so.6	dmull	GLIBC_2.28	4	stub	-	-	absent from runtime export surface
libm.so.6	drem	GLIBC_2.2.5	2	forward-same	drem	-	runtime exports the same name
libm.so.6	dremf	GLIBC_2.2.5	2	forward-same	dremf	-	runtime exports the same name
libm.so.6	dreml	GLIBC_2.2.5	2	forward-same	dreml	-	runtime exports the same name
libm.so.6	dsubl	GLIBC_2.28	4	stub	-	-	absent from runtime export surface
libm.so.6	erf	GLIBC_2.2.5	2	forward-same	erf	-	runtime exports the same name
libm.so.6	erfc	GLIBC_2.2.5	2	forward-same	erfc	-	runtime exports the same name
libm.so.6	erfcf	GLIBC_2.2.5	2	forward-same	erfcf	-	runtime exports the same name
libm.so.6	erfcf128	GLIBC_2.26	4	stub	-	-	absent from runtime export surface
libm.so.6	erfcf32	GLIBC_2.27	4	stub	-	-	absent from runtime export surface
libm.so.6	erfcf32x	GLIBC_2.27	4	stub	-	-	absent from runtime export surface
libm.so.6	erfcf64	GLIBC_2.27	1	forward-alias	erfcf	-	LFS 64-bit variant; on LP64 aliases erfcf
libm.so.6	erfcf64x	GLIBC_2.27	4	stub	-	-	absent from runtime export surface
libm.so.6	erfcl	GLIBC_2.2.5	2	forward-same	erfcl	-	runtime exports the same name
libm.so.6	erff	GLIBC_2.2.5	2	forward-same	erff	-	runtime exports the same name
libm.so.6	erff128	GLIBC_2.26	4	stub	-	-	absent from runtime export surface
libm.so.6	erff32	GLIBC_2.27	4	stub	-	-	absent from runtime export surface
libm.so.6	erff32x	GLIBC_2.27	4	stub	-	-	absent from runtime export surface
libm.so.6	erff64	GLIBC_2.27	1	forward-alias	erff	-	LFS 64-bit variant; on LP64 aliases erff
libm.so.6	erff64x	GLIBC_2.27	4	stub	-	-	absent from runtime export surface
libm.so.6	erfl	GLIBC_2.2.5	2	forward-same	erfl	-	runtime exports the same name
libm.so.6	exp	GLIBC_2.2.5	2	forward-same	exp	-	runtime exports the same name
libm.so.6	exp10	GLIBC_2.2.5	2	forward-same	exp10	-	runtime exports the same name
libm.so.6	exp10f	GLIBC_2.2.5	2	forward-same	exp10f	-	runtime exports the same name
libm.so.6	exp10f128	GLIBC_2.26	4	stub	-	-	absent from runtime export surface
libm.so.6	exp10f32	GLIBC_2.27	4	stub	-	-	absent from runtime export surface
libm.so.6	exp10f32x	GLIBC_2.27	4	stub	-	-	absent from runtime export surface
libm.so.6	exp10f64	GLIBC_2.27	1	forward-alias	exp10f	-	LFS 64-bit variant; on LP64 aliases exp10f
libm.so.6	exp10f64x	GLIBC_2.27	4	stub	-	-	absent from runtime export surface
libm.so.6	exp10l	GLIBC_2.2.5	2	forward-same	exp10l	-	runtime exports the same name
libm.so.6	exp2	GLIBC_2.2.5	2	forward-same	exp2	-	runtime exports the same name
libm.so.6	exp2f	GLIBC_2.2.5	2	forward-same	exp2f	-	runtime exports the same name
libm.so.6	exp2f	GLIBC_2.27	2	forward-same	exp2f	-	runtime exports the same name
libm.so.6	exp2f128	GLIBC_2.26	4	stub	-	-	absent from runtime export surface
libm.so.6	exp2f32	GLIBC_2.27	4	stub	-	-	absent from runtime export surface
libm.so.6	exp2f32x	GLIBC_2.27	4	stub	-	-	absent from runtime export surface
libm.so.6	exp2f64	GLIBC_2.27	1	forward-alias	exp2f	-	LFS 64-bit variant; on LP64 aliases exp2f
libm.so.6	exp2f64x	GLIBC_2.27	4	stub	-	-	absent from runtime export surface
libm.so.6	exp2l	GLIBC_2.2.5	2	forward-same	exp2l	-	runtime exports the same name
libm.so.6	expf	GLIBC_2.2.5	2	forward-same	expf	-	runtime exports the same name
libm.so.6	expf	GLIBC_2.27	2	forward-same	expf	-	runtime exports the same name
libm.so.6	expf128	GLIBC_2.26	4	stub	-	-	absent from runtime export surface
libm.so.6	expf32	GLIBC_2.27	4	stub	-	-	absent from runtime export surface
libm.so.6	expf32x	GLIBC_2.27	4	stub	-	-	absent from runtime export surface
libm.so.6	expf64	GLIBC_2.27	1	forward-alias	expf	-	LFS 64-bit variant; on LP64 aliases expf
libm.so.6	expf64x	GLIBC_2.27	4	stub	-	-	absent from runtime export surface
libm.so.6	expl	GLIBC_2.2.5	2	forward-same	expl	-	runtime exports the same name
libm.so.6	expm1	GLIBC_2.2.5	2	forward-same	expm1	-	runtime exports the same name
libm.so.6	expm1f	GLIBC_2.2.5	2	forward-same	expm1f	-	runtime exports the same name
libm.so.6	expm1f128	GLIBC_2.26	4	stub	-	-	absent from runtime export surface
libm.so.6	expm1f32	GLIBC_2.27	4	stub	-	-	absent from runtime export surface
libm.so.6	expm1f32x	GLIBC_2.27	4	stub	-	-	absent from runtime export surface
libm.so.6	expm1f64	GLIBC_2.27	1	forward-alias	expm1f	-	LFS 64-bit variant; on LP64 aliases expm1f
libm.so.6	expm1f64x	GLIBC_2.27	4	stub	-	-	absent from runtime export surface
libm.so.6	expm1l	GLIBC_2.2.5	2	forward-same	expm1l	-	runtime exports the same name
libm.so.6	f32addf128	GLIBC_2.28	4	stub	-	-	absent from runtime export surface
libm.so.6	f32addf32x	GLIBC_2.28	4	stub	-	-	absent from runtime export surface
libm.so.6	f32addf64	GLIBC_2.28	4	stub	-	-	absent from runtime export surface
libm.so.6	f32addf64x	GLIBC_2.28	4	stub	-	-	absent from runtime export surface
libm.so.6	f32divf128	GLIBC_2.28	4	stub	-	-	absent from runtime export surface
libm.so.6	f32divf32x	GLIBC_2.28	4	stub	-	-	absent from runtime export surface
libm.so.6	f32divf64	GLIBC_2.28	4	stub	-	-	absent from runtime export surface
libm.so.6	f32divf64x	GLIBC_2.28	4	stub	-	-	absent from runtime export surface
libm.so.6	f32mulf128	GLIBC_2.28	4	stub	-	-	absent from runtime export surface
libm.so.6	f32mulf32x	GLIBC_2.28	4	stub	-	-	absent from runtime export surface
libm.so.6	f32mulf64	GLIBC_2.28	4	stub	-	-	absent from runtime export surface
libm.so.6	f32mulf64x	GLIBC_2.28	4	stub	-	-	absent from runtime export surface
libm.so.6	f32subf128	GLIBC_2.28	4	stub	-	-	absent from runtime export surface
libm.so.6	f32subf32x	GLIBC_2.28	4	stub	-	-	absent from runtime export surface
libm.so.6	f32subf64	GLIBC_2.28	4	stub	-	-	absent from runtime export surface
libm.so.6	f32subf64x	GLIBC_2.28	4	stub	-	-	absent from runtime export surface
libm.so.6	f32xaddf128	GLIBC_2.28	4	stub	-	-	absent from runtime export surface
libm.so.6	f32xaddf64	GLIBC_2.28	4	stub	-	-	absent from runtime export surface
libm.so.6	f32xaddf64x	GLIBC_2.28	4	stub	-	-	absent from runtime export surface
libm.so.6	f32xdivf128	GLIBC_2.28	4	stub	-	-	absent from runtime export surface
libm.so.6	f32xdivf64	GLIBC_2.28	4	stub	-	-	absent from runtime export surface
libm.so.6	f32xdivf64x	GLIBC_2.28	4	stub	-	-	absent from runtime export surface
libm.so.6	f32xmulf128	GLIBC_2.28	4	stub	-	-	absent from runtime export surface
libm.so.6	f32xmulf64	GLIBC_2.28	4	stub	-	-	absent from runtime export surface
libm.so.6	f32xmulf64x	GLIBC_2.28	4	stub	-	-	absent from runtime export surface
libm.so.6	f32xsubf128	GLIBC_2.28	4	stub	-	-	absent from runtime export surface
libm.so.6	f32xsubf64	GLIBC_2.28	4	stub	-	-	absent from runtime export surface
libm.so.6	f32xsubf64x	GLIBC_2.28	4	stub	-	-	absent from runtime export surface
libm.so.6	f64addf128	GLIBC_2.28	4	stub	-	-	absent from runtime export surface
libm.so.6	f64addf64x	GLIBC_2.28	4	stub	-	-	absent from runtime export surface
libm.so.6	f64divf128	GLIBC_2.28	4	stub	-	-	absent from runtime export surface
libm.so.6	f64divf64x	GLIBC_2.28	4	stub	-	-	absent from runtime export surface
libm.so.6	f64mulf128	GLIBC_2.28	4	stub	-	-	absent from runtime export surface
libm.so.6	f64mulf64x	GLIBC_2.28	4	stub	-	-	absent from runtime export surface
libm.so.6	f64subf128	GLIBC_2.28	4	stub	-	-	absent from runtime export surface
libm.so.6	f64subf64x	GLIBC_2.28	4	stub	-	-	absent from runtime export surface
libm.so.6	f64xaddf128	GLIBC_2.28	4	stub	-	-	absent from runtime export surface
libm.so.6	f64xdivf128	GLIBC_2.28	4	stub	-	-	absent from runtime export surface
libm.so.6	f64xmulf128	GLIBC_2.28	4	stub	-	-	absent from runtime export surface
libm.so.6	f64xsubf128	GLIBC_2.28	4	stub	-	-	absent from runtime export surface
libm.so.6	fabs	GLIBC_2.2.5	2	forward-same	fabs	-	runtime exports the same name
libm.so.6	fabsf	GLIBC_2.2.5	2	forward-same	fabsf	-	runtime exports the same name
libm.so.6	fabsf128	GLIBC_2.26	4	stub	-	-	absent from runtime export surface
libm.so.6	fabsf32	GLIBC_2.27	4	stub	-	-	absent from runtime export surface
libm.so.6	fabsf32x	GLIBC_2.27	4	stub	-	-	absent from runtime export surface
libm.so.6	fabsf64	GLIBC_2.27	1	forward-alias	fabsf	-	LFS 64-bit variant; on LP64 aliases fabsf
libm.so.6	fabsf64x	GLIBC_2.27	4	stub	-	-	absent from runtime export surface
libm.so.6	fabsl	GLIBC_2.2.5	2	forward-same	fabsl	-	runtime exports the same name
libm.so.6	fadd	GLIBC_2.28	4	stub	-	-	absent from runtime export surface
libm.so.6	faddl	GLIBC_2.28	4	stub	-	-	absent from runtime export surface
libm.so.6	fdim	GLIBC_2.2.5	2	forward-same	fdim	-	runtime exports the same name
libm.so.6	fdimf	GLIBC_2.2.5	2	forward-same	fdimf	-	runtime exports the same name
libm.so.6	fdimf128	GLIBC_2.26	4	stub	-	-	absent from runtime export surface
libm.so.6	fdimf32	GLIBC_2.27	4	stub	-	-	absent from runtime export surface
libm.so.6	fdimf32x	GLIBC_2.27	4	stub	-	-	absent from runtime export surface
libm.so.6	fdimf64	GLIBC_2.27	1	forward-alias	fdimf	-	LFS 64-bit variant; on LP64 aliases fdimf
libm.so.6	fdimf64x	GLIBC_2.27	4	stub	-	-	absent from runtime export surface
libm.so.6	fdiml	GLIBC_2.2.5	2	forward-same	fdiml	-	runtime exports the same name
libm.so.6	fdiv	GLIBC_2.28	4	stub	-	-	absent from runtime export surface
libm.so.6	fdivl	GLIBC_2.28	4	stub	-	-	absent from runtime export surface
libm.so.6	feclearexcept	GLIBC_2.2.5	2	forward-same	feclearexcept	-	runtime exports the same name
libm.so.6	fedisableexcept	GLIBC_2.2.5	2	forward-same	fedisableexcept	-	runtime exports the same name
libm.so.6	feenableexcept	GLIBC_2.2.5	2	forward-same	feenableexcept	-	runtime exports the same name
libm.so.6	fegetenv	GLIBC_2.2.5	2	forward-same	fegetenv	-	runtime exports the same name
libm.so.6	fegetexcept	GLIBC_2.2.5	2	forward-same	fegetexcept	-	runtime exports the same name
libm.so.6	fegetexceptflag	GLIBC_2.2.5	2	forward-same	fegetexceptflag	-	runtime exports the same name
libm.so.6	fegetmode	GLIBC_2.25	4	stub	-	-	absent from runtime export surface
libm.so.6	fegetround	GLIBC_2.2.5	2	forward-same	fegetround	-	runtime exports the same name
libm.so.6	feholdexcept	GLIBC_2.2.5	2	forward-same	feholdexcept	-	runtime exports the same name
libm.so.6	feraiseexcept	GLIBC_2.2.5	2	forward-same	feraiseexcept	-	runtime exports the same name
libm.so.6	fesetenv	GLIBC_2.2.5	2	forward-same	fesetenv	-	runtime exports the same name
libm.so.6	fesetexcept	GLIBC_2.25	4	stub	-	-	absent from runtime export surface
libm.so.6	fesetexceptflag	GLIBC_2.2.5	2	forward-same	fesetexceptflag	-	runtime exports the same name
libm.so.6	fesetmode	GLIBC_2.25	4	stub	-	-	absent from runtime export surface
libm.so.6	fesetround	GLIBC_2.2.5	2	forward-same	fesetround	-	runtime exports the same name
libm.so.6	fetestexcept	GLIBC_2.2.5	2	forward-same	fetestexcept	-	runtime exports the same name
libm.so.6	fetestexceptflag	GLIBC_2.25	4	stub	-	-	absent from runtime export surface
libm.so.6	feupdateenv	GLIBC_2.2.5	2	forward-same	feupdateenv	-	runtime exports the same name
libm.so.6	finite	GLIBC_2.2.5	2	forward-same	finite	-	runtime exports the same name
libm.so.6	finitef	GLIBC_2.2.5	2	forward-same	finitef	-	runtime exports the same name
libm.so.6	finitel	GLIBC_2.2.5	2	forward-same	finitel	-	runtime exports the same name
libm.so.6	floor	GLIBC_2.2.5	2	forward-same	floor	-	runtime exports the same name
libm.so.6	floorf	GLIBC_2.2.5	2	forward-same	floorf	-	runtime exports the same name
libm.so.6	floorf128	GLIBC_2.26	4	stub	-	-	absent from runtime export surface
libm.so.6	floorf32	GLIBC_2.27	4	stub	-	-	absent from runtime export surface
libm.so.6	floorf32x	GLIBC_2.27	4	stub	-	-	absent from runtime export surface
libm.so.6	floorf64	GLIBC_2.27	1	forward-alias	floorf	-	LFS 64-bit variant; on LP64 aliases floorf
libm.so.6	floorf64x	GLIBC_2.27	4	stub	-	-	absent from runtime export surface
libm.so.6	floorl	GLIBC_2.2.5	2	forward-same	floorl	-	runtime exports the same name
libm.so.6	fma	GLIBC_2.2.5	2	forward-same	fma	-	runtime exports the same name
libm.so.6	fmaf	GLIBC_2.2.5	2	forward-same	fmaf	-	runtime exports the same name
libm.so.6	fmaf128	GLIBC_2.26	4	stub	-	-	absent from runtime export surface
libm.so.6	fmaf32	GLIBC_2.27	4	stub	-	-	absent from runtime export surface
libm.so.6	fmaf32x	GLIBC_2.27	4	stub	-	-	absent from runtime export surface
libm.so.6	fmaf64	GLIBC_2.27	1	forward-alias	fmaf	-	LFS 64-bit variant; on LP64 aliases fmaf
libm.so.6	fmaf64x	GLIBC_2.27	4	stub	-	-	absent from runtime export surface
libm.so.6	fmal	GLIBC_2.2.5	2	forward-same	fmal	-	runtime exports the same name
libm.so.6	fmax	GLIBC_2.2.5	2	forward-same	fmax	-	runtime exports the same name
libm.so.6	fmaxf	GLIBC_2.2.5	2	forward-same	fmaxf	-	runtime exports the same name
libm.so.6	fmaxf128	GLIBC_2.26	4	stub	-	-	absent from runtime export surface
libm.so.6	fmaxf32	GLIBC_2.27	4	stub	-	-	absent from runtime export surface
libm.so.6	fmaxf32x	GLIBC_2.27	4	stub	-	-	absent from runtime export surface
libm.so.6	fmaxf64	GLIBC_2.27	1	forward-alias	fmaxf	-	LFS 64-bit variant; on LP64 aliases fmaxf
libm.so.6	fmaxf64x	GLIBC_2.27	4	stub	-	-	absent from runtime export surface
libm.so.6	fmaxl	GLIBC_2.2.5	2	forward-same	fmaxl	-	runtime exports the same name
libm.so.6	fmaxmag	GLIBC_2.25	4	stub	-	-	absent from runtime export surface
libm.so.6	fmaxmagf	GLIBC_2.25	4	stub	-	-	absent from runtime export surface
libm.so.6	fmaxmagf128	GLIBC_2.26	4	stub	-	-	absent from runtime export surface
libm.so.6	fmaxmagf32	GLIBC_2.27	4	stub	-	-	absent from runtime export surface
libm.so.6	fmaxmagf32x	GLIBC_2.27	4	stub	-	-	absent from runtime export surface
libm.so.6	fmaxmagf64	GLIBC_2.27	4	stub	-	-	absent from runtime export surface
libm.so.6	fmaxmagf64x	GLIBC_2.27	4	stub	-	-	absent from runtime export surface
libm.so.6	fmaxmagl	GLIBC_2.25	4	stub	-	-	absent from runtime export surface
libm.so.6	fmin	GLIBC_2.2.5	2	forward-same	fmin	-	runtime exports the same name
libm.so.6	fminf	GLIBC_2.2.5	2	forward-same	fminf	-	runtime exports the same name
libm.so.6	fminf128	GLIBC_2.26	4	stub	-	-	absent from runtime export surface
libm.so.6	fminf32	GLIBC_2.27	4	stub	-	-	absent from runtime export surface
libm.so.6	fminf32x	GLIBC_2.27	4	stub	-	-	absent from runtime export surface
libm.so.6	fminf64	GLIBC_2.27	1	forward-alias	fminf	-	LFS 64-bit variant; on LP64 aliases fminf
libm.so.6	fminf64x	GLIBC_2.27	4	stub	-	-	absent from runtime export surface
libm.so.6	fminl	GLIBC_2.2.5	2	forward-same	fminl	-	runtime exports the same name
libm.so.6	fminmag	GLIBC_2.25	4	stub	-	-	absent from runtime export surface
libm.so.6	fminmagf	GLIBC_2.25	4	stub	-	-	absent from runtime export surface
libm.so.6	fminmagf128	GLIBC_2.26	4	stub	-	-	absent from runtime export surface
libm.so.6	fminmagf32	GLIBC_2.27	4	stub	-	-	absent from runtime export surface
libm.so.6	fminmagf32x	GLIBC_2.27	4	stub	-	-	absent from runtime export surface
libm.so.6	fminmagf64	GLIBC_2.27	4	stub	-	-	absent from runtime export surface
libm.so.6	fminmagf64x	GLIBC_2.27	4	stub	-	-	absent from runtime export surface
libm.so.6	fminmagl	GLIBC_2.25	4	stub	-	-	absent from runtime export surface
libm.so.6	fmod	GLIBC_2.2.5	2	forward-same	fmod	-	runtime exports the same name
libm.so.6	fmodf	GLIBC_2.2.5	2	forward-same	fmodf	-	runtime exports the same name
libm.so.6	fmodf128	GLIBC_2.26	4	stub	-	-	absent from runtime export surface
libm.so.6	fmodf32	GLIBC_2.27	4	stub	-	-	absent from runtime export surface
libm.so.6	fmodf32x	GLIBC_2.27	4	stub	-	-	absent from runtime export surface
libm.so.6	fmodf64	GLIBC_2.27	1	forward-alias	fmodf	-	LFS 64-bit variant; on LP64 aliases fmodf
libm.so.6	fmodf64x	GLIBC_2.27	4	stub	-	-	absent from runtime export surface
libm.so.6	fmodl	GLIBC_2.2.5	2	forward-same	fmodl	-	runtime exports the same name
libm.so.6	fmul	GLIBC_2.28	4	stub	-	-	absent from runtime export surface
libm.so.6	fmull	GLIBC_2.28	4	stub	-	-	absent from runtime export surface
libm.so.6	frexp	GLIBC_2.2.5	2	forward-same	frexp	-	runtime exports the same name
libm.so.6	frexpf	GLIBC_2.2.5	2	forward-same	frexpf	-	runtime exports the same name
libm.so.6	frexpf128	GLIBC_2.26	4	stub	-	-	absent from runtime export surface
libm.so.6	frexpf32	GLIBC_2.27	4	stub	-	-	absent from runtime export surface
libm.so.6	frexpf32x	GLIBC_2.27	4	stub	-	-	absent from runtime export surface
libm.so.6	frexpf64	GLIBC_2.27	1	forward-alias	frexpf	-	LFS 64-bit variant; on LP64 aliases frexpf
libm.so.6	frexpf64x	GLIBC_2.27	4	stub	-	-	absent from runtime export surface
libm.so.6	frexpl	GLIBC_2.2.5	2	forward-same	frexpl	-	runtime exports the same name
libm.so.6	fromfp	GLIBC_2.25	4	stub	-	-	absent from runtime export surface
libm.so.6	fromfpf	GLIBC_2.25	4	stub	-	-	absent from runtime export surface
libm.so.6	fromfpf128	GLIBC_2.26	4	stub	-	-	absent from runtime export surface
libm.so.6	fromfpf32	GLIBC_2.27	4	stub	-	-	absent from runtime export surface
libm.so.6	fromfpf32x	GLIBC_2.27	4	stub	-	-	absent from runtime export surface
libm.so.6	fromfpf64	GLIBC_2.27	4	stub	-	-	absent from runtime export surface
libm.so.6	fromfpf64x	GLIBC_2.27	4	stub	-	-	absent from runtime export surface
libm.so.6	fromfpl	GLIBC_2.25	4	stub	-	-	absent from runtime export surface
libm.so.6	fromfpx	GLIBC_2.25	4	stub	-	-	absent from runtime export surface
libm.so.6	fromfpxf	GLIBC_2.25	4	stub	-	-	absent from runtime export surface
libm.so.6	fromfpxf128	GLIBC_2.26	4	stub	-	-	absent from runtime export surface
libm.so.6	fromfpxf32	GLIBC_2.27	4	stub	-	-	absent from runtime export surface
libm.so.6	fromfpxf32x	GLIBC_2.27	4	stub	-	-	absent from runtime export surface
libm.so.6	fromfpxf64	GLIBC_2.27	4	stub	-	-	absent from runtime export surface
libm.so.6	fromfpxf64x	GLIBC_2.27	4	stub	-	-	absent from runtime export surface
libm.so.6	fromfpxl	GLIBC_2.25	4	stub	-	-	absent from runtime export surface
libm.so.6	fsub	GLIBC_2.28	4	stub	-	-	absent from runtime export surface
libm.so.6	fsubl	GLIBC_2.28	4	stub	-	-	absent from runtime export surface
libm.so.6	gamma	GLIBC_2.2.5	2	forward-same	gamma	-	runtime exports the same name
libm.so.6	gammaf	GLIBC_2.2.5	2	forward-same	gammaf	-	runtime exports the same name
libm.so.6	gammal	GLIBC_2.2.5	4	stub	-	-	absent from runtime export surface
libm.so.6	getpayload	GLIBC_2.25	4	stub	-	-	absent from runtime export surface
libm.so.6	getpayloadf	GLIBC_2.25	4	stub	-	-	absent from runtime export surface
libm.so.6	getpayloadf128	GLIBC_2.26	4	stub	-	-	absent from runtime export surface
libm.so.6	getpayloadf32	GLIBC_2.27	4	stub	-	-	absent from runtime export surface
libm.so.6	getpayloadf32x	GLIBC_2.27	4	stub	-	-	absent from runtime export surface
libm.so.6	getpayloadf64	GLIBC_2.27	4	stub	-	-	absent from runtime export surface
libm.so.6	getpayloadf64x	GLIBC_2.27	4	stub	-	-	absent from runtime export surface
libm.so.6	getpayloadl	GLIBC_2.25	4	stub	-	-	absent from runtime export surface
libm.so.6	hypot	GLIBC_2.2.5	2	forward-same	hypot	-	runtime exports the same name
libm.so.6	hypotf	GLIBC_2.2.5	2	forward-same	hypotf	-	runtime exports the same name
libm.so.6	hypotf128	GLIBC_2.26	4	stub	-	-	absent from runtime export surface
libm.so.6	hypotf32	GLIBC_2.27	4	stub	-	-	absent from runtime export surface
libm.so.6	hypotf32x	GLIBC_2.27	4	stub	-	-	absent from runtime export surface
libm.so.6	hypotf64	GLIBC_2.27	1	forward-alias	hypotf	-	LFS 64-bit variant; on LP64 aliases hypotf
libm.so.6	hypotf64x	GLIBC_2.27	4	stub	-	-	absent from runtime export surface
libm.so.6	hypotl	GLIBC_2.2.5	2	forward-same	hypotl	-	runtime exports the same name
libm.so.6	ilogb	GLIBC_2.2.5	2	forward-same	ilogb	-	runtime exports the same name
libm.so.6	ilogbf	GLIBC_2.2.5	2	forward-same	ilogbf	-	runtime exports the same name
libm.so.6	ilogbf128	GLIBC_2.26	4	stub	-	-	absent from runtime export surface
libm.so.6	ilogbf32	GLIBC_2.27	4	stub	-	-	absent from runtime export surface
libm.so.6	ilogbf32x	GLIBC_2.27	4	stub	-	-	absent from runtime export surface
libm.so.6	ilogbf64	GLIBC_2.27	1	forward-alias	ilogbf	-	LFS 64-bit variant; on LP64 aliases ilogbf
libm.so.6	ilogbf64x	GLIBC_2.27	4	stub	-	-	absent from runtime export surface
libm.so.6	ilogbl	GLIBC_2.2.5	2	forward-same	ilogbl	-	runtime exports the same name
libm.so.6	j0	GLIBC_2.2.5	2	forward-same	j0	-	runtime exports the same name
libm.so.6	j0f	GLIBC_2.2.5	2	forward-same	j0f	-	runtime exports the same name
libm.so.6	j0f128	GLIBC_2.26	4	stub	-	-	absent from runtime export surface
libm.so.6	j0f32	GLIBC_2.27	4	stub	-	-	absent from runtime export surface
libm.so.6	j0f32x	GLIBC_2.27	4	stub	-	-	absent from runtime export surface
libm.so.6	j0f64	GLIBC_2.27	1	forward-alias	j0f	-	LFS 64-bit variant; on LP64 aliases j0f
libm.so.6	j0f64x	GLIBC_2.27	4	stub	-	-	absent from runtime export surface
libm.so.6	j0l	GLIBC_2.2.5	4	stub	-	-	absent from runtime export surface
libm.so.6	j1	GLIBC_2.2.5	2	forward-same	j1	-	runtime exports the same name
libm.so.6	j1f	GLIBC_2.2.5	2	forward-same	j1f	-	runtime exports the same name
libm.so.6	j1f128	GLIBC_2.26	4	stub	-	-	absent from runtime export surface
libm.so.6	j1f32	GLIBC_2.27	4	stub	-	-	absent from runtime export surface
libm.so.6	j1f32x	GLIBC_2.27	4	stub	-	-	absent from runtime export surface
libm.so.6	j1f64	GLIBC_2.27	1	forward-alias	j1f	-	LFS 64-bit variant; on LP64 aliases j1f
libm.so.6	j1f64x	GLIBC_2.27	4	stub	-	-	absent from runtime export surface
libm.so.6	j1l	GLIBC_2.2.5	4	stub	-	-	absent from runtime export surface
libm.so.6	jn	GLIBC_2.2.5	2	forward-same	jn	-	runtime exports the same name
libm.so.6	jnf	GLIBC_2.2.5	2	forward-same	jnf	-	runtime exports the same name
libm.so.6	jnf128	GLIBC_2.26	4	stub	-	-	absent from runtime export surface
libm.so.6	jnf32	GLIBC_2.27	4	stub	-	-	absent from runtime export surface
libm.so.6	jnf32x	GLIBC_2.27	4	stub	-	-	absent from runtime export surface
libm.so.6	jnf64	GLIBC_2.27	1	forward-alias	jnf	-	LFS 64-bit variant; on LP64 aliases jnf
libm.so.6	jnf64x	GLIBC_2.27	4	stub	-	-	absent from runtime export surface
libm.so.6	jnl	GLIBC_2.2.5	4	stub	-	-	absent from runtime export surface
libm.so.6	ldexp	GLIBC_2.2.5	2	forward-same	ldexp	-	runtime exports the same name
libm.so.6	ldexpf	GLIBC_2.2.5	2	forward-same	ldexpf	-	runtime exports the same name
libm.so.6	ldexpf128	GLIBC_2.26	4	stub	-	-	absent from runtime export surface
libm.so.6	ldexpf32	GLIBC_2.27	4	stub	-	-	absent from runtime export surface
libm.so.6	ldexpf32x	GLIBC_2.27	4	stub	-	-	absent from runtime export surface
libm.so.6	ldexpf64	GLIBC_2.27	1	forward-alias	ldexpf	-	LFS 64-bit variant; on LP64 aliases ldexpf
libm.so.6	ldexpf64x	GLIBC_2.27	4	stub	-	-	absent from runtime export surface
libm.so.6	ldexpl	GLIBC_2.2.5	2	forward-same	ldexpl	-	runtime exports the same name
libm.so.6	lgamma	GLIBC_2.2.5	2	forward-same	lgamma	-	runtime exports the same name
libm.so.6	lgamma	GLIBC_2.23	2	forward-same	lgamma	-	runtime exports the same name
libm.so.6	lgamma_r	GLIBC_2.2.5	2	forward-same	lgamma_r	-	runtime exports the same name
libm.so.6	lgammaf	GLIBC_2.2.5	2	forward-same	lgammaf	-	runtime exports the same name
libm.so.6	lgammaf	GLIBC_2.23	2	forward-same	lgammaf	-	runtime exports the same name
libm.so.6	lgammaf128	GLIBC_2.26	4	stub	-	-	absent from runtime export surface
libm.so.6	lgammaf128_r	GLIBC_2.26	4	stub	-	-	absent from runtime export surface
libm.so.6	lgammaf32	GLIBC_2.27	4	stub	-	-	absent from runtime export surface
libm.so.6	lgammaf32_r	GLIBC_2.27	4	stub	-	-	absent from runtime export surface
libm.so.6	lgammaf32x	GLIBC_2.27	4	stub	-	-	absent from runtime export surface
libm.so.6	lgammaf32x_r	GLIBC_2.27	4	stub	-	-	absent from runtime export surface
libm.so.6	lgammaf64	GLIBC_2.27	1	forward-alias	lgammaf	-	LFS 64-bit variant; on LP64 aliases lgammaf
libm.so.6	lgammaf64_r	GLIBC_2.27	4	stub	-	-	absent from runtime export surface
libm.so.6	lgammaf64x	GLIBC_2.27	4	stub	-	-	absent from runtime export surface
libm.so.6	lgammaf64x_r	GLIBC_2.27	4	stub	-	-	absent from runtime export surface
libm.so.6	lgammaf_r	GLIBC_2.2.5	2	forward-same	lgammaf_r	-	runtime exports the same name
libm.so.6	lgammal	GLIBC_2.2.5	2	forward-same	lgammal	-	runtime exports the same name
libm.so.6	lgammal	GLIBC_2.23	2	forward-same	lgammal	-	runtime exports the same name
libm.so.6	lgammal_r	GLIBC_2.2.5	2	forward-same	lgammal_r	-	runtime exports the same name
libm.so.6	llogb	GLIBC_2.25	4	stub	-	-	absent from runtime export surface
libm.so.6	llogbf	GLIBC_2.25	4	stub	-	-	absent from runtime export surface
libm.so.6	llogbf128	GLIBC_2.26	4	stub	-	-	absent from runtime export surface
libm.so.6	llogbf32	GLIBC_2.27	4	stub	-	-	absent from runtime export surface
libm.so.6	llogbf32x	GLIBC_2.27	4	stub	-	-	absent from runtime export surface
libm.so.6	llogbf64	GLIBC_2.27	4	stub	-	-	absent from runtime export surface
libm.so.6	llogbf64x	GLIBC_2.27	4	stub	-	-	absent from runtime export surface
libm.so.6	llogbl	GLIBC_2.25	4	stub	-	-	absent from runtime export surface
libm.so.6	llrint	GLIBC_2.2.5	2	forward-same	llrint	-	runtime exports the same name
libm.so.6	llrintf	GLIBC_2.2.5	2	forward-same	llrintf	-	runtime exports the same name
libm.so.6	llrintf128	GLIBC_2.26	4	stub	-	-	absent from runtime export surface
libm.so.6	llrintf32	GLIBC_2.27	4	stub	-	-	absent from runtime export surface
libm.so.6	llrintf32x	GLIBC_2.27	4	stub	-	-	absent from runtime export surface
libm.so.6	llrintf64	GLIBC_2.27	1	forward-alias	llrintf	-	LFS 64-bit variant; on LP64 aliases llrintf
libm.so.6	llrintf64x	GLIBC_2.27	4	stub	-	-	absent from runtime export surface
libm.so.6	llrintl	GLIBC_2.2.5	2	forward-same	llrintl	-	runtime exports the same name
libm.so.6	llround	GLIBC_2.2.5	2	forward-same	llround	-	runtime exports the same name
libm.so.6	llroundf	GLIBC_2.2.5	2	forward-same	llroundf	-	runtime exports the same name
libm.so.6	llroundf128	GLIBC_2.26	4	stub	-	-	absent from runtime export surface
libm.so.6	llroundf32	GLIBC_2.27	4	stub	-	-	absent from runtime export surface
libm.so.6	llroundf32x	GLIBC_2.27	4	stub	-	-	absent from runtime export surface
libm.so.6	llroundf64	GLIBC_2.27	1	forward-alias	llroundf	-	LFS 64-bit variant; on LP64 aliases llroundf
libm.so.6	llroundf64x	GLIBC_2.27	4	stub	-	-	absent from runtime export surface
libm.so.6	llroundl	GLIBC_2.2.5	2	forward-same	llroundl	-	runtime exports the same name
libm.so.6	log	GLIBC_2.2.5	2	forward-same	log	-	runtime exports the same name
libm.so.6	log10	GLIBC_2.2.5	2	forward-same	log10	-	runtime exports the same name
libm.so.6	log10f	GLIBC_2.2.5	2	forward-same	log10f	-	runtime exports the same name
libm.so.6	log10f128	GLIBC_2.26	4	stub	-	-	absent from runtime export surface
libm.so.6	log10f32	GLIBC_2.27	4	stub	-	-	absent from runtime export surface
libm.so.6	log10f32x	GLIBC_2.27	4	stub	-	-	absent from runtime export surface
libm.so.6	log10f64	GLIBC_2.27	1	forward-alias	log10f	-	LFS 64-bit variant; on LP64 aliases log10f
libm.so.6	log10f64x	GLIBC_2.27	4	stub	-	-	absent from runtime export surface
libm.so.6	log10l	GLIBC_2.2.5	2	forward-same	log10l	-	runtime exports the same name
libm.so.6	log1p	GLIBC_2.2.5	2	forward-same	log1p	-	runtime exports the same name
libm.so.6	log1pf	GLIBC_2.2.5	2	forward-same	log1pf	-	runtime exports the same name
libm.so.6	log1pf128	GLIBC_2.26	4	stub	-	-	absent from runtime export surface
libm.so.6	log1pf32	GLIBC_2.27	4	stub	-	-	absent from runtime export surface
libm.so.6	log1pf32x	GLIBC_2.27	4	stub	-	-	absent from runtime export surface
libm.so.6	log1pf64	GLIBC_2.27	1	forward-alias	log1pf	-	LFS 64-bit variant; on LP64 aliases log1pf
libm.so.6	log1pf64x	GLIBC_2.27	4	stub	-	-	absent from runtime export surface
libm.so.6	log1pl	GLIBC_2.2.5	2	forward-same	log1pl	-	runtime exports the same name
libm.so.6	log2	GLIBC_2.2.5	2	forward-same	log2	-	runtime exports the same name
libm.so.6	log2f	GLIBC_2.2.5	2	forward-same	log2f	-	runtime exports the same name
libm.so.6	log2f	GLIBC_2.27	2	forward-same	log2f	-	runtime exports the same name
libm.so.6	log2f128	GLIBC_2.26	4	stub	-	-	absent from runtime export surface
libm.so.6	log2f32	GLIBC_2.27	4	stub	-	-	absent from runtime export surface
libm.so.6	log2f32x	GLIBC_2.27	4	stub	-	-	absent from runtime export surface
libm.so.6	log2f64	GLIBC_2.27	1	forward-alias	log2f	-	LFS 64-bit variant; on LP64 aliases log2f
libm.so.6	log2f64x	GLIBC_2.27	4	stub	-	-	absent from runtime export surface
libm.so.6	log2l	GLIBC_2.2.5	2	forward-same	log2l	-	runtime exports the same name
libm.so.6	logb	GLIBC_2.2.5	2	forward-same	logb	-	runtime exports the same name
libm.so.6	logbf	GLIBC_2.2.5	2	forward-same	logbf	-	runtime exports the same name
libm.so.6	logbf128	GLIBC_2.26	4	stub	-	-	absent from runtime export surface
libm.so.6	logbf32	GLIBC_2.27	4	stub	-	-	absent from runtime export surface
libm.so.6	logbf32x	GLIBC_2.27	4	stub	-	-	absent from runtime export surface
libm.so.6	logbf64	GLIBC_2.27	1	forward-alias	logbf	-	LFS 64-bit variant; on LP64 aliases logbf
libm.so.6	logbf64x	GLIBC_2.27	4	stub	-	-	absent from runtime export surface
libm.so.6	logbl	GLIBC_2.2.5	2	forward-same	logbl	-	runtime exports the same name
libm.so.6	logf	GLIBC_2.2.5	2	forward-same	logf	-	runtime exports the same name
libm.so.6	logf	GLIBC_2.27	2	forward-same	logf	-	runtime exports the same name
libm.so.6	logf128	GLIBC_2.26	4	stub	-	-	absent from runtime export surface
libm.so.6	logf32	GLIBC_2.27	4	stub	-	-	absent from runtime export surface
libm.so.6	logf32x	GLIBC_2.27	4	stub	-	-	absent from runtime export surface
libm.so.6	logf64	GLIBC_2.27	1	forward-alias	logf	-	LFS 64-bit variant; on LP64 aliases logf
libm.so.6	logf64x	GLIBC_2.27	4	stub	-	-	absent from runtime export surface
libm.so.6	logl	GLIBC_2.2.5	2	forward-same	logl	-	runtime exports the same name
libm.so.6	lrint	GLIBC_2.2.5	2	forward-same	lrint	-	runtime exports the same name
libm.so.6	lrintf	GLIBC_2.2.5	2	forward-same	lrintf	-	runtime exports the same name
libm.so.6	lrintf128	GLIBC_2.26	4	stub	-	-	absent from runtime export surface
libm.so.6	lrintf32	GLIBC_2.27	4	stub	-	-	absent from runtime export surface
libm.so.6	lrintf32x	GLIBC_2.27	4	stub	-	-	absent from runtime export surface
libm.so.6	lrintf64	GLIBC_2.27	1	forward-alias	lrintf	-	LFS 64-bit variant; on LP64 aliases lrintf
libm.so.6	lrintf64x	GLIBC_2.27	4	stub	-	-	absent from runtime export surface
libm.so.6	lrintl	GLIBC_2.2.5	2	forward-same	lrintl	-	runtime exports the same name
libm.so.6	lround	GLIBC_2.2.5	2	forward-same	lround	-	runtime exports the same name
libm.so.6	lroundf	GLIBC_2.2.5	2	forward-same	lroundf	-	runtime exports the same name
libm.so.6	lroundf128	GLIBC_2.26	4	stub	-	-	absent from runtime export surface
libm.so.6	lroundf32	GLIBC_2.27	4	stub	-	-	absent from runtime export surface
libm.so.6	lroundf32x	GLIBC_2.27	4	stub	-	-	absent from runtime export surface
libm.so.6	lroundf64	GLIBC_2.27	1	forward-alias	lroundf	-	LFS 64-bit variant; on LP64 aliases lroundf
libm.so.6	lroundf64x	GLIBC_2.27	4	stub	-	-	absent from runtime export surface
libm.so.6	lroundl	GLIBC_2.2.5	2	forward-same	lroundl	-	runtime exports the same name
libm.so.6	matherr	GLIBC_2.2.5	4	stub	-	-	absent from runtime export surface
libm.so.6	modf	GLIBC_2.2.5	2	forward-same	modf	-	runtime exports the same name
libm.so.6	modff	GLIBC_2.2.5	2	forward-same	modff	-	runtime exports the same name
libm.so.6	modff128	GLIBC_2.26	4	stub	-	-	absent from runtime export surface
libm.so.6	modff32	GLIBC_2.27	4	stub	-	-	absent from runtime export surface
libm.so.6	modff32x	GLIBC_2.27	4	stub	-	-	absent from runtime export surface
libm.so.6	modff64	GLIBC_2.27	1	forward-alias	modff	-	LFS 64-bit variant; on LP64 aliases modff
libm.so.6	modff64x	GLIBC_2.27	4	stub	-	-	absent from runtime export surface
libm.so.6	modfl	GLIBC_2.2.5	2	forward-same	modfl	-	runtime exports the same name
libm.so.6	nan	GLIBC_2.2.5	2	forward-same	nan	-	runtime exports the same name
libm.so.6	nanf	GLIBC_2.2.5	2	forward-same	nanf	-	runtime exports the same name
libm.so.6	nanf128	GLIBC_2.26	4	stub	-	-	absent from runtime export surface
libm.so.6	nanf32	GLIBC_2.27	4	stub	-	-	absent from runtime export surface
libm.so.6	nanf32x	GLIBC_2.27	4	stub	-	-	absent from runtime export surface
libm.so.6	nanf64	GLIBC_2.27	1	forward-alias	nanf	-	LFS 64-bit variant; on LP64 aliases nanf
libm.so.6	nanf64x	GLIBC_2.27	4	stub	-	-	absent from runtime export surface
libm.so.6	nanl	GLIBC_2.2.5	2	forward-same	nanl	-	runtime exports the same name
libm.so.6	nearbyint	GLIBC_2.2.5	2	forward-same	nearbyint	-	runtime exports the same name
libm.so.6	nearbyintf	GLIBC_2.2.5	2	forward-same	nearbyintf	-	runtime exports the same name
libm.so.6	nearbyintf128	GLIBC_2.26	4	stub	-	-	absent from runtime export surface
libm.so.6	nearbyintf32	GLIBC_2.27	4	stub	-	-	absent from runtime export surface
libm.so.6	nearbyintf32x	GLIBC_2.27	4	stub	-	-	absent from runtime export surface
libm.so.6	nearbyintf64	GLIBC_2.27	1	forward-alias	nearbyintf	-	LFS 64-bit variant; on LP64 aliases nearbyintf
libm.so.6	nearbyintf64x	GLIBC_2.27	4	stub	-	-	absent from runtime export surface
libm.so.6	nearbyintl	GLIBC_2.2.5	2	forward-same	nearbyintl	-	runtime exports the same name
libm.so.6	nextafter	GLIBC_2.2.5	2	forward-same	nextafter	-	runtime exports the same name
libm.so.6	nextafterf	GLIBC_2.2.5	2	forward-same	nextafterf	-	runtime exports the same name
libm.so.6	nextafterf128	GLIBC_2.26	4	stub	-	-	absent from runtime export surface
libm.so.6	nextafterf32	GLIBC_2.27	4	stub	-	-	absent from runtime export surface
libm.so.6	nextafterf32x	GLIBC_2.27	4	stub	-	-	absent from runtime export surface
libm.so.6	nextafterf64	GLIBC_2.27	1	forward-alias	nextafterf	-	LFS 64-bit variant; on LP64 aliases nextafterf
libm.so.6	nextafterf64x	GLIBC_2.27	4	stub	-	-	absent from runtime export surface
libm.so.6	nextafterl	GLIBC_2.2.5	2	forward-same	nextafterl	-	runtime exports the same name
libm.so.6	nextdown	GLIBC_2.24	4	stub	-	-	absent from runtime export surface
libm.so.6	nextdownf	GLIBC_2.24	4	stub	-	-	absent from runtime export surface
libm.so.6	nextdownf128	GLIBC_2.26	4	stub	-	-	absent from runtime export surface
libm.so.6	nextdownf32	GLIBC_2.27	4	stub	-	-	absent from runtime export surface
libm.so.6	nextdownf32x	GLIBC_2.27	4	stub	-	-	absent from runtime export surface
libm.so.6	nextdownf64	GLIBC_2.27	4	stub	-	-	absent from runtime export surface
libm.so.6	nextdownf64x	GLIBC_2.27	4	stub	-	-	absent from runtime export surface
libm.so.6	nextdownl	GLIBC_2.24	4	stub	-	-	absent from runtime export surface
libm.so.6	nexttoward	GLIBC_2.2.5	2	forward-same	nexttoward	-	runtime exports the same name
libm.so.6	nexttowardf	GLIBC_2.2.5	2	forward-same	nexttowardf	-	runtime exports the same name
libm.so.6	nexttowardl	GLIBC_2.2.5	2	forward-same	nexttowardl	-	runtime exports the same name
libm.so.6	nextup	GLIBC_2.24	4	stub	-	-	absent from runtime export surface
libm.so.6	nextupf	GLIBC_2.24	4	stub	-	-	absent from runtime export surface
libm.so.6	nextupf128	GLIBC_2.26	4	stub	-	-	absent from runtime export surface
libm.so.6	nextupf32	GLIBC_2.27	4	stub	-	-	absent from runtime export surface
libm.so.6	nextupf32x	GLIBC_2.27	4	stub	-	-	absent from runtime export surface
libm.so.6	nextupf64	GLIBC_2.27	4	stub	-	-	absent from runtime export surface
libm.so.6	nextupf64x	GLIBC_2.27	4	stub	-	-	absent from runtime export surface
libm.so.6	nextupl	GLIBC_2.24	4	stub	-	-	absent from runtime export surface
libm.so.6	pow	GLIBC_2.2.5	2	forward-same	pow	-	runtime exports the same name
libm.so.6	pow10	GLIBC_2.2.5	2	forward-same	pow10	-	runtime exports the same name
libm.so.6	pow10f	GLIBC_2.2.5	2	forward-same	pow10f	-	runtime exports the same name
libm.so.6	pow10l	GLIBC_2.2.5	2	forward-same	pow10l	-	runtime exports the same name
libm.so.6	powf	GLIBC_2.2.5	2	forward-same	powf	-	runtime exports the same name
libm.so.6	powf	GLIBC_2.27	2	forward-same	powf	-	runtime exports the same name
libm.so.6	powf128	GLIBC_2.26	4	stub	-	-	absent from runtime export surface
libm.so.6	powf32	GLIBC_2.27	4	stub	-	-	absent from runtime export surface
libm.so.6	powf32x	GLIBC_2.27	4	stub	-	-	absent from runtime export surface
libm.so.6	powf64	GLIBC_2.27	1	forward-alias	powf	-	LFS 64-bit variant; on LP64 aliases powf
libm.so.6	powf64x	GLIBC_2.27	4	stub	-	-	absent from runtime export surface
libm.so.6	powl	GLIBC_2.2.5	2	forward-same	powl	-	runtime exports the same name
libm.so.6	remainder	GLIBC_2.2.5	2	forward-same	remainder	-	runtime exports the same name
libm.so.6	remainderf	GLIBC_2.2.5	2	forward-same	remainderf	-	runtime exports the same name
libm.so.6	remainderf128	GLIBC_2.26	4	stub	-	-	absent from runtime export surface
libm.so.6	remainderf32	GLIBC_2.27	4	stub	-	-	absent from runtime export surface
libm.so.6	remainderf32x	GLIBC_2.27	4	stub	-	-	absent from runtime export surface
libm.so.6	remainderf64	GLIBC_2.27	1	forward-alias	remainderf	-	LFS 64-bit variant; on LP64 aliases remainderf
libm.so.6	remainderf64x	GLIBC_2.27	4	stub	-	-	absent from runtime export surface
libm.so.6	remainderl	GLIBC_2.2.5	2	forward-same	remainderl	-	runtime exports the same name
libm.so.6	remquo	GLIBC_2.2.5	2	forward-same	remquo	-	runtime exports the same name
libm.so.6	remquof	GLIBC_2.2.5	2	forward-same	remquof	-	runtime exports the same name
libm.so.6	remquof128	GLIBC_2.26	4	stub	-	-	absent from runtime export surface
libm.so.6	remquof32	GLIBC_2.27	4	stub	-	-	absent from runtime export surface
libm.so.6	remquof32x	GLIBC_2.27	4	stub	-	-	absent from runtime export surface
libm.so.6	remquof64	GLIBC_2.27	1	forward-alias	remquof	-	LFS 64-bit variant; on LP64 aliases remquof
libm.so.6	remquof64x	GLIBC_2.27	4	stub	-	-	absent from runtime export surface
libm.so.6	remquol	GLIBC_2.2.5	2	forward-same	remquol	-	runtime exports the same name
libm.so.6	rint	GLIBC_2.2.5	2	forward-same	rint	-	runtime exports the same name
libm.so.6	rintf	GLIBC_2.2.5	2	forward-same	rintf	-	runtime exports the same name
libm.so.6	rintf128	GLIBC_2.26	4	stub	-	-	absent from runtime export surface
libm.so.6	rintf32	GLIBC_2.27	4	stub	-	-	absent from runtime export surface
libm.so.6	rintf32x	GLIBC_2.27	4	stub	-	-	absent from runtime export surface
libm.so.6	rintf64	GLIBC_2.27	1	forward-alias	rintf	-	LFS 64-bit variant; on LP64 aliases rintf
libm.so.6	rintf64x	GLIBC_2.27	4	stub	-	-	absent from runtime export surface
libm.so.6	rintl	GLIBC_2.2.5	2	forward-same	rintl	-	runtime exports the same name
libm.so.6	round	GLIBC_2.2.5	2	forward-same	round	-	runtime exports the same name
libm.so.6	roundeven	GLIBC_2.25	4	stub	-	-	absent from runtime export surface
libm.so.6	roundevenf	GLIBC_2.25	4	stub	-	-	absent from runtime export surface
libm.so.6	roundevenf128	GLIBC_2.26	4	stub	-	-	absent from runtime export surface
libm.so.6	roundevenf32	GLIBC_2.27	4	stub	-	-	absent from runtime export surface
libm.so.6	roundevenf32x	GLIBC_2.27	4	stub	-	-	absent from runtime export surface
libm.so.6	roundevenf64	GLIBC_2.27	4	stub	-	-	absent from runtime export surface
libm.so.6	roundevenf64x	GLIBC_2.27	4	stub	-	-	absent from runtime export surface
libm.so.6	roundevenl	GLIBC_2.25	4	stub	-	-	absent from runtime export surface
libm.so.6	roundf	GLIBC_2.2.5	2	forward-same	roundf	-	runtime exports the same name
libm.so.6	roundf128	GLIBC_2.26	4	stub	-	-	absent from runtime export surface
libm.so.6	roundf32	GLIBC_2.27	4	stub	-	-	absent from runtime export surface
libm.so.6	roundf32x	GLIBC_2.27	4	stub	-	-	absent from runtime export surface
libm.so.6	roundf64	GLIBC_2.27	1	forward-alias	roundf	-	LFS 64-bit variant; on LP64 aliases roundf
libm.so.6	roundf64x	GLIBC_2.27	4	stub	-	-	absent from runtime export surface
libm.so.6	roundl	GLIBC_2.2.5	2	forward-same	roundl	-	runtime exports the same name
libm.so.6	scalb	GLIBC_2.2.5	2	forward-same	scalb	-	runtime exports the same name
libm.so.6	scalbf	GLIBC_2.2.5	2	forward-same	scalbf	-	runtime exports the same name
libm.so.6	scalbl	GLIBC_2.2.5	2	forward-same	scalbl	-	runtime exports the same name
libm.so.6	scalbln	GLIBC_2.2.5	2	forward-same	scalbln	-	runtime exports the same name
libm.so.6	scalblnf	GLIBC_2.2.5	2	forward-same	scalblnf	-	runtime exports the same name
libm.so.6	scalblnf128	GLIBC_2.26	4	stub	-	-	absent from runtime export surface
libm.so.6	scalblnf32	GLIBC_2.27	4	stub	-	-	absent from runtime export surface
libm.so.6	scalblnf32x	GLIBC_2.27	4	stub	-	-	absent from runtime export surface
libm.so.6	scalblnf64	GLIBC_2.27	1	forward-alias	scalblnf	-	LFS 64-bit variant; on LP64 aliases scalblnf
libm.so.6	scalblnf64x	GLIBC_2.27	4	stub	-	-	absent from runtime export surface
libm.so.6	scalblnl	GLIBC_2.2.5	2	forward-same	scalblnl	-	runtime exports the same name
libm.so.6	scalbn	GLIBC_2.2.5	2	forward-same	scalbn	-	runtime exports the same name
libm.so.6	scalbnf	GLIBC_2.2.5	2	forward-same	scalbnf	-	runtime exports the same name
libm.so.6	scalbnf128	GLIBC_2.26	4	stub	-	-	absent from runtime export surface
libm.so.6	scalbnf32	GLIBC_2.27	4	stub	-	-	absent from runtime export surface
libm.so.6	scalbnf32x	GLIBC_2.27	4	stub	-	-	absent from runtime export surface
libm.so.6	scalbnf64	GLIBC_2.27	1	forward-alias	scalbnf	-	LFS 64-bit variant; on LP64 aliases scalbnf
libm.so.6	scalbnf64x	GLIBC_2.27	4	stub	-	-	absent from runtime export surface
libm.so.6	scalbnl	GLIBC_2.2.5	2	forward-same	scalbnl	-	runtime exports the same name
libm.so.6	setpayload	GLIBC_2.25	4	stub	-	-	absent from runtime export surface
libm.so.6	setpayloadf	GLIBC_2.25	4	stub	-	-	absent from runtime export surface
libm.so.6	setpayloadf128	GLIBC_2.26	4	stub	-	-	absent from runtime export surface
libm.so.6	setpayloadf32	GLIBC_2.27	4	stub	-	-	absent from runtime export surface
libm.so.6	setpayloadf32x	GLIBC_2.27	4	stub	-	-	absent from runtime export surface
libm.so.6	setpayloadf64	GLIBC_2.27	4	stub	-	-	absent from runtime export surface
libm.so.6	setpayloadf64x	GLIBC_2.27	4	stub	-	-	absent from runtime export surface
libm.so.6	setpayloadl	GLIBC_2.25	4	stub	-	-	absent from runtime export surface
libm.so.6	setpayloadsig	GLIBC_2.25	4	stub	-	-	absent from runtime export surface
libm.so.6	setpayloadsigf	GLIBC_2.25	4	stub	-	-	absent from runtime export surface
libm.so.6	setpayloadsigf128	GLIBC_2.26	4	stub	-	-	absent from runtime export surface
libm.so.6	setpayloadsigf32	GLIBC_2.27	4	stub	-	-	absent from runtime export surface
libm.so.6	setpayloadsigf32x	GLIBC_2.27	4	stub	-	-	absent from runtime export surface
libm.so.6	setpayloadsigf64	GLIBC_2.27	4	stub	-	-	absent from runtime export surface
libm.so.6	setpayloadsigf64x	GLIBC_2.27	4	stub	-	-	absent from runtime export surface
libm.so.6	setpayloadsigl	GLIBC_2.25	4	stub	-	-	absent from runtime export surface
libm.so.6	signgam	GLIBC_2.2.5	1	forward-alias	__signgam	-	reserved-name alias of runtime export __signgam
libm.so.6	significand	GLIBC_2.2.5	2	forward-same	significand	-	runtime exports the same name
libm.so.6	significandf	GLIBC_2.2.5	2	forward-same	significandf	-	runtime exports the same name
libm.so.6	significandl	GLIBC_2.2.5	4	stub	-	-	absent from runtime export surface
libm.so.6	sin	GLIBC_2.2.5	2	forward-same	sin	-	runtime exports the same name
libm.so.6	sincos	GLIBC_2.2.5	2	forward-same	sincos	-	runtime exports the same name
libm.so.6	sincosf	GLIBC_2.2.5	2	forward-same	sincosf	-	runtime exports the same name
libm.so.6	sincosf128	GLIBC_2.26	4	stub	-	-	absent from runtime export surface
libm.so.6	sincosf32	GLIBC_2.27	4	stub	-	-	absent from runtime export surface
libm.so.6	sincosf32x	GLIBC_2.27	4	stub	-	-	absent from runtime export surface
libm.so.6	sincosf64	GLIBC_2.27	1	forward-alias	sincosf	-	LFS 64-bit variant; on LP64 aliases sincosf
libm.so.6	sincosf64x	GLIBC_2.27	4	stub	-	-	absent from runtime export surface
libm.so.6	sincosl	GLIBC_2.2.5	2	forward-same	sincosl	-	runtime exports the same name
libm.so.6	sinf	GLIBC_2.2.5	2	forward-same	sinf	-	runtime exports the same name
libm.so.6	sinf128	GLIBC_2.26	4	stub	-	-	absent from runtime export surface
libm.so.6	sinf32	GLIBC_2.27	4	stub	-	-	absent from runtime export surface
libm.so.6	sinf32x	GLIBC_2.27	4	stub	-	-	absent from runtime export surface
libm.so.6	sinf64	GLIBC_2.27	1	forward-alias	sinf	-	LFS 64-bit variant; on LP64 aliases sinf
libm.so.6	sinf64x	GLIBC_2.27	4	stub	-	-	absent from runtime export surface
libm.so.6	sinh	GLIBC_2.2.5	2	forward-same	sinh	-	runtime exports the same name
libm.so.6	sinhf	GLIBC_2.2.5	2	forward-same	sinhf	-	runtime exports the same name
libm.so.6	sinhf128	GLIBC_2.26	4	stub	-	-	absent from runtime export surface
libm.so.6	sinhf32	GLIBC_2.27	4	stub	-	-	absent from runtime export surface
libm.so.6	sinhf32x	GLIBC_2.27	4	stub	-	-	absent from runtime export surface
libm.so.6	sinhf64	GLIBC_2.27	1	forward-alias	sinhf	-	LFS 64-bit variant; on LP64 aliases sinhf
libm.so.6	sinhf64x	GLIBC_2.27	4	stub	-	-	absent from runtime export surface
libm.so.6	sinhl	GLIBC_2.2.5	2	forward-same	sinhl	-	runtime exports the same name
libm.so.6	sinl	GLIBC_2.2.5	2	forward-same	sinl	-	runtime exports the same name
libm.so.6	sqrt	GLIBC_2.2.5	2	forward-same	sqrt	-	runtime exports the same name
libm.so.6	sqrtf	GLIBC_2.2.5	2	forward-same	sqrtf	-	runtime exports the same name
libm.so.6	sqrtf128	GLIBC_2.26	4	stub	-	-	absent from runtime export surface
libm.so.6	sqrtf32	GLIBC_2.27	4	stub	-	-	absent from runtime export surface
libm.so.6	sqrtf32x	GLIBC_2.27	4	stub	-	-	absent from runtime export surface
libm.so.6	sqrtf64	GLIBC_2.27	1	forward-alias	sqrtf	-	LFS 64-bit variant; on LP64 aliases sqrtf
libm.so.6	sqrtf64x	GLIBC_2.27	4	stub	-	-	absent from runtime export surface
libm.so.6	sqrtl	GLIBC_2.2.5	2	forward-same	sqrtl	-	runtime exports the same name
libm.so.6	tan	GLIBC_2.2.5	2	forward-same	tan	-	runtime exports the same name
libm.so.6	tanf	GLIBC_2.2.5	2	forward-same	tanf	-	runtime exports the same name
libm.so.6	tanf128	GLIBC_2.26	4	stub	-	-	absent from runtime export surface
libm.so.6	tanf32	GLIBC_2.27	4	stub	-	-	absent from runtime export surface
libm.so.6	tanf32x	GLIBC_2.27	4	stub	-	-	absent from runtime export surface
libm.so.6	tanf64	GLIBC_2.27	1	forward-alias	tanf	-	LFS 64-bit variant; on LP64 aliases tanf
libm.so.6	tanf64x	GLIBC_2.27	4	stub	-	-	absent from runtime export surface
libm.so.6	tanh	GLIBC_2.2.5	2	forward-same	tanh	-	runtime exports the same name
libm.so.6	tanhf	GLIBC_2.2.5	2	forward-same	tanhf	-	runtime exports the same name
libm.so.6	tanhf128	GLIBC_2.26	4	stub	-	-	absent from runtime export surface
libm.so.6	tanhf32	GLIBC_2.27	4	stub	-	-	absent from runtime export surface
libm.so.6	tanhf32x	GLIBC_2.27	4	stub	-	-	absent from runtime export surface
libm.so.6	tanhf64	GLIBC_2.27	1	forward-alias	tanhf	-	LFS 64-bit variant; on LP64 aliases tanhf
libm.so.6	tanhf64x	GLIBC_2.27	4	stub	-	-	absent from runtime export surface
libm.so.6	tanhl	GLIBC_2.2.5	2	forward-same	tanhl	-	runtime exports the same name
libm.so.6	tanl	GLIBC_2.2.5	2	forward-same	tanl	-	runtime exports the same name
libm.so.6	tgamma	GLIBC_2.2.5	2	forward-same	tgamma	-	runtime exports the same name
libm.so.6	tgammaf	GLIBC_2.2.5	2	forward-same	tgammaf	-	runtime exports the same name
libm.so.6	tgammaf128	GLIBC_2.26	4	stub	-	-	absent from runtime export surface
libm.so.6	tgammaf32	GLIBC_2.27	4	stub	-	-	absent from runtime export surface
libm.so.6	tgammaf32x	GLIBC_2.27	4	stub	-	-	absent from runtime export surface
libm.so.6	tgammaf64	GLIBC_2.27	1	forward-alias	tgammaf	-	LFS 64-bit variant; on LP64 aliases tgammaf
libm.so.6	tgammaf64x	GLIBC_2.27	4	stub	-	-	absent from runtime export surface
libm.so.6	tgammal	GLIBC_2.2.5	2	forward-same	tgammal	-	runtime exports the same name
libm.so.6	totalorder	GLIBC_2.25	4	stub	-	-	absent from runtime export surface
libm.so.6	totalorderf	GLIBC_2.25	4	stub	-	-	absent from runtime export surface
libm.so.6	totalorderf128	GLIBC_2.26	4	stub	-	-	absent from runtime export surface
libm.so.6	totalorderf32	GLIBC_2.27	4	stub	-	-	absent from runtime export surface
libm.so.6	totalorderf32x	GLIBC_2.27	4	stub	-	-	absent from runtime export surface
libm.so.6	totalorderf64	GLIBC_2.27	4	stub	-	-	absent from runtime export surface
libm.so.6	totalorderf64x	GLIBC_2.27	4	stub	-	-	absent from runtime export surface
libm.so.6	totalorderl	GLIBC_2.25	4	stub	-	-	absent from runtime export surface
libm.so.6	totalordermag	GLIBC_2.25	4	stub	-	-	absent from runtime export surface
libm.so.6	totalordermagf	GLIBC_2.25	4	stub	-	-	absent from runtime export surface
libm.so.6	totalordermagf128	GLIBC_2.26	4	stub	-	-	absent from runtime export surface
libm.so.6	totalordermagf32	GLIBC_2.27	4	stub	-	-	absent from runtime export surface
libm.so.6	totalordermagf32x	GLIBC_2.27	4	stub	-	-	absent from runtime export surface
libm.so.6	totalordermagf64	GLIBC_2.27	4	stub	-	-	absent from runtime export surface
libm.so.6	totalordermagf64x	GLIBC_2.27	4	stub	-	-	absent from runtime export surface
libm.so.6	totalordermagl	GLIBC_2.25	4	stub	-	-	absent from runtime export surface
libm.so.6	trunc	GLIBC_2.2.5	2	forward-same	trunc	-	runtime exports the same name
libm.so.6	truncf	GLIBC_2.2.5	2	forward-same	truncf	-	runtime exports the same name
libm.so.6	truncf128	GLIBC_2.26	4	stub	-	-	absent from runtime export surface
libm.so.6	truncf32	GLIBC_2.27	4	stub	-	-	absent from runtime export surface
libm.so.6	truncf32x	GLIBC_2.27	4	stub	-	-	absent from runtime export surface
libm.so.6	truncf64	GLIBC_2.27	1	forward-alias	truncf	-	LFS 64-bit variant; on LP64 aliases truncf
libm.so.6	truncf64x	GLIBC_2.27	4	stub	-	-	absent from runtime export surface
libm.so.6	truncl	GLIBC_2.2.5	2	forward-same	truncl	-	runtime exports the same name
libm.so.6	ufromfp	GLIBC_2.25	4	stub	-	-	absent from runtime export surface
libm.so.6	ufromfpf	GLIBC_2.25	4	stub	-	-	absent from runtime export surface
libm.so.6	ufromfpf128	GLIBC_2.26	4	stub	-	-	absent from runtime export surface
libm.so.6	ufromfpf32	GLIBC_2.27	4	stub	-	-	absent from runtime export surface
libm.so.6	ufromfpf32x	GLIBC_2.27	4	stub	-	-	absent from runtime export surface
libm.so.6	ufromfpf64	GLIBC_2.27	4	stub	-	-	absent from runtime export surface
libm.so.6	ufromfpf64x	GLIBC_2.27	4	stub	-	-	absent from runtime export surface
libm.so.6	ufromfpl	GLIBC_2.25	4	stub	-	-	absent from runtime export surface
libm.so.6	ufromfpx	GLIBC_2.25	4	stub	-	-	absent from runtime export surface
libm.so.6	ufromfpxf	GLIBC_2.25	4	stub	-	-	absent from runtime export surface
libm.so.6	ufromfpxf128	GLIBC_2.26	4	stub	-	-	absent from runtime export surface
libm.so.6	ufromfpxf32	GLIBC_2.27	4	stub	-	-	absent from runtime export surface
libm.so.6	ufromfpxf32x	GLIBC_2.27	4	stub	-	-	absent from runtime export surface
libm.so.6	ufromfpxf64	GLIBC_2.27	4	stub	-	-	absent from runtime export surface
libm.so.6	ufromfpxf64x	GLIBC_2.27	4	stub	-	-	absent from runtime export surface
libm.so.6	ufromfpxl	GLIBC_2.25	4	stub	-	-	absent from runtime export surface
libm.so.6	y0	GLIBC_2.2.5	2	forward-same	y0	-	runtime exports the same name
libm.so.6	y0f	GLIBC_2.2.5	2	forward-same	y0f	-	runtime exports the same name
libm.so.6	y0f128	GLIBC_2.26	4	stub	-	-	absent from runtime export surface
libm.so.6	y0f32	GLIBC_2.27	4	stub	-	-	absent from runtime export surface
libm.so.6	y0f32x	GLIBC_2.27	4	stub	-	-	absent from runtime export surface
libm.so.6	y0f64	GLIBC_2.27	1	forward-alias	y0f	-	LFS 64-bit variant; on LP64 aliases y0f
libm.so.6	y0f64x	GLIBC_2.27	4	stub	-	-	absent from runtime export surface
libm.so.6	y0l	GLIBC_2.2.5	4	stub	-	-	absent from runtime export surface
libm.so.6	y1	GLIBC_2.2.5	2	forward-same	y1	-	runtime exports the same name
libm.so.6	y1f	GLIBC_2.2.5	2	forward-same	y1f	-	runtime exports the same name
libm.so.6	y1f128	GLIBC_2.26	4	stub	-	-	absent from runtime export surface
libm.so.6	y1f32	GLIBC_2.27	4	stub	-	-	absent from runtime export surface
libm.so.6	y1f32x	GLIBC_2.27	4	stub	-	-	absent from runtime export surface
libm.so.6	y1f64	GLIBC_2.27	1	forward-alias	y1f	-	LFS 64-bit variant; on LP64 aliases y1f
libm.so.6	y1f64x	GLIBC_2.27	4	stub	-	-	absent from runtime export surface
libm.so.6	y1l	GLIBC_2.2.5	4	stub	-	-	absent from runtime export surface
libm.so.6	yn	GLIBC_2.2.5	2	forward-same	yn	-	runtime exports the same name
libm.so.6	ynf	GLIBC_2.2.5	2	forward-same	ynf	-	runtime exports the same name
libm.so.6	ynf128	GLIBC_2.26	4	stub	-	-	absent from runtime export surface
libm.so.6	ynf32	GLIBC_2.27	4	stub	-	-	absent from runtime export surface
libm.so.6	ynf32x	GLIBC_2.27	4	stub	-	-	absent from runtime export surface
libm.so.6	ynf64	GLIBC_2.27	1	forward-alias	ynf	-	LFS 64-bit variant; on LP64 aliases ynf
libm.so.6	ynf64x	GLIBC_2.27	4	stub	-	-	absent from runtime export surface
libm.so.6	ynl	GLIBC_2.2.5	4	stub	-	-	absent from runtime export surface
libpthread.so.0	GLIBC_2.11	GLIBC_2.11	scaffold	scaffold	-	-	version-node identity object (WP-53 scaffold)
libpthread.so.0	GLIBC_2.12	GLIBC_2.12	scaffold	scaffold	-	-	version-node identity object (WP-53 scaffold)
libpthread.so.0	GLIBC_2.18	GLIBC_2.18	scaffold	scaffold	-	-	version-node identity object (WP-53 scaffold)
libpthread.so.0	GLIBC_2.2.5	GLIBC_2.2.5	scaffold	scaffold	-	-	version-node identity object (WP-53 scaffold)
libpthread.so.0	GLIBC_2.2.6	GLIBC_2.2.6	scaffold	scaffold	-	-	version-node identity object (WP-53 scaffold)
libpthread.so.0	GLIBC_2.28	GLIBC_2.28	scaffold	scaffold	-	-	version-node identity object (WP-53 scaffold)
libpthread.so.0	GLIBC_2.3.2	GLIBC_2.3.2	scaffold	scaffold	-	-	version-node identity object (WP-53 scaffold)
libpthread.so.0	GLIBC_2.3.3	GLIBC_2.3.3	scaffold	scaffold	-	-	version-node identity object (WP-53 scaffold)
libpthread.so.0	GLIBC_2.3.4	GLIBC_2.3.4	scaffold	scaffold	-	-	version-node identity object (WP-53 scaffold)
libpthread.so.0	GLIBC_2.4	GLIBC_2.4	scaffold	scaffold	-	-	version-node identity object (WP-53 scaffold)
libpthread.so.0	GLIBC_PRIVATE	GLIBC_PRIVATE	scaffold	scaffold	-	-	version-node identity object (WP-53 scaffold)
libpthread.so.0	_IO_flockfile	GLIBC_2.2.5	4	stub	-	-	absent from runtime export surface
libpthread.so.0	_IO_ftrylockfile	GLIBC_2.2.5	4	stub	-	-	absent from runtime export surface
libpthread.so.0	_IO_funlockfile	GLIBC_2.2.5	4	stub	-	-	absent from runtime export surface
libpthread.so.0	__close	GLIBC_2.2.5	1	forward-alias	close	-	reserved-name alias of runtime export close
libpthread.so.0	__connect	GLIBC_2.2.5	1	forward-alias	connect	-	reserved-name alias of runtime export connect
libpthread.so.0	__errno_location	GLIBC_2.2.5	3	shim	-	review	errno numeric values differ; translated pointer shim over cygwin __errno
libpthread.so.0	__fcntl	GLIBC_2.2.5	1	forward-alias	fcntl	-	reserved-name alias of runtime export fcntl
libpthread.so.0	__fork	GLIBC_2.2.5	1	forward-alias	fork	-	reserved-name alias of runtime export fork
libpthread.so.0	__h_errno_location	GLIBC_2.2.5	4	stub	-	-	absent from runtime export surface
libpthread.so.0	__libc_allocate_rtsig	GLIBC_2.2.5	4	stub	-	-	absent from runtime export surface
libpthread.so.0	__libc_current_sigrtmax	GLIBC_2.2.5	4	stub	-	-	absent from runtime export surface
libpthread.so.0	__libc_current_sigrtmin	GLIBC_2.2.5	4	stub	-	-	absent from runtime export surface
libpthread.so.0	__libpthread_freeres	GLIBC_PRIVATE	4	stub	-	-	absent from runtime export surface
libpthread.so.0	__lseek	GLIBC_2.2.5	1	forward-alias	lseek	-	reserved-name alias of runtime export lseek
libpthread.so.0	__nanosleep	GLIBC_2.2.6	1	forward-alias	nanosleep	-	reserved-name alias of runtime export nanosleep
libpthread.so.0	__open	GLIBC_2.2.5	1	forward-alias	open	-	reserved-name alias of runtime export open
libpthread.so.0	__open64	GLIBC_2.2.5	1	forward-alias	open	-	LFS 64-bit variant; on LP64 aliases open
libpthread.so.0	__pread64	GLIBC_2.2.5	1	forward-alias	pread	-	LFS 64-bit variant; on LP64 aliases pread
libpthread.so.0	__pthread_attr_copy	GLIBC_PRIVATE	4	stub	-	-	absent from runtime export surface
libpthread.so.0	__pthread_barrier_init	GLIBC_PRIVATE	1	forward-alias	pthread_barrier_init	-	reserved-name alias of runtime export pthread_barrier_init
libpthread.so.0	__pthread_barrier_wait	GLIBC_PRIVATE	1	forward-alias	pthread_barrier_wait	-	reserved-name alias of runtime export pthread_barrier_wait
libpthread.so.0	__pthread_cleanup_routine	GLIBC_2.3.3	4	stub	-	-	absent from runtime export surface
libpthread.so.0	__pthread_get_minstack	GLIBC_PRIVATE	4	stub	-	-	absent from runtime export surface
libpthread.so.0	__pthread_getspecific	GLIBC_2.2.5	1	forward-alias	pthread_getspecific	-	reserved-name alias of runtime export pthread_getspecific
libpthread.so.0	__pthread_initialize_minimal	GLIBC_PRIVATE	4	stub	-	-	absent from runtime export surface
libpthread.so.0	__pthread_key_create	GLIBC_2.2.5	1	forward-alias	pthread_key_create	-	reserved-name alias of runtime export pthread_key_create
libpthread.so.0	__pthread_mutex_destroy	GLIBC_2.2.5	1	forward-alias	pthread_mutex_destroy	-	reserved-name alias of runtime export pthread_mutex_destroy
libpthread.so.0	__pthread_mutex_init	GLIBC_2.2.5	1	forward-alias	pthread_mutex_init	-	reserved-name alias of runtime export pthread_mutex_init
libpthread.so.0	__pthread_mutex_lock	GLIBC_2.2.5	1	forward-alias	pthread_mutex_lock	-	reserved-name alias of runtime export pthread_mutex_lock
libpthread.so.0	__pthread_mutex_trylock	GLIBC_2.2.5	1	forward-alias	pthread_mutex_trylock	-	reserved-name alias of runtime export pthread_mutex_trylock
libpthread.so.0	__pthread_mutex_unlock	GLIBC_2.2.5	1	forward-alias	pthread_mutex_unlock	-	reserved-name alias of runtime export pthread_mutex_unlock
libpthread.so.0	__pthread_mutexattr_destroy	GLIBC_2.2.5	1	forward-alias	pthread_mutexattr_destroy	-	reserved-name alias of runtime export pthread_mutexattr_destroy
libpthread.so.0	__pthread_mutexattr_init	GLIBC_2.2.5	1	forward-alias	pthread_mutexattr_init	-	reserved-name alias of runtime export pthread_mutexattr_init
libpthread.so.0	__pthread_mutexattr_settype	GLIBC_2.2.5	1	forward-alias	pthread_mutexattr_settype	-	reserved-name alias of runtime export pthread_mutexattr_settype
libpthread.so.0	__pthread_once	GLIBC_2.2.5	1	forward-alias	pthread_once	-	reserved-name alias of runtime export pthread_once
libpthread.so.0	__pthread_register_cancel	GLIBC_2.3.3	4	stub	-	-	absent from runtime export surface
libpthread.so.0	__pthread_register_cancel_defer	GLIBC_2.3.3	4	stub	-	-	absent from runtime export surface
libpthread.so.0	__pthread_rwlock_destroy	GLIBC_2.2.5	1	forward-alias	pthread_rwlock_destroy	-	reserved-name alias of runtime export pthread_rwlock_destroy
libpthread.so.0	__pthread_rwlock_init	GLIBC_2.2.5	1	forward-alias	pthread_rwlock_init	-	reserved-name alias of runtime export pthread_rwlock_init
libpthread.so.0	__pthread_rwlock_rdlock	GLIBC_2.2.5	1	forward-alias	pthread_rwlock_rdlock	-	reserved-name alias of runtime export pthread_rwlock_rdlock
libpthread.so.0	__pthread_rwlock_tryrdlock	GLIBC_2.2.5	1	forward-alias	pthread_rwlock_tryrdlock	-	reserved-name alias of runtime export pthread_rwlock_tryrdlock
libpthread.so.0	__pthread_rwlock_trywrlock	GLIBC_2.2.5	1	forward-alias	pthread_rwlock_trywrlock	-	reserved-name alias of runtime export pthread_rwlock_trywrlock
libpthread.so.0	__pthread_rwlock_unlock	GLIBC_2.2.5	1	forward-alias	pthread_rwlock_unlock	-	reserved-name alias of runtime export pthread_rwlock_unlock
libpthread.so.0	__pthread_rwlock_wrlock	GLIBC_2.2.5	1	forward-alias	pthread_rwlock_wrlock	-	reserved-name alias of runtime export pthread_rwlock_wrlock
libpthread.so.0	__pthread_setspecific	GLIBC_2.2.5	1	forward-alias	pthread_setspecific	-	reserved-name alias of runtime export pthread_setspecific
libpthread.so.0	__pthread_unregister_cancel	GLIBC_2.3.3	4	stub	-	-	absent from runtime export surface
libpthread.so.0	__pthread_unregister_cancel_restore	GLIBC_2.3.3	4	stub	-	-	absent from runtime export surface
libpthread.so.0	__pthread_unwind	GLIBC_PRIVATE	4	stub	-	-	absent from runtime export surface
libpthread.so.0	__pthread_unwind_next	GLIBC_2.3.3	4	stub	-	-	absent from runtime export surface
libpthread.so.0	__pwrite64	GLIBC_2.2.5	1	forward-alias	pwrite	-	LFS 64-bit variant; on LP64 aliases pwrite
libpthread.so.0	__read	GLIBC_2.2.5	1	forward-alias	read	-	reserved-name alias of runtime export read
libpthread.so.0	__res_state	GLIBC_2.2.5	2	forward-same	__res_state	-	runtime exports the same name
libpthread.so.0	__send	GLIBC_2.2.5	1	forward-alias	send	-	reserved-name alias of runtime export send
libpthread.so.0	__shm_directory	GLIBC_PRIVATE	4	stub	-	-	absent from runtime export surface
libpthread.so.0	__sigaction	GLIBC_2.2.5	1	forward-alias	sigaction	-	reserved-name alias of runtime export sigaction
libpthread.so.0	__wait	GLIBC_2.2.5	1	forward-alias	wait	-	reserved-name alias of runtime export wait
libpthread.so.0	__write	GLIBC_2.2.5	1	forward-alias	write	-	reserved-name alias of runtime export write
libpthread.so.0	_pthread_cleanup_pop	GLIBC_2.2.5	2	forward-same	_pthread_cleanup_pop	-	runtime exports the same name
libpthread.so.0	_pthread_cleanup_pop_restore	GLIBC_2.2.5	4	stub	-	-	absent from runtime export surface
libpthread.so.0	_pthread_cleanup_push	GLIBC_2.2.5	2	forward-same	_pthread_cleanup_push	-	runtime exports the same name
libpthread.so.0	_pthread_cleanup_push_defer	GLIBC_2.2.5	4	stub	-	-	absent from runtime export surface
libpthread.so.0	accept	GLIBC_2.2.5	2	forward-same	accept	-	runtime exports the same name
libpthread.so.0	call_once	GLIBC_2.28	2	forward-same	call_once	-	runtime exports the same name
libpthread.so.0	close	GLIBC_2.2.5	2	forward-same	close	-	runtime exports the same name
libpthread.so.0	cnd_broadcast	GLIBC_2.28	2	forward-same	cnd_broadcast	-	runtime exports the same name
libpthread.so.0	cnd_destroy	GLIBC_2.28	2	forward-same	cnd_destroy	-	runtime exports the same name
libpthread.so.0	cnd_init	GLIBC_2.28	2	forward-same	cnd_init	-	runtime exports the same name
libpthread.so.0	cnd_signal	GLIBC_2.28	2	forward-same	cnd_signal	-	runtime exports the same name
libpthread.so.0	cnd_timedwait	GLIBC_2.28	2	forward-same	cnd_timedwait	-	runtime exports the same name
libpthread.so.0	cnd_wait	GLIBC_2.28	2	forward-same	cnd_wait	-	runtime exports the same name
libpthread.so.0	connect	GLIBC_2.2.5	2	forward-same	connect	-	runtime exports the same name
libpthread.so.0	fcntl	GLIBC_2.2.5	3	shim	fcntl	review	F_* command and O_* flag values and struct flock layout differ; shim
libpthread.so.0	flockfile	GLIBC_2.2.5	2	forward-same	flockfile	-	runtime exports the same name
libpthread.so.0	fork	GLIBC_2.2.5	2	forward-same	fork	-	runtime exports the same name
libpthread.so.0	fsync	GLIBC_2.2.5	2	forward-same	fsync	-	runtime exports the same name
libpthread.so.0	ftrylockfile	GLIBC_2.2.5	2	forward-same	ftrylockfile	-	runtime exports the same name
libpthread.so.0	funlockfile	GLIBC_2.2.5	2	forward-same	funlockfile	-	runtime exports the same name
libpthread.so.0	longjmp	GLIBC_2.2.5	3	shim	longjmp	review	jmp_buf layout differs; shim
libpthread.so.0	lseek	GLIBC_2.2.5	2	forward-same	lseek	-	runtime exports the same name
libpthread.so.0	lseek64	GLIBC_2.2.5	1	forward-alias	lseek	-	LFS 64-bit variant; on LP64 aliases lseek
libpthread.so.0	msync	GLIBC_2.2.5	2	forward-same	msync	-	runtime exports the same name
libpthread.so.0	mtx_destroy	GLIBC_2.28	2	forward-same	mtx_destroy	-	runtime exports the same name
libpthread.so.0	mtx_init	GLIBC_2.28	2	forward-same	mtx_init	-	runtime exports the same name
libpthread.so.0	mtx_lock	GLIBC_2.28	2	forward-same	mtx_lock	-	runtime exports the same name
libpthread.so.0	mtx_timedlock	GLIBC_2.28	2	forward-same	mtx_timedlock	-	runtime exports the same name
libpthread.so.0	mtx_trylock	GLIBC_2.28	2	forward-same	mtx_trylock	-	runtime exports the same name
libpthread.so.0	mtx_unlock	GLIBC_2.28	2	forward-same	mtx_unlock	-	runtime exports the same name
libpthread.so.0	nanosleep	GLIBC_2.2.5	2	forward-same	nanosleep	-	runtime exports the same name
libpthread.so.0	open	GLIBC_2.2.5	3	shim	open	review	O_* flag values differ; shim over cygwin open
libpthread.so.0	open64	GLIBC_2.2.5	1	forward-alias	open	-	LFS 64-bit variant; on LP64 aliases open
libpthread.so.0	pause	GLIBC_2.2.5	2	forward-same	pause	-	runtime exports the same name
libpthread.so.0	pread	GLIBC_2.2.5	2	forward-same	pread	-	runtime exports the same name
libpthread.so.0	pread64	GLIBC_2.2.5	1	forward-alias	pread	-	LFS 64-bit variant; on LP64 aliases pread
libpthread.so.0	pthread_atfork	GLIBC_2.2.5	2	forward-same	pthread_atfork	-	runtime exports the same name
libpthread.so.0	pthread_attr_destroy	GLIBC_2.2.5	2	forward-same	pthread_attr_destroy	-	runtime exports the same name
libpthread.so.0	pthread_attr_getaffinity_np	GLIBC_2.3.3	4	stub	-	-	absent from runtime export surface
libpthread.so.0	pthread_attr_getaffinity_np	GLIBC_2.3.4	4	stub	-	-	absent from runtime export surface
libpthread.so.0	pthread_attr_getdetachstate	GLIBC_2.2.5	2	forward-same	pthread_attr_getdetachstate	-	runtime exports the same name
libpthread.so.0	pthread_attr_getguardsize	GLIBC_2.2.5	2	forward-same	pthread_attr_getguardsize	-	runtime exports the same name
libpthread.so.0	pthread_attr_getinheritsched	GLIBC_2.2.5	2	forward-same	pthread_attr_getinheritsched	-	runtime exports the same name
libpthread.so.0	pthread_attr_getschedparam	GLIBC_2.2.5	2	forward-same	pthread_attr_getschedparam	-	runtime exports the same name
libpthread.so.0	pthread_attr_getschedpolicy	GLIBC_2.2.5	2	forward-same	pthread_attr_getschedpolicy	-	runtime exports the same name
libpthread.so.0	pthread_attr_getscope	GLIBC_2.2.5	2	forward-same	pthread_attr_getscope	-	runtime exports the same name
libpthread.so.0	pthread_attr_getstack	GLIBC_2.2.5	2	forward-same	pthread_attr_getstack	-	runtime exports the same name
libpthread.so.0	pthread_attr_getstackaddr	GLIBC_2.2.5	2	forward-same	pthread_attr_getstackaddr	-	runtime exports the same name
libpthread.so.0	pthread_attr_getstacksize	GLIBC_2.2.5	2	forward-same	pthread_attr_getstacksize	-	runtime exports the same name
libpthread.so.0	pthread_attr_init	GLIBC_2.2.5	2	forward-same	pthread_attr_init	-	runtime exports the same name
libpthread.so.0	pthread_attr_setaffinity_np	GLIBC_2.3.3	4	stub	-	-	absent from runtime export surface
libpthread.so.0	pthread_attr_setaffinity_np	GLIBC_2.3.4	4	stub	-	-	absent from runtime export surface
libpthread.so.0	pthread_attr_setdetachstate	GLIBC_2.2.5	2	forward-same	pthread_attr_setdetachstate	-	runtime exports the same name
libpthread.so.0	pthread_attr_setguardsize	GLIBC_2.2.5	2	forward-same	pthread_attr_setguardsize	-	runtime exports the same name
libpthread.so.0	pthread_attr_setinheritsched	GLIBC_2.2.5	2	forward-same	pthread_attr_setinheritsched	-	runtime exports the same name
libpthread.so.0	pthread_attr_setschedparam	GLIBC_2.2.5	2	forward-same	pthread_attr_setschedparam	-	runtime exports the same name
libpthread.so.0	pthread_attr_setschedpolicy	GLIBC_2.2.5	2	forward-same	pthread_attr_setschedpolicy	-	runtime exports the same name
libpthread.so.0	pthread_attr_setscope	GLIBC_2.2.5	2	forward-same	pthread_attr_setscope	-	runtime exports the same name
libpthread.so.0	pthread_attr_setstack	GLIBC_2.2.5	2	forward-same	pthread_attr_setstack	-	runtime exports the same name
libpthread.so.0	pthread_attr_setstackaddr	GLIBC_2.2.5	2	forward-same	pthread_attr_setstackaddr	-	runtime exports the same name
libpthread.so.0	pthread_attr_setstacksize	GLIBC_2.2.5	2	forward-same	pthread_attr_setstacksize	-	runtime exports the same name
libpthread.so.0	pthread_barrier_destroy	GLIBC_2.2.5	2	forward-same	pthread_barrier_destroy	-	runtime exports the same name
libpthread.so.0	pthread_barrier_init	GLIBC_2.2.5	2	forward-same	pthread_barrier_init	-	runtime exports the same name
libpthread.so.0	pthread_barrier_wait	GLIBC_2.2.5	2	forward-same	pthread_barrier_wait	-	runtime exports the same name
libpthread.so.0	pthread_barrierattr_destroy	GLIBC_2.2.5	2	forward-same	pthread_barrierattr_destroy	-	runtime exports the same name
libpthread.so.0	pthread_barrierattr_getpshared	GLIBC_2.3.3	2	forward-same	pthread_barrierattr_getpshared	-	runtime exports the same name
libpthread.so.0	pthread_barrierattr_init	GLIBC_2.2.5	2	forward-same	pthread_barrierattr_init	-	runtime exports the same name
libpthread.so.0	pthread_barrierattr_setpshared	GLIBC_2.2.5	2	forward-same	pthread_barrierattr_setpshared	-	runtime exports the same name
libpthread.so.0	pthread_cancel	GLIBC_2.2.5	2	forward-same	pthread_cancel	-	runtime exports the same name
libpthread.so.0	pthread_cond_broadcast	GLIBC_2.2.5	2	forward-same	pthread_cond_broadcast	-	runtime exports the same name
libpthread.so.0	pthread_cond_broadcast	GLIBC_2.3.2	2	forward-same	pthread_cond_broadcast	-	runtime exports the same name
libpthread.so.0	pthread_cond_destroy	GLIBC_2.2.5	2	forward-same	pthread_cond_destroy	-	runtime exports the same name
libpthread.so.0	pthread_cond_destroy	GLIBC_2.3.2	2	forward-same	pthread_cond_destroy	-	runtime exports the same name
libpthread.so.0	pthread_cond_init	GLIBC_2.2.5	2	forward-same	pthread_cond_init	-	runtime exports the same name
libpthread.so.0	pthread_cond_init	GLIBC_2.3.2	2	forward-same	pthread_cond_init	-	runtime exports the same name
libpthread.so.0	pthread_cond_signal	GLIBC_2.2.5	2	forward-same	pthread_cond_signal	-	runtime exports the same name
libpthread.so.0	pthread_cond_signal	GLIBC_2.3.2	2	forward-same	pthread_cond_signal	-	runtime exports the same name
libpthread.so.0	pthread_cond_timedwait	GLIBC_2.2.5	2	forward-same	pthread_cond_timedwait	-	runtime exports the same name
libpthread.so.0	pthread_cond_timedwait	GLIBC_2.3.2	2	forward-same	pthread_cond_timedwait	-	runtime exports the same name
libpthread.so.0	pthread_cond_wait	GLIBC_2.2.5	2	forward-same	pthread_cond_wait	-	runtime exports the same name
libpthread.so.0	pthread_cond_wait	GLIBC_2.3.2	2	forward-same	pthread_cond_wait	-	runtime exports the same name
libpthread.so.0	pthread_condattr_destroy	GLIBC_2.2.5	2	forward-same	pthread_condattr_destroy	-	runtime exports the same name
libpthread.so.0	pthread_condattr_getclock	GLIBC_2.3.3	2	forward-same	pthread_condattr_getclock	-	runtime exports the same name
libpthread.so.0	pthread_condattr_getpshared	GLIBC_2.2.5	2	forward-same	pthread_condattr_getpshared	-	runtime exports the same name
libpthread.so.0	pthread_condattr_init	GLIBC_2.2.5	2	forward-same	pthread_condattr_init	-	runtime exports the same name
libpthread.so.0	pthread_condattr_setclock	GLIBC_2.3.3	2	forward-same	pthread_condattr_setclock	-	runtime exports the same name
libpthread.so.0	pthread_condattr_setpshared	GLIBC_2.2.5	2	forward-same	pthread_condattr_setpshared	-	runtime exports the same name
libpthread.so.0	pthread_create	GLIBC_2.2.5	2	forward-same	pthread_create	-	runtime exports the same name
libpthread.so.0	pthread_detach	GLIBC_2.2.5	2	forward-same	pthread_detach	-	runtime exports the same name
libpthread.so.0	pthread_equal	GLIBC_2.2.5	2	forward-same	pthread_equal	-	runtime exports the same name
libpthread.so.0	pthread_exit	GLIBC_2.2.5	2	forward-same	pthread_exit	-	runtime exports the same name
libpthread.so.0	pthread_getaffinity_np	GLIBC_2.3.3	2	forward-same	pthread_getaffinity_np	-	runtime exports the same name
libpthread.so.0	pthread_getaffinity_np	GLIBC_2.3.4	2	forward-same	pthread_getaffinity_np	-	runtime exports the same name
libpthread.so.0	pthread_getattr_default_np	GLIBC_2.18	4	stub	-	-	absent from runtime export surface
libpthread.so.0	pthread_getattr_np	GLIBC_2.2.5	2	forward-same	pthread_getattr_np	-	runtime exports the same name
libpthread.so.0	pthread_getconcurrency	GLIBC_2.2.5	2	forward-same	pthread_getconcurrency	-	runtime exports the same name
libpthread.so.0	pthread_getcpuclockid	GLIBC_2.2.5	2	forward-same	pthread_getcpuclockid	-	runtime exports the same name
libpthread.so.0	pthread_getname_np	GLIBC_2.12	2	forward-same	pthread_getname_np	-	runtime exports the same name
libpthread.so.0	pthread_getschedparam	GLIBC_2.2.5	2	forward-same	pthread_getschedparam	-	runtime exports the same name
libpthread.so.0	pthread_getspecific	GLIBC_2.2.5	2	forward-same	pthread_getspecific	-	runtime exports the same name
libpthread.so.0	pthread_join	GLIBC_2.2.5	2	forward-same	pthread_join	-	runtime exports the same name
libpthread.so.0	pthread_key_create	GLIBC_2.2.5	2	forward-same	pthread_key_create	-	runtime exports the same name
libpthread.so.0	pthread_key_delete	GLIBC_2.2.5	2	forward-same	pthread_key_delete	-	runtime exports the same name
libpthread.so.0	pthread_kill	GLIBC_2.2.5	2	forward-same	pthread_kill	-	runtime exports the same name
libpthread.so.0	pthread_kill_other_threads_np	GLIBC_2.2.5	4	stub	-	-	absent from runtime export surface
libpthread.so.0	pthread_mutex_consistent	GLIBC_2.12	4	stub	-	-	absent from runtime export surface
libpthread.so.0	pthread_mutex_consistent_np	GLIBC_2.4	4	stub	-	-	absent from runtime export surface
libpthread.so.0	pthread_mutex_destroy	GLIBC_2.2.5	2	forward-same	pthread_mutex_destroy	-	runtime exports the same name
libpthread.so.0	pthread_mutex_getprioceiling	GLIBC_2.4	2	forward-same	pthread_mutex_getprioceiling	-	runtime exports the same name
libpthread.so.0	pthread_mutex_init	GLIBC_2.2.5	2	forward-same	pthread_mutex_init	-	runtime exports the same name
libpthread.so.0	pthread_mutex_lock	GLIBC_2.2.5	2	forward-same	pthread_mutex_lock	-	runtime exports the same name
libpthread.so.0	pthread_mutex_setprioceiling	GLIBC_2.4	2	forward-same	pthread_mutex_setprioceiling	-	runtime exports the same name
libpthread.so.0	pthread_mutex_timedlock	GLIBC_2.2.5	2	forward-same	pthread_mutex_timedlock	-	runtime exports the same name
libpthread.so.0	pthread_mutex_trylock	GLIBC_2.2.5	2	forward-same	pthread_mutex_trylock	-	runtime exports the same name
libpthread.so.0	pthread_mutex_unlock	GLIBC_2.2.5	2	forward-same	pthread_mutex_unlock	-	runtime exports the same name
libpthread.so.0	pthread_mutexattr_destroy	GLIBC_2.2.5	2	forward-same	pthread_mutexattr_destroy	-	runtime exports the same name
libpthread.so.0	pthread_mutexattr_getkind_np	GLIBC_2.2.5	4	stub	-	-	absent from runtime export surface
libpthread.so.0	pthread_mutexattr_getprioceiling	GLIBC_2.4	2	forward-same	pthread_mutexattr_getprioceiling	-	runtime exports the same name
libpthread.so.0	pthread_mutexattr_getprotocol	GLIBC_2.4	2	forward-same	pthread_mutexattr_getprotocol	-	runtime exports the same name
libpthread.so.0	pthread_mutexattr_getpshared	GLIBC_2.2.5	2	forward-same	pthread_mutexattr_getpshared	-	runtime exports the same name
libpthread.so.0	pthread_mutexattr_getrobust	GLIBC_2.12	4	stub	-	-	absent from runtime export surface
libpthread.so.0	pthread_mutexattr_getrobust_np	GLIBC_2.4	4	stub	-	-	absent from runtime export surface
libpthread.so.0	pthread_mutexattr_gettype	GLIBC_2.2.5	2	forward-same	pthread_mutexattr_gettype	-	runtime exports the same name
libpthread.so.0	pthread_mutexattr_init	GLIBC_2.2.5	2	forward-same	pthread_mutexattr_init	-	runtime exports the same name
libpthread.so.0	pthread_mutexattr_setkind_np	GLIBC_2.2.5	4	stub	-	-	absent from runtime export surface
libpthread.so.0	pthread_mutexattr_setprioceiling	GLIBC_2.4	2	forward-same	pthread_mutexattr_setprioceiling	-	runtime exports the same name
libpthread.so.0	pthread_mutexattr_setprotocol	GLIBC_2.4	2	forward-same	pthread_mutexattr_setprotocol	-	runtime exports the same name
libpthread.so.0	pthread_mutexattr_setpshared	GLIBC_2.2.5	2	forward-same	pthread_mutexattr_setpshared	-	runtime exports the same name
libpthread.so.0	pthread_mutexattr_setrobust	GLIBC_2.12	4	stub	-	-	absent from runtime export surface
libpthread.so.0	pthread_mutexattr_setrobust_np	GLIBC_2.4	4	stub	-	-	absent from runtime export surface
libpthread.so.0	pthread_mutexattr_settype	GLIBC_2.2.5	2	forward-same	pthread_mutexattr_settype	-	runtime exports the same name
libpthread.so.0	pthread_once	GLIBC_2.2.5	2	forward-same	pthread_once	-	runtime exports the same name
libpthread.so.0	pthread_rwlock_destroy	GLIBC_2.2.5	2	forward-same	pthread_rwlock_destroy	-	runtime exports the same name
libpthread.so.0	pthread_rwlock_init	GLIBC_2.2.5	2	forward-same	pthread_rwlock_init	-	runtime exports the same name
libpthread.so.0	pthread_rwlock_rdlock	GLIBC_2.2.5	2	forward-same	pthread_rwlock_rdlock	-	runtime exports the same name
libpthread.so.0	pthread_rwlock_timedrdlock	GLIBC_2.2.5	2	forward-same	pthread_rwlock_timedrdlock	-	runtime exports the same name
libpthread.so.0	pthread_rwlock_timedwrlock	GLIBC_2.2.5	2	forward-same	pthread_rwlock_timedwrlock	-	runtime exports the same name
libpthread.so.0	pthread_rwlock_tryrdlock	GLIBC_2.2.5	2	forward-same	pthread_rwlock_tryrdlock	-	runtime exports the same name
libpthread.so.0	pthread_rwlock_trywrlock	GLIBC_2.2.5	2	forward-same	pthread_rwlock_trywrlock	-	runtime exports the same name
libpthread.so.0	pthread_rwlock_unlock	GLIBC_2.2.5	2	forward-same	pthread_rwlock_unlock	-	runtime exports the same name
libpthread.so.0	pthread_rwlock_wrlock	GLIBC_2.2.5	2	forward-same	pthread_rwlock_wrlock	-	runtime exports the same name
libpthread.so.0	pthread_rwlockattr_destroy	GLIBC_2.2.5	2	forward-same	pthread_rwlockattr_destroy	-	runtime exports the same name
libpthread.so.0	pthread_rwlockattr_getkind_np	GLIBC_2.2.5	4	stub	-	-	absent from runtime export surface
libpthread.so.0	pthread_rwlockattr_getpshared	GLIBC_2.2.5	2	forward-same	pthread_rwlockattr_getpshared	-	runtime exports the same name
libpthread.so.0	pthread_rwlockattr_init	GLIBC_2.2.5	2	forward-same	pthread_rwlockattr_init	-	runtime exports the same name
libpthread.so.0	pthread_rwlockattr_setkind_np	GLIBC_2.2.5	4	stub	-	-	absent from runtime export surface
libpthread.so.0	pthread_rwlockattr_setpshared	GLIBC_2.2.5	2	forward-same	pthread_rwlockattr_setpshared	-	runtime exports the same name
libpthread.so.0	pthread_self	GLIBC_2.2.5	2	forward-same	pthread_self	-	runtime exports the same name
libpthread.so.0	pthread_setaffinity_np	GLIBC_2.3.3	2	forward-same	pthread_setaffinity_np	-	runtime exports the same name
libpthread.so.0	pthread_setaffinity_np	GLIBC_2.3.4	2	forward-same	pthread_setaffinity_np	-	runtime exports the same name
libpthread.so.0	pthread_setattr_default_np	GLIBC_2.18	4	stub	-	-	absent from runtime export surface
libpthread.so.0	pthread_setcancelstate	GLIBC_2.2.5	2	forward-same	pthread_setcancelstate	-	runtime exports the same name
libpthread.so.0	pthread_setcanceltype	GLIBC_2.2.5	2	forward-same	pthread_setcanceltype	-	runtime exports the same name
libpthread.so.0	pthread_setconcurrency	GLIBC_2.2.5	2	forward-same	pthread_setconcurrency	-	runtime exports the same name
libpthread.so.0	pthread_setname_np	GLIBC_2.12	2	forward-same	pthread_setname_np	-	runtime exports the same name
libpthread.so.0	pthread_setschedparam	GLIBC_2.2.5	2	forward-same	pthread_setschedparam	-	runtime exports the same name
libpthread.so.0	pthread_setschedprio	GLIBC_2.3.4	2	forward-same	pthread_setschedprio	-	runtime exports the same name
libpthread.so.0	pthread_setspecific	GLIBC_2.2.5	2	forward-same	pthread_setspecific	-	runtime exports the same name
libpthread.so.0	pthread_sigmask	GLIBC_2.2.5	3	shim	pthread_sigmask	review	sigset_t layout and signal numbers differ; shim
libpthread.so.0	pthread_sigqueue	GLIBC_2.11	2	forward-same	pthread_sigqueue	-	runtime exports the same name
libpthread.so.0	pthread_spin_destroy	GLIBC_2.2.5	2	forward-same	pthread_spin_destroy	-	runtime exports the same name
libpthread.so.0	pthread_spin_init	GLIBC_2.2.5	2	forward-same	pthread_spin_init	-	runtime exports the same name
libpthread.so.0	pthread_spin_lock	GLIBC_2.2.5	2	forward-same	pthread_spin_lock	-	runtime exports the same name
libpthread.so.0	pthread_spin_trylock	GLIBC_2.2.5	2	forward-same	pthread_spin_trylock	-	runtime exports the same name
libpthread.so.0	pthread_spin_unlock	GLIBC_2.2.5	2	forward-same	pthread_spin_unlock	-	runtime exports the same name
libpthread.so.0	pthread_testcancel	GLIBC_2.2.5	2	forward-same	pthread_testcancel	-	runtime exports the same name
libpthread.so.0	pthread_timedjoin_np	GLIBC_2.3.3	2	forward-same	pthread_timedjoin_np	-	runtime exports the same name
libpthread.so.0	pthread_tryjoin_np	GLIBC_2.3.3	2	forward-same	pthread_tryjoin_np	-	runtime exports the same name
libpthread.so.0	pthread_yield	GLIBC_2.2.5	2	forward-same	pthread_yield	-	runtime exports the same name
libpthread.so.0	pwrite	GLIBC_2.2.5	2	forward-same	pwrite	-	runtime exports the same name
libpthread.so.0	pwrite64	GLIBC_2.2.5	1	forward-alias	pwrite	-	LFS 64-bit variant; on LP64 aliases pwrite
libpthread.so.0	raise	GLIBC_2.2.5	2	forward-same	raise	-	runtime exports the same name
libpthread.so.0	read	GLIBC_2.2.5	2	forward-same	read	-	runtime exports the same name
libpthread.so.0	recv	GLIBC_2.2.5	2	forward-same	recv	-	runtime exports the same name
libpthread.so.0	recvfrom	GLIBC_2.2.5	2	forward-same	recvfrom	-	runtime exports the same name
libpthread.so.0	recvmsg	GLIBC_2.2.5	2	forward-same	recvmsg	-	runtime exports the same name
libpthread.so.0	sem_close	GLIBC_2.2.5	2	forward-same	sem_close	-	runtime exports the same name
libpthread.so.0	sem_destroy	GLIBC_2.2.5	2	forward-same	sem_destroy	-	runtime exports the same name
libpthread.so.0	sem_getvalue	GLIBC_2.2.5	2	forward-same	sem_getvalue	-	runtime exports the same name
libpthread.so.0	sem_init	GLIBC_2.2.5	2	forward-same	sem_init	-	runtime exports the same name
libpthread.so.0	sem_open	GLIBC_2.2.5	2	forward-same	sem_open	-	runtime exports the same name
libpthread.so.0	sem_post	GLIBC_2.2.5	2	forward-same	sem_post	-	runtime exports the same name
libpthread.so.0	sem_timedwait	GLIBC_2.2.5	2	forward-same	sem_timedwait	-	runtime exports the same name
libpthread.so.0	sem_trywait	GLIBC_2.2.5	2	forward-same	sem_trywait	-	runtime exports the same name
libpthread.so.0	sem_unlink	GLIBC_2.2.5	2	forward-same	sem_unlink	-	runtime exports the same name
libpthread.so.0	sem_wait	GLIBC_2.2.5	2	forward-same	sem_wait	-	runtime exports the same name
libpthread.so.0	send	GLIBC_2.2.5	2	forward-same	send	-	runtime exports the same name
libpthread.so.0	sendmsg	GLIBC_2.2.5	2	forward-same	sendmsg	-	runtime exports the same name
libpthread.so.0	sendto	GLIBC_2.2.5	2	forward-same	sendto	-	runtime exports the same name
libpthread.so.0	sigaction	GLIBC_2.2.5	3	shim	sigaction	review	struct sigaction / sigset_t layout and signal numbers differ; shim
libpthread.so.0	siglongjmp	GLIBC_2.2.5	3	shim	siglongjmp	review	sigjmp_buf / sigset layout differs; shim
libpthread.so.0	sigwait	GLIBC_2.2.5	2	forward-same	sigwait	-	runtime exports the same name
libpthread.so.0	system	GLIBC_2.2.5	2	forward-same	system	-	runtime exports the same name
libpthread.so.0	tcdrain	GLIBC_2.2.5	2	forward-same	tcdrain	-	runtime exports the same name
libpthread.so.0	thrd_create	GLIBC_2.28	2	forward-same	thrd_create	-	runtime exports the same name
libpthread.so.0	thrd_detach	GLIBC_2.28	2	forward-same	thrd_detach	-	runtime exports the same name
libpthread.so.0	thrd_exit	GLIBC_2.28	2	forward-same	thrd_exit	-	runtime exports the same name
libpthread.so.0	thrd_join	GLIBC_2.28	2	forward-same	thrd_join	-	runtime exports the same name
libpthread.so.0	tss_create	GLIBC_2.28	2	forward-same	tss_create	-	runtime exports the same name
libpthread.so.0	tss_delete	GLIBC_2.28	2	forward-same	tss_delete	-	runtime exports the same name
libpthread.so.0	tss_get	GLIBC_2.28	2	forward-same	tss_get	-	runtime exports the same name
libpthread.so.0	tss_set	GLIBC_2.28	2	forward-same	tss_set	-	runtime exports the same name
libpthread.so.0	wait	GLIBC_2.2.5	2	forward-same	wait	-	runtime exports the same name
libpthread.so.0	waitpid	GLIBC_2.2.5	2	forward-same	waitpid	-	runtime exports the same name
libpthread.so.0	write	GLIBC_2.2.5	2	forward-same	write	-	runtime exports the same name
libdl.so.2	GLIBC_2.2.5	GLIBC_2.2.5	scaffold	scaffold	-	-	version-node identity object (WP-53 scaffold)
libdl.so.2	GLIBC_2.3.3	GLIBC_2.3.3	scaffold	scaffold	-	-	version-node identity object (WP-53 scaffold)
libdl.so.2	GLIBC_2.3.4	GLIBC_2.3.4	scaffold	scaffold	-	-	version-node identity object (WP-53 scaffold)
libdl.so.2	GLIBC_PRIVATE	GLIBC_PRIVATE	scaffold	scaffold	-	-	version-node identity object (WP-53 scaffold)
libdl.so.2	_dlfcn_hook	GLIBC_PRIVATE	4	stub	-	-	absent from runtime export surface
libdl.so.2	dladdr	GLIBC_2.2.5	2	forward-same	dladdr	-	runtime exports the same name
libdl.so.2	dladdr1	GLIBC_2.3.3	4	stub	-	-	absent from runtime export surface
libdl.so.2	dlclose	GLIBC_2.2.5	2	forward-same	dlclose	-	runtime exports the same name
libdl.so.2	dlerror	GLIBC_2.2.5	2	forward-same	dlerror	-	runtime exports the same name
libdl.so.2	dlinfo	GLIBC_2.3.3	4	stub	-	-	absent from runtime export surface
libdl.so.2	dlmopen	GLIBC_2.3.4	4	stub	-	-	absent from runtime export surface
libdl.so.2	dlopen	GLIBC_2.2.5	2	forward-same	dlopen	-	runtime exports the same name
libdl.so.2	dlsym	GLIBC_2.2.5	2	forward-same	dlsym	-	runtime exports the same name
libdl.so.2	dlvsym	GLIBC_2.2.5	4	stub	-	-	absent from runtime export surface
librt.so.1	GLIBC_2.2.5	GLIBC_2.2.5	scaffold	scaffold	-	-	version-node identity object (WP-53 scaffold)
librt.so.1	GLIBC_2.3.3	GLIBC_2.3.3	scaffold	scaffold	-	-	version-node identity object (WP-53 scaffold)
librt.so.1	GLIBC_2.3.4	GLIBC_2.3.4	scaffold	scaffold	-	-	version-node identity object (WP-53 scaffold)
librt.so.1	GLIBC_2.4	GLIBC_2.4	scaffold	scaffold	-	-	version-node identity object (WP-53 scaffold)
librt.so.1	GLIBC_2.7	GLIBC_2.7	scaffold	scaffold	-	-	version-node identity object (WP-53 scaffold)
librt.so.1	__mq_open_2	GLIBC_2.7	4	stub	-	-	absent from runtime export surface
librt.so.1	aio_cancel	GLIBC_2.2.5	2	forward-same	aio_cancel	-	runtime exports the same name
librt.so.1	aio_cancel64	GLIBC_2.2.5	1	forward-alias	aio_cancel	-	LFS 64-bit variant; on LP64 aliases aio_cancel
librt.so.1	aio_error	GLIBC_2.2.5	2	forward-same	aio_error	-	runtime exports the same name
librt.so.1	aio_error64	GLIBC_2.2.5	1	forward-alias	aio_error	-	LFS 64-bit variant; on LP64 aliases aio_error
librt.so.1	aio_fsync	GLIBC_2.2.5	2	forward-same	aio_fsync	-	runtime exports the same name
librt.so.1	aio_fsync64	GLIBC_2.2.5	1	forward-alias	aio_fsync	-	LFS 64-bit variant; on LP64 aliases aio_fsync
librt.so.1	aio_init	GLIBC_2.2.5	4	stub	-	-	absent from runtime export surface
librt.so.1	aio_read	GLIBC_2.2.5	2	forward-same	aio_read	-	runtime exports the same name
librt.so.1	aio_read64	GLIBC_2.2.5	1	forward-alias	aio_read	-	LFS 64-bit variant; on LP64 aliases aio_read
librt.so.1	aio_return	GLIBC_2.2.5	2	forward-same	aio_return	-	runtime exports the same name
librt.so.1	aio_return64	GLIBC_2.2.5	1	forward-alias	aio_return	-	LFS 64-bit variant; on LP64 aliases aio_return
librt.so.1	aio_suspend	GLIBC_2.2.5	2	forward-same	aio_suspend	-	runtime exports the same name
librt.so.1	aio_suspend64	GLIBC_2.2.5	1	forward-alias	aio_suspend	-	LFS 64-bit variant; on LP64 aliases aio_suspend
librt.so.1	aio_write	GLIBC_2.2.5	2	forward-same	aio_write	-	runtime exports the same name
librt.so.1	aio_write64	GLIBC_2.2.5	1	forward-alias	aio_write	-	LFS 64-bit variant; on LP64 aliases aio_write
librt.so.1	lio_listio	GLIBC_2.2.5	2	forward-same	lio_listio	-	runtime exports the same name
librt.so.1	lio_listio	GLIBC_2.4	2	forward-same	lio_listio	-	runtime exports the same name
librt.so.1	lio_listio64	GLIBC_2.2.5	1	forward-alias	lio_listio	-	LFS 64-bit variant; on LP64 aliases lio_listio
librt.so.1	lio_listio64	GLIBC_2.4	1	forward-alias	lio_listio	-	LFS 64-bit variant; on LP64 aliases lio_listio
librt.so.1	mq_close	GLIBC_2.3.4	2	forward-same	mq_close	-	runtime exports the same name
librt.so.1	mq_getattr	GLIBC_2.3.4	2	forward-same	mq_getattr	-	runtime exports the same name
librt.so.1	mq_notify	GLIBC_2.3.4	2	forward-same	mq_notify	-	runtime exports the same name
librt.so.1	mq_open	GLIBC_2.3.4	2	forward-same	mq_open	-	runtime exports the same name
librt.so.1	mq_receive	GLIBC_2.3.4	2	forward-same	mq_receive	-	runtime exports the same name
librt.so.1	mq_send	GLIBC_2.3.4	2	forward-same	mq_send	-	runtime exports the same name
librt.so.1	mq_setattr	GLIBC_2.3.4	2	forward-same	mq_setattr	-	runtime exports the same name
librt.so.1	mq_timedreceive	GLIBC_2.3.4	2	forward-same	mq_timedreceive	-	runtime exports the same name
librt.so.1	mq_timedsend	GLIBC_2.3.4	2	forward-same	mq_timedsend	-	runtime exports the same name
librt.so.1	mq_unlink	GLIBC_2.3.4	2	forward-same	mq_unlink	-	runtime exports the same name
librt.so.1	shm_open	GLIBC_2.2.5	2	forward-same	shm_open	-	runtime exports the same name
librt.so.1	shm_unlink	GLIBC_2.2.5	2	forward-same	shm_unlink	-	runtime exports the same name
librt.so.1	timer_create	GLIBC_2.2.5	2	forward-same	timer_create	-	runtime exports the same name
librt.so.1	timer_create	GLIBC_2.3.3	2	forward-same	timer_create	-	runtime exports the same name
librt.so.1	timer_delete	GLIBC_2.2.5	2	forward-same	timer_delete	-	runtime exports the same name
librt.so.1	timer_delete	GLIBC_2.3.3	2	forward-same	timer_delete	-	runtime exports the same name
librt.so.1	timer_getoverrun	GLIBC_2.2.5	2	forward-same	timer_getoverrun	-	runtime exports the same name
librt.so.1	timer_getoverrun	GLIBC_2.3.3	2	forward-same	timer_getoverrun	-	runtime exports the same name
librt.so.1	timer_gettime	GLIBC_2.2.5	2	forward-same	timer_gettime	-	runtime exports the same name
librt.so.1	timer_gettime	GLIBC_2.3.3	2	forward-same	timer_gettime	-	runtime exports the same name
librt.so.1	timer_settime	GLIBC_2.2.5	2	forward-same	timer_settime	-	runtime exports the same name
librt.so.1	timer_settime	GLIBC_2.3.3	2	forward-same	timer_settime	-	runtime exports the same name
libcrypt.so.1	GLIBC_2.2.5	GLIBC_2.2.5	scaffold	scaffold	-	-	version-node identity object (WP-53 scaffold)
libcrypt.so.1	XCRYPT_2.0	XCRYPT_2.0	scaffold	scaffold	-	-	version-node identity object (WP-53 scaffold)
libcrypt.so.1	crypt	GLIBC_2.2.5	4	stub	-	-	absent from runtime export surface
libcrypt.so.1	crypt	XCRYPT_2.0	4	stub	-	-	absent from runtime export surface
libcrypt.so.1	crypt_gensalt	XCRYPT_2.0	4	stub	-	-	absent from runtime export surface
libcrypt.so.1	crypt_gensalt_ra	XCRYPT_2.0	4	stub	-	-	absent from runtime export surface
libcrypt.so.1	crypt_gensalt_rn	XCRYPT_2.0	4	stub	-	-	absent from runtime export surface
libcrypt.so.1	crypt_r	GLIBC_2.2.5	4	stub	-	-	absent from runtime export surface
libcrypt.so.1	crypt_r	XCRYPT_2.0	4	stub	-	-	absent from runtime export surface
libcrypt.so.1	crypt_ra	XCRYPT_2.0	4	stub	-	-	absent from runtime export surface
libcrypt.so.1	crypt_rn	XCRYPT_2.0	4	stub	-	-	absent from runtime export surface
libcrypt.so.1	encrypt	GLIBC_2.2.5	4	stub	-	-	absent from runtime export surface
libcrypt.so.1	encrypt_r	GLIBC_2.2.5	4	stub	-	-	absent from runtime export surface
libcrypt.so.1	fcrypt	GLIBC_2.2.5	4	stub	-	-	absent from runtime export surface
libcrypt.so.1	setkey	GLIBC_2.2.5	4	stub	-	-	absent from runtime export surface
libcrypt.so.1	setkey_r	GLIBC_2.2.5	4	stub	-	-	absent from runtime export surface
libresolv.so.2	GLIBC_2.2.5	GLIBC_2.2.5	scaffold	scaffold	-	-	version-node identity object (WP-53 scaffold)
libresolv.so.2	GLIBC_2.3.2	GLIBC_2.3.2	scaffold	scaffold	-	-	version-node identity object (WP-53 scaffold)
libresolv.so.2	GLIBC_2.9	GLIBC_2.9	scaffold	scaffold	-	-	version-node identity object (WP-53 scaffold)
libresolv.so.2	GLIBC_PRIVATE	GLIBC_PRIVATE	scaffold	scaffold	-	-	version-node identity object (WP-53 scaffold)
libresolv.so.2	__b64_ntop	GLIBC_2.2.5	2	forward-same	__b64_ntop	-	runtime exports the same name
libresolv.so.2	__b64_pton	GLIBC_2.2.5	2	forward-same	__b64_pton	-	runtime exports the same name
libresolv.so.2	__dn_comp	GLIBC_2.2.5	2	forward-same	__dn_comp	-	runtime exports the same name
libresolv.so.2	__dn_count_labels	GLIBC_2.2.5	4	stub	-	-	absent from runtime export surface
libresolv.so.2	__dn_expand	GLIBC_2.2.5	2	forward-same	__dn_expand	-	runtime exports the same name
libresolv.so.2	__dn_skipname	GLIBC_2.2.5	2	forward-same	__dn_skipname	-	runtime exports the same name
libresolv.so.2	__fp_nquery	GLIBC_2.2.5	4	stub	-	-	absent from runtime export surface
libresolv.so.2	__fp_query	GLIBC_2.2.5	4	stub	-	-	absent from runtime export surface
libresolv.so.2	__fp_resstat	GLIBC_2.2.5	4	stub	-	-	absent from runtime export surface
libresolv.so.2	__hostalias	GLIBC_2.2.5	4	stub	-	-	absent from runtime export surface
libresolv.so.2	__loc_aton	GLIBC_2.2.5	4	stub	-	-	absent from runtime export surface
libresolv.so.2	__loc_ntoa	GLIBC_2.2.5	4	stub	-	-	absent from runtime export surface
libresolv.so.2	__ns_get16	GLIBC_PRIVATE	4	stub	-	-	absent from runtime export surface
libresolv.so.2	__ns_get32	GLIBC_PRIVATE	4	stub	-	-	absent from runtime export surface
libresolv.so.2	__ns_name_ntop	GLIBC_PRIVATE	4	stub	-	-	absent from runtime export surface
libresolv.so.2	__ns_name_unpack	GLIBC_PRIVATE	4	stub	-	-	absent from runtime export surface
libresolv.so.2	__p_cdname	GLIBC_2.2.5	4	stub	-	-	absent from runtime export surface
libresolv.so.2	__p_cdnname	GLIBC_2.2.5	4	stub	-	-	absent from runtime export surface
libresolv.so.2	__p_class	GLIBC_2.2.5	4	stub	-	-	absent from runtime export surface
libresolv.so.2	__p_class_syms	GLIBC_2.2.5	4	stub	-	-	absent from runtime export surface
libresolv.so.2	__p_fqname	GLIBC_2.2.5	4	stub	-	-	absent from runtime export surface
libresolv.so.2	__p_fqnname	GLIBC_2.2.5	4	stub	-	-	absent from runtime export surface
libresolv.so.2	__p_option	GLIBC_2.2.5	4	stub	-	-	absent from runtime export surface
libresolv.so.2	__p_query	GLIBC_2.2.5	4	stub	-	-	absent from runtime export surface
libresolv.so.2	__p_rcode	GLIBC_2.3.2	4	stub	-	-	absent from runtime export surface
libresolv.so.2	__p_secstodate	GLIBC_2.2.5	4	stub	-	-	absent from runtime export surface
libresolv.so.2	__p_time	GLIBC_2.2.5	4	stub	-	-	absent from runtime export surface
libresolv.so.2	__p_type	GLIBC_2.2.5	4	stub	-	-	absent from runtime export surface
libresolv.so.2	__p_type_syms	GLIBC_2.2.5	4	stub	-	-	absent from runtime export surface
libresolv.so.2	__putlong	GLIBC_2.2.5	4	stub	-	-	absent from runtime export surface
libresolv.so.2	__putshort	GLIBC_2.2.5	4	stub	-	-	absent from runtime export surface
libresolv.so.2	__res_close	GLIBC_2.2.5	2	forward-same	__res_close	-	runtime exports the same name
libresolv.so.2	__res_context_hostalias	GLIBC_PRIVATE	4	stub	-	-	absent from runtime export surface
libresolv.so.2	__res_context_query	GLIBC_PRIVATE	4	stub	-	-	absent from runtime export surface
libresolv.so.2	__res_context_search	GLIBC_PRIVATE	4	stub	-	-	absent from runtime export surface
libresolv.so.2	__res_dnok	GLIBC_2.2.5	4	stub	-	-	absent from runtime export surface
libresolv.so.2	__res_hnok	GLIBC_2.2.5	4	stub	-	-	absent from runtime export surface
libresolv.so.2	__res_hostalias	GLIBC_2.2.5	4	stub	-	-	absent from runtime export surface
libresolv.so.2	__res_isourserver	GLIBC_2.2.5	4	stub	-	-	absent from runtime export surface
libresolv.so.2	__res_mailok	GLIBC_2.2.5	4	stub	-	-	absent from runtime export surface
libresolv.so.2	__res_mkquery	GLIBC_2.2.5	2	forward-same	__res_mkquery	-	runtime exports the same name
libresolv.so.2	__res_nameinquery	GLIBC_2.2.5	4	stub	-	-	absent from runtime export surface
libresolv.so.2	__res_nmkquery	GLIBC_2.2.5	2	forward-same	__res_nmkquery	-	runtime exports the same name
libresolv.so.2	__res_nquery	GLIBC_2.2.5	2	forward-same	__res_nquery	-	runtime exports the same name
libresolv.so.2	__res_nquerydomain	GLIBC_2.2.5	2	forward-same	__res_nquerydomain	-	runtime exports the same name
libresolv.so.2	__res_nsearch	GLIBC_2.2.5	2	forward-same	__res_nsearch	-	runtime exports the same name
libresolv.so.2	__res_nsend	GLIBC_2.2.5	2	forward-same	__res_nsend	-	runtime exports the same name
libresolv.so.2	__res_ownok	GLIBC_2.2.5	4	stub	-	-	absent from runtime export surface
libresolv.so.2	__res_queriesmatch	GLIBC_2.2.5	4	stub	-	-	absent from runtime export surface
libresolv.so.2	__res_query	GLIBC_2.2.5	2	forward-same	__res_query	-	runtime exports the same name
libresolv.so.2	__res_querydomain	GLIBC_2.2.5	2	forward-same	__res_querydomain	-	runtime exports the same name
libresolv.so.2	__res_search	GLIBC_2.2.5	2	forward-same	__res_search	-	runtime exports the same name
libresolv.so.2	__res_send	GLIBC_2.2.5	2	forward-same	__res_send	-	runtime exports the same name
libresolv.so.2	__sym_ntop	GLIBC_2.2.5	4	stub	-	-	absent from runtime export surface
libresolv.so.2	__sym_ntos	GLIBC_2.2.5	4	stub	-	-	absent from runtime export surface
libresolv.so.2	__sym_ston	GLIBC_2.2.5	4	stub	-	-	absent from runtime export surface
libresolv.so.2	_gethtbyaddr	GLIBC_2.2.5	4	stub	-	-	absent from runtime export surface
libresolv.so.2	_gethtbyname	GLIBC_2.2.5	4	stub	-	-	absent from runtime export surface
libresolv.so.2	_gethtbyname2	GLIBC_2.2.5	4	stub	-	-	absent from runtime export surface
libresolv.so.2	_gethtent	GLIBC_2.2.5	4	stub	-	-	absent from runtime export surface
libresolv.so.2	_getlong	GLIBC_2.2.5	4	stub	-	-	absent from runtime export surface
libresolv.so.2	_getshort	GLIBC_2.2.5	4	stub	-	-	absent from runtime export surface
libresolv.so.2	_res_opcodes	GLIBC_2.2.5	4	stub	-	-	absent from runtime export surface
libresolv.so.2	_sethtent	GLIBC_2.2.5	4	stub	-	-	absent from runtime export surface
libresolv.so.2	inet_net_ntop	GLIBC_2.2.5	4	stub	-	-	absent from runtime export surface
libresolv.so.2	inet_net_pton	GLIBC_2.2.5	4	stub	-	-	absent from runtime export surface
libresolv.so.2	inet_neta	GLIBC_2.2.5	4	stub	-	-	absent from runtime export surface
libresolv.so.2	ns_datetosecs	GLIBC_2.9	4	stub	-	-	absent from runtime export surface
libresolv.so.2	ns_format_ttl	GLIBC_2.9	4	stub	-	-	absent from runtime export surface
libresolv.so.2	ns_get16	GLIBC_2.9	4	stub	-	-	absent from runtime export surface
libresolv.so.2	ns_get32	GLIBC_2.9	4	stub	-	-	absent from runtime export surface
libresolv.so.2	ns_initparse	GLIBC_2.9	4	stub	-	-	absent from runtime export surface
libresolv.so.2	ns_makecanon	GLIBC_2.9	4	stub	-	-	absent from runtime export surface
libresolv.so.2	ns_msg_getflag	GLIBC_2.9	4	stub	-	-	absent from runtime export surface
libresolv.so.2	ns_name_compress	GLIBC_2.9	4	stub	-	-	absent from runtime export surface
libresolv.so.2	ns_name_ntol	GLIBC_2.9	4	stub	-	-	absent from runtime export surface
libresolv.so.2	ns_name_ntop	GLIBC_2.9	4	stub	-	-	absent from runtime export surface
libresolv.so.2	ns_name_pack	GLIBC_2.9	4	stub	-	-	absent from runtime export surface
libresolv.so.2	ns_name_pton	GLIBC_2.9	4	stub	-	-	absent from runtime export surface
libresolv.so.2	ns_name_rollback	GLIBC_2.9	4	stub	-	-	absent from runtime export surface
libresolv.so.2	ns_name_skip	GLIBC_2.9	4	stub	-	-	absent from runtime export surface
libresolv.so.2	ns_name_uncompress	GLIBC_2.9	4	stub	-	-	absent from runtime export surface
libresolv.so.2	ns_name_unpack	GLIBC_2.9	4	stub	-	-	absent from runtime export surface
libresolv.so.2	ns_parse_ttl	GLIBC_2.9	4	stub	-	-	absent from runtime export surface
libresolv.so.2	ns_parserr	GLIBC_2.9	4	stub	-	-	absent from runtime export surface
libresolv.so.2	ns_put16	GLIBC_2.9	4	stub	-	-	absent from runtime export surface
libresolv.so.2	ns_put32	GLIBC_2.9	4	stub	-	-	absent from runtime export surface
libresolv.so.2	ns_samedomain	GLIBC_2.9	4	stub	-	-	absent from runtime export surface
libresolv.so.2	ns_samename	GLIBC_2.9	4	stub	-	-	absent from runtime export surface
libresolv.so.2	ns_skiprr	GLIBC_2.9	4	stub	-	-	absent from runtime export surface
libresolv.so.2	ns_sprintrr	GLIBC_2.9	4	stub	-	-	absent from runtime export surface
libresolv.so.2	ns_sprintrrf	GLIBC_2.9	4	stub	-	-	absent from runtime export surface
libresolv.so.2	ns_subdomain	GLIBC_2.9	4	stub	-	-	absent from runtime export surface
libresolv.so.2	res_gethostbyaddr	GLIBC_2.2.5	4	stub	-	-	absent from runtime export surface
libresolv.so.2	res_gethostbyname	GLIBC_2.2.5	4	stub	-	-	absent from runtime export surface
libresolv.so.2	res_gethostbyname2	GLIBC_2.2.5	4	stub	-	-	absent from runtime export surface
libresolv.so.2	res_send_setqhook	GLIBC_2.2.5	4	stub	-	-	absent from runtime export surface
libresolv.so.2	res_send_setrhook	GLIBC_2.2.5	4	stub	-	-	absent from runtime export surface
libnsl.so.1	GLIBC_2.2.5	GLIBC_2.2.5	scaffold	scaffold	-	-	version-node identity object (WP-53 scaffold)
libnsl.so.1	GLIBC_PRIVATE	GLIBC_PRIVATE	scaffold	scaffold	-	-	version-node identity object (WP-53 scaffold)
libnsl.so.1	__create_ib_request	GLIBC_PRIVATE	4	stub	-	-	absent from runtime export surface
libnsl.so.1	__do_niscall3	GLIBC_PRIVATE	4	stub	-	-	absent from runtime export surface
libnsl.so.1	__follow_path	GLIBC_PRIVATE	4	stub	-	-	absent from runtime export surface
libnsl.so.1	__free_fdresult	GLIBC_2.2.5	4	stub	-	-	absent from runtime export surface
libnsl.so.1	__nis_default_access	GLIBC_2.2.5	4	stub	-	-	absent from runtime export surface
libnsl.so.1	__nis_default_group	GLIBC_2.2.5	4	stub	-	-	absent from runtime export surface
libnsl.so.1	__nis_default_owner	GLIBC_2.2.5	4	stub	-	-	absent from runtime export surface
libnsl.so.1	__nis_default_ttl	GLIBC_2.2.5	4	stub	-	-	absent from runtime export surface
libnsl.so.1	__nis_finddirectory	GLIBC_2.2.5	4	stub	-	-	absent from runtime export surface
libnsl.so.1	__nis_hash	GLIBC_2.2.5	4	stub	-	-	absent from runtime export surface
libnsl.so.1	__nisbind_connect	GLIBC_2.2.5	4	stub	-	-	absent from runtime export surface
libnsl.so.1	__nisbind_create	GLIBC_2.2.5	4	stub	-	-	absent from runtime export surface
libnsl.so.1	__nisbind_destroy	GLIBC_2.2.5	4	stub	-	-	absent from runtime export surface
libnsl.so.1	__nisbind_next	GLIBC_2.2.5	4	stub	-	-	absent from runtime export surface
libnsl.so.1	__prepare_niscall	GLIBC_PRIVATE	4	stub	-	-	absent from runtime export surface
libnsl.so.1	__yp_check	GLIBC_2.2.5	4	stub	-	-	absent from runtime export surface
libnsl.so.1	_xdr_ib_request	GLIBC_PRIVATE	4	stub	-	-	absent from runtime export surface
libnsl.so.1	_xdr_nis_result	GLIBC_PRIVATE	4	stub	-	-	absent from runtime export surface
libnsl.so.1	nis_add	GLIBC_2.2.5	4	stub	-	-	absent from runtime export surface
libnsl.so.1	nis_add_entry	GLIBC_2.2.5	4	stub	-	-	absent from runtime export surface
libnsl.so.1	nis_addmember	GLIBC_2.2.5	4	stub	-	-	absent from runtime export surface
libnsl.so.1	nis_checkpoint	GLIBC_2.2.5	4	stub	-	-	absent from runtime export surface
libnsl.so.1	nis_clone_directory	GLIBC_2.2.5	4	stub	-	-	absent from runtime export surface
libnsl.so.1	nis_clone_object	GLIBC_2.2.5	4	stub	-	-	absent from runtime export surface
libnsl.so.1	nis_clone_result	GLIBC_2.2.5	4	stub	-	-	absent from runtime export surface
libnsl.so.1	nis_creategroup	GLIBC_2.2.5	4	stub	-	-	absent from runtime export surface
libnsl.so.1	nis_destroy_object	GLIBC_2.2.5	4	stub	-	-	absent from runtime export surface
libnsl.so.1	nis_destroygroup	GLIBC_2.2.5	4	stub	-	-	absent from runtime export surface
libnsl.so.1	nis_dir_cmp	GLIBC_2.2.5	4	stub	-	-	absent from runtime export surface
libnsl.so.1	nis_domain_of	GLIBC_2.2.5	4	stub	-	-	absent from runtime export surface
libnsl.so.1	nis_domain_of_r	GLIBC_2.2.5	4	stub	-	-	absent from runtime export surface
libnsl.so.1	nis_first_entry	GLIBC_2.2.5	4	stub	-	-	absent from runtime export surface
libnsl.so.1	nis_free_directory	GLIBC_2.2.5	4	stub	-	-	absent from runtime export surface
libnsl.so.1	nis_free_object	GLIBC_2.2.5	4	stub	-	-	absent from runtime export surface
libnsl.so.1	nis_free_request	GLIBC_2.2.5	4	stub	-	-	absent from runtime export surface
libnsl.so.1	nis_freenames	GLIBC_2.2.5	4	stub	-	-	absent from runtime export surface
libnsl.so.1	nis_freeresult	GLIBC_2.2.5	4	stub	-	-	absent from runtime export surface
libnsl.so.1	nis_freeservlist	GLIBC_2.2.5	4	stub	-	-	absent from runtime export surface
libnsl.so.1	nis_freetags	GLIBC_2.2.5	4	stub	-	-	absent from runtime export surface
libnsl.so.1	nis_getnames	GLIBC_2.2.5	4	stub	-	-	absent from runtime export surface
libnsl.so.1	nis_getservlist	GLIBC_2.2.5	4	stub	-	-	absent from runtime export surface
libnsl.so.1	nis_ismember	GLIBC_2.2.5	4	stub	-	-	absent from runtime export surface
libnsl.so.1	nis_leaf_of	GLIBC_2.2.5	4	stub	-	-	absent from runtime export surface
libnsl.so.1	nis_leaf_of_r	GLIBC_2.2.5	4	stub	-	-	absent from runtime export surface
libnsl.so.1	nis_lerror	GLIBC_2.2.5	4	stub	-	-	absent from runtime export surface
libnsl.so.1	nis_list	GLIBC_2.2.5	4	stub	-	-	absent from runtime export surface
libnsl.so.1	nis_local_directory	GLIBC_2.2.5	4	stub	-	-	absent from runtime export surface
libnsl.so.1	nis_local_group	GLIBC_2.2.5	4	stub	-	-	absent from runtime export surface
libnsl.so.1	nis_local_host	GLIBC_2.2.5	4	stub	-	-	absent from runtime export surface
libnsl.so.1	nis_local_principal	GLIBC_2.2.5	4	stub	-	-	absent from runtime export surface
libnsl.so.1	nis_lookup	GLIBC_2.2.5	4	stub	-	-	absent from runtime export surface
libnsl.so.1	nis_mkdir	GLIBC_2.2.5	4	stub	-	-	absent from runtime export surface
libnsl.so.1	nis_modify	GLIBC_2.2.5	4	stub	-	-	absent from runtime export surface
libnsl.so.1	nis_modify_entry	GLIBC_2.2.5	4	stub	-	-	absent from runtime export surface
libnsl.so.1	nis_name_of	GLIBC_2.2.5	4	stub	-	-	absent from runtime export surface
libnsl.so.1	nis_name_of_r	GLIBC_2.2.5	4	stub	-	-	absent from runtime export surface
libnsl.so.1	nis_next_entry	GLIBC_2.2.5	4	stub	-	-	absent from runtime export surface
libnsl.so.1	nis_perror	GLIBC_2.2.5	4	stub	-	-	absent from runtime export surface
libnsl.so.1	nis_ping	GLIBC_2.2.5	4	stub	-	-	absent from runtime export surface
libnsl.so.1	nis_print_directory	GLIBC_2.2.5	4	stub	-	-	absent from runtime export surface
libnsl.so.1	nis_print_entry	GLIBC_2.2.5	4	stub	-	-	absent from runtime export surface
libnsl.so.1	nis_print_group	GLIBC_2.2.5	4	stub	-	-	absent from runtime export surface
libnsl.so.1	nis_print_group_entry	GLIBC_2.2.5	4	stub	-	-	absent from runtime export surface
libnsl.so.1	nis_print_link	GLIBC_2.2.5	4	stub	-	-	absent from runtime export surface
libnsl.so.1	nis_print_object	GLIBC_2.2.5	4	stub	-	-	absent from runtime export surface
libnsl.so.1	nis_print_result	GLIBC_2.2.5	4	stub	-	-	absent from runtime export surface
libnsl.so.1	nis_print_rights	GLIBC_2.2.5	4	stub	-	-	absent from runtime export surface
libnsl.so.1	nis_print_table	GLIBC_2.2.5	4	stub	-	-	absent from runtime export surface
libnsl.so.1	nis_read_obj	GLIBC_2.2.5	4	stub	-	-	absent from runtime export surface
libnsl.so.1	nis_remove	GLIBC_2.2.5	4	stub	-	-	absent from runtime export surface
libnsl.so.1	nis_remove_entry	GLIBC_2.2.5	4	stub	-	-	absent from runtime export surface
libnsl.so.1	nis_removemember	GLIBC_2.2.5	4	stub	-	-	absent from runtime export surface
libnsl.so.1	nis_rmdir	GLIBC_2.2.5	4	stub	-	-	absent from runtime export surface
libnsl.so.1	nis_servstate	GLIBC_2.2.5	4	stub	-	-	absent from runtime export surface
libnsl.so.1	nis_sperrno	GLIBC_2.2.5	4	stub	-	-	absent from runtime export surface
libnsl.so.1	nis_sperror	GLIBC_2.2.5	4	stub	-	-	absent from runtime export surface
libnsl.so.1	nis_sperror_r	GLIBC_2.2.5	4	stub	-	-	absent from runtime export surface
libnsl.so.1	nis_stats	GLIBC_2.2.5	4	stub	-	-	absent from runtime export surface
libnsl.so.1	nis_verifygroup	GLIBC_2.2.5	4	stub	-	-	absent from runtime export surface
libnsl.so.1	nis_write_obj	GLIBC_2.2.5	4	stub	-	-	absent from runtime export surface
libnsl.so.1	readColdStartFile	GLIBC_2.2.5	4	stub	-	-	absent from runtime export surface
libnsl.so.1	writeColdStartFile	GLIBC_2.2.5	4	stub	-	-	absent from runtime export surface
libnsl.so.1	xdr_cback_data	GLIBC_2.2.5	4	stub	-	-	absent from runtime export surface
libnsl.so.1	xdr_domainname	GLIBC_2.2.5	4	stub	-	-	absent from runtime export surface
libnsl.so.1	xdr_keydat	GLIBC_2.2.5	4	stub	-	-	absent from runtime export surface
libnsl.so.1	xdr_mapname	GLIBC_2.2.5	4	stub	-	-	absent from runtime export surface
libnsl.so.1	xdr_obj_p	GLIBC_2.2.5	4	stub	-	-	absent from runtime export surface
libnsl.so.1	xdr_peername	GLIBC_2.2.5	4	stub	-	-	absent from runtime export surface
libnsl.so.1	xdr_valdat	GLIBC_2.2.5	4	stub	-	-	absent from runtime export surface
libnsl.so.1	xdr_yp_buf	GLIBC_2.2.5	4	stub	-	-	absent from runtime export surface
libnsl.so.1	xdr_ypall	GLIBC_2.2.5	4	stub	-	-	absent from runtime export surface
libnsl.so.1	xdr_ypbind_binding	GLIBC_2.2.5	4	stub	-	-	absent from runtime export surface
libnsl.so.1	xdr_ypbind_resp	GLIBC_2.2.5	4	stub	-	-	absent from runtime export surface
libnsl.so.1	xdr_ypbind_resptype	GLIBC_2.2.5	4	stub	-	-	absent from runtime export surface
libnsl.so.1	xdr_ypbind_setdom	GLIBC_2.2.5	4	stub	-	-	absent from runtime export surface
libnsl.so.1	xdr_ypdelete_args	GLIBC_2.2.5	4	stub	-	-	absent from runtime export surface
libnsl.so.1	xdr_ypmap_parms	GLIBC_2.2.5	4	stub	-	-	absent from runtime export surface
libnsl.so.1	xdr_ypmaplist	GLIBC_2.2.5	4	stub	-	-	absent from runtime export surface
libnsl.so.1	xdr_yppush_status	GLIBC_2.2.5	4	stub	-	-	absent from runtime export surface
libnsl.so.1	xdr_yppushresp_xfr	GLIBC_2.2.5	4	stub	-	-	absent from runtime export surface
libnsl.so.1	xdr_ypreq_key	GLIBC_2.2.5	4	stub	-	-	absent from runtime export surface
libnsl.so.1	xdr_ypreq_nokey	GLIBC_2.2.5	4	stub	-	-	absent from runtime export surface
libnsl.so.1	xdr_ypreq_xfr	GLIBC_2.2.5	4	stub	-	-	absent from runtime export surface
libnsl.so.1	xdr_ypresp_all	GLIBC_2.2.5	4	stub	-	-	absent from runtime export surface
libnsl.so.1	xdr_ypresp_key_val	GLIBC_2.2.5	4	stub	-	-	absent from runtime export surface
libnsl.so.1	xdr_ypresp_maplist	GLIBC_2.2.5	4	stub	-	-	absent from runtime export surface
libnsl.so.1	xdr_ypresp_master	GLIBC_2.2.5	4	stub	-	-	absent from runtime export surface
libnsl.so.1	xdr_ypresp_order	GLIBC_2.2.5	4	stub	-	-	absent from runtime export surface
libnsl.so.1	xdr_ypresp_val	GLIBC_2.2.5	4	stub	-	-	absent from runtime export surface
libnsl.so.1	xdr_ypresp_xfr	GLIBC_2.2.5	4	stub	-	-	absent from runtime export surface
libnsl.so.1	xdr_ypstat	GLIBC_2.2.5	4	stub	-	-	absent from runtime export surface
libnsl.so.1	xdr_ypupdate_args	GLIBC_2.2.5	4	stub	-	-	absent from runtime export surface
libnsl.so.1	xdr_ypxfrstat	GLIBC_2.2.5	4	stub	-	-	absent from runtime export surface
libnsl.so.1	yp_all	GLIBC_2.2.5	4	stub	-	-	absent from runtime export surface
libnsl.so.1	yp_bind	GLIBC_2.2.5	4	stub	-	-	absent from runtime export surface
libnsl.so.1	yp_first	GLIBC_2.2.5	4	stub	-	-	absent from runtime export surface
libnsl.so.1	yp_get_default_domain	GLIBC_2.2.5	4	stub	-	-	absent from runtime export surface
libnsl.so.1	yp_maplist	GLIBC_2.2.5	4	stub	-	-	absent from runtime export surface
libnsl.so.1	yp_master	GLIBC_2.2.5	4	stub	-	-	absent from runtime export surface
libnsl.so.1	yp_match	GLIBC_2.2.5	4	stub	-	-	absent from runtime export surface
libnsl.so.1	yp_next	GLIBC_2.2.5	4	stub	-	-	absent from runtime export surface
libnsl.so.1	yp_order	GLIBC_2.2.5	4	stub	-	-	absent from runtime export surface
libnsl.so.1	yp_unbind	GLIBC_2.2.5	4	stub	-	-	absent from runtime export surface
libnsl.so.1	yp_update	GLIBC_2.2.5	4	stub	-	-	absent from runtime export surface
libnsl.so.1	ypbinderr_string	GLIBC_2.2.5	4	stub	-	-	absent from runtime export surface
libnsl.so.1	yperr_string	GLIBC_2.2.5	4	stub	-	-	absent from runtime export surface
libnsl.so.1	ypprot_err	GLIBC_2.2.5	4	stub	-	-	absent from runtime export surface
libutil.so.1	GLIBC_2.2.5	GLIBC_2.2.5	scaffold	scaffold	-	-	version-node identity object (WP-53 scaffold)
libutil.so.1	forkpty	GLIBC_2.2.5	2	forward-same	forkpty	-	runtime exports the same name
libutil.so.1	login	GLIBC_2.2.5	2	forward-same	login	-	runtime exports the same name
libutil.so.1	login_tty	GLIBC_2.2.5	2	forward-same	login_tty	-	runtime exports the same name
libutil.so.1	logout	GLIBC_2.2.5	2	forward-same	logout	-	runtime exports the same name
libutil.so.1	logwtmp	GLIBC_2.2.5	2	forward-same	logwtmp	-	runtime exports the same name
libutil.so.1	openpty	GLIBC_2.2.5	2	forward-same	openpty	-	runtime exports the same name
