libc.so.6	GLIBC_2.10	GLIBC_2.10	default	object	global
libc.so.6	GLIBC_2.11	GLIBC_2.11	default	object	global
libc.so.6	GLIBC_2.12	GLIBC_2.12	default	object	global
libc.so.6	GLIBC_2.13	GLIBC_2.13	default	object	global
libc.so.6	GLIBC_2.14	GLIBC_2.14	default	object	global
libc.so.6	GLIBC_2.15	GLIBC_2.15	default	object	global
libc.so.6	GLIBC_2.16	GLIBC_2.16	default	object	global
libc.so.6	GLIBC_2.17	GLIBC_2.17	default	object	global
libc.so.6	GLIBC_2.18	GLIBC_2.18	default	object	global
libc.so.6	GLIBC_2.2.5	GLIBC_2.2.5	default	object	global
libc.so.6	GLIBC_2.2.6	GLIBC_2.2.6	default	object	global
libc.so.6	GLIBC_2.22	GLIBC_2.22	default	object	global
libc.so.6	GLIBC_2.23	GLIBC_2.23	default	object	global
libc.so.6	GLIBC_2.24	GLIBC_2.24	default	object	global
libc.so.6	GLIBC_2.25	GLIBC_2.25	default	object	global
libc.so.6	GLIBC_2.26	GLIBC_2.26	default	object	global
libc.so.6	GLIBC_2.27	GLIBC_2.27	default	object	global
libc.so.6	GLIBC_2.28	GLIBC_2.28	default	object	global
libc.so.6	GLIBC_2.3	GLIBC_2.3	default	object	global
libc.so.6	GLIBC_2.3.2	GLIBC_2.3.2	default	object	global
libc.so.6	GLIBC_2.3.3	GLIBC_2.3.3	default	object	global
libc.so.6	GLIBC_2.3.4	GLIBC_2.3.4	default	object	global
libc.so.6	GLIBC_2.4	GLIBC_2.4	default	object	global
libc.so.6	GLIBC_2.5	GLIBC_2.5	default	object	global
libc.so.6	GLIBC_2.6	GLIBC_2.6	default	object	global
libc.so.6	GLIBC_2.7	GLIBC_2.7	default	object	global
libc.so.6	GLIBC_2.8	GLIBC_2.8	default	object	global
libc.so.6	GLIBC_2.9	GLIBC_2.9	default	object	global
libc.so.6	GLIBC_PRIVATE	GLIBC_PRIVATE	default	object	global
libc.so.6	_Exit	GLIBC_2.2.5	default	func	weak
libc.so.6	_IO_2_1_stderr_	GLIBC_2.2.5	default	object	global
libc.so.6	_IO_2_1_stdin_	GLIBC_2.2.5	default	object	global
libc.so.6	_IO_2_1_stdout_	GLIBC_2.2.5	default	object	global
libc.so.6	_IO_adjust_column	GLIBC_2.2.5	default	func	global
libc.so.6	_IO_adjust_wcolumn	GLIBC_2.2.5	default	func	global
libc.so.6	_IO_default_doallocate	GLIBC_2.2.5	default	func	global
libc.so.6	_IO_default_finish	GLIBC_2.2.5	default	func	global
libc.so.6	_IO_default_pbackfail	GLIBC_2.2.5	default	func	global
libc.so.6	_IO_default_uflow	GLIBC_2.2.5	default	func	global
libc.so.6	_IO_default_xsgetn	GLIBC_2.2.5	default	func	global
libc.so.6	_IO_default_xsputn	GLIBC_2.2.5	default	func	global
libc.so.6	_IO_do_write	GLIBC_2.2.5	default	func	global
libc.so.6	_IO_doallocbuf	GLIBC_2.2.5	default	func	global
libc.so.6	_IO_enable_locks	GLIBC_PRIVATE	default	func	global
libc.so.6	_IO_fclose	GLIBC_2.2.5	default	func	global
libc.so.6	_IO_fdopen	GLIBC_2.2.5	default	func	global
libc.so.6	_IO_feof	GLIBC_2.2.5	default	func	global
libc.so.6	_IO_ferror	GLIBC_2.2.5	default	func	global
libc.so.6	_IO_fflush	GLIBC_2.2.5	default	func	global
libc.so.6	_IO_fgetpos	GLIBC_2.2.5	default	func	global
libc.so.6	_IO_fgetpos64	GLIBC_2.2.5	default	func	global
libc.so.6	_IO_fgets	GLIBC_2.2.5	default	func	global
libc.so.6	_IO_file_attach	GLIBC_2.2.5	default	func	global
libc.so.6	_IO_file_close	GLIBC_2.2.5	default	func	global
libc.so.6	_IO_file_close_it	GLIBC_2.2.5	default	func	global
libc.so.6	_IO_file_doallocate	GLIBC_2.2.5	default	func	global
libc.so.6	_IO_file_finish	GLIBC_2.2.5	default	func	global
libc.so.6	_IO_file_fopen	GLIBC_2.2.5	default	func	global
libc.so.6	_IO_file_init	GLIBC_2.2.5	default	func	global
libc.so.6	_IO_file_jumps	GLIBC_2.2.5	default	object	global
libc.so.6	_IO_file_open	GLIBC_2.2.5	default	func	global
libc.so.6	_IO_file_overflow	GLIBC_2.2.5	default	func	global
libc.so.6	_IO_file_read	GLIBC_2.2.5	default	func	global
libc.so.6	_IO_file_seek	GLIBC_2.2.5	default	func	global
libc.so.6	_IO_file_seekoff	GLIBC_2.2.5	default	func	global
libc.so.6	_IO_file_setbuf	GLIBC_2.2.5	default	func	global
libc.so.6	_IO_file_stat	GLIBC_2.2.5	default	func	global
libc.so.6	_IO_file_sync	GLIBC_2.2.5	default	func	global
libc.so.6	_IO_file_underflow	GLIBC_2.2.5	default	func	global
libc.so.6	_IO_file_write	GLIBC_2.2.5	default	func	global
libc.so.6	_IO_file_xsputn	GLIBC_2.2.5	default	func	global
libc.so.6	_IO_flockfile	GLIBC_2.2.5	default	func	global
libc.so.6	_IO_flush_all	GLIBC_2.2.5	default	func	global
libc.so.6	_IO_flush_all_linebuffered	GLIBC_2.2.5	default	func	global
libc.so.6	_IO_fopen	GLIBC_2.2.5	default	func	global
libc.so.6	_IO_fprintf	GLIBC_2.2.5	default	func	weak
libc.so.6	_IO_fputs	GLIBC_2.2.5	default	func	global
libc.so.6	_IO_fread	GLIBC_2.2.5	default	func	global
libc.so.6	_IO_free_backup_area	GLIBC_2.2.5	default	func	global
libc.so.6	_IO_free_wbackup_area	GLIBC_2.2.5	default	func	global
libc.so.6	_IO_fsetpos	GLIBC_2.2.5	default	func	global
libc.so.6	_IO_fsetpos64	GLIBC_2.2.5	default	func	global
libc.so.6	_IO_ftell	GLIBC_2.2.5	default	func	global
libc.so.6	_IO_ftrylockfile	GLIBC_2.2.5	default	func	global
libc.so.6	_IO_funlockfile	GLIBC_2.2.5	default	func	global
libc.so.6	_IO_fwrite	GLIBC_2.2.5	default	func	global
libc.so.6	_IO_getc	GLIBC_2.2.5	default	func	global
libc.so.6	_IO_getline	GLIBC_2.2.5	default	func	global
libc.so.6	_IO_getline_info	GLIBC_2.2.5	default	func	global
libc.so.6	_IO_gets	GLIBC_2.2.5	default	func	global
libc.so.6	_IO_init	GLIBC_2.2.5	default	func	global
libc.so.6	_IO_init_marker	GLIBC_2.2.5	default	func	global
libc.so.6	_IO_init_wmarker	GLIBC_2.2.5	default	func	global
libc.so.6	_IO_iter_begin	GLIBC_2.2.5	default	func	global
libc.so.6	_IO_iter_end	GLIBC_2.2.5	default	func	global
libc.so.6	_IO_iter_file	GLIBC_2.2.5	default	func	global
libc.so.6	_IO_iter_next	GLIBC_2.2.5	default	func	global
libc.so.6	_IO_least_wmarker	GLIBC_2.2.5	default	func	global
libc.so.6	_IO_link_in	GLIBC_2.2.5	default	func	global
libc.so.6	_IO_list_all	GLIBC_2.2.5	default	object	global
libc.so.6	_IO_list_lock	GLIBC_2.2.5	default	func	global
libc.so.6	_IO_list_resetlock	GLIBC_2.2.5	default	func	global
libc.so.6	_IO_list_unlock	GLIBC_2.2.5	default	func	global
libc.so.6	_IO_marker_delta	GLIBC_2.2.5	default	func	global
libc.so.6	_IO_marker_difference	GLIBC_2.2.5	default	func	global
libc.so.6	_IO_padn	GLIBC_2.2.5	default	func	global
libc.so.6	_IO_peekc_locked	GLIBC_2.2.5	default	func	global
libc.so.6	_IO_popen	GLIBC_2.2.5	default	func	global
libc.so.6	_IO_printf	GLIBC_2.2.5	default	func	global
libc.so.6	_IO_proc_close	GLIBC_2.2.5	default	func	global
libc.so.6	_IO_proc_open	GLIBC_2.2.5	default	func	global
libc.so.6	_IO_putc	GLIBC_2.2.5	default	func	global
libc.so.6	_IO_puts	GLIBC_2.2.5	default	func	global
libc.so.6	_IO_remove_marker	GLIBC_2.2.5	default	func	global
libc.so.6	_IO_seekmark	GLIBC_2.2.5	default	func	global
libc.so.6	_IO_seekoff	GLIBC_2.2.5	default	func	global
libc.so.6	_IO_seekpos	GLIBC_2.2.5	default	func	global
libc.so.6	_IO_seekwmark	GLIBC_2.2.5	default	func	global
libc.so.6	_IO_setb	GLIBC_2.2.5	default	func	global
libc.so.6	_IO_setbuffer	GLIBC_2.2.5	default	func	global
libc.so.6	_IO_setvbuf	GLIBC_2.2.5	default	func	global
libc.so.6	_IO_sgetn	GLIBC_2.2.5	default	func	global
libc.so.6	_IO_sprintf	GLIBC_2.2.5	default	func	global
libc.so.6	_IO_sputbackc	GLIBC_2.2.5	default	func	global
libc.so.6	_IO_sputbackwc	GLIBC_2.2.5	default	func	global
libc.so.6	_IO_sscanf	GLIBC_2.2.5	default	func	global
libc.so.6	_IO_str_init_readonly	GLIBC_2.2.5	default	func	global
libc.so.6	_IO_str_init_static	GLIBC_2.2.5	default	func	global
libc.so.6	_IO_str_overflow	GLIBC_2.2.5	default	func	global
libc.so.6	_IO_str_pbackfail	GLIBC_2.2.5	default	func	global
libc.so.6	_IO_str_seekoff	GLIBC_2.2.5	default	func	global
libc.so.6	_IO_str_underflow	GLIBC_2.2.5	default	func	global
libc.so.6	_IO_sungetc	GLIBC_2.2.5	default	func	global
libc.so.6	_IO_sungetwc	GLIBC_2.2.5	default	func	global
libc.so.6	_IO_switch_to_get_mode	GLIBC_2.2.5	default	func	global
libc.so.6	_IO_switch_to_main_wget_area	GLIBC_2.2.5	default	func	global
libc.so.6	_IO_switch_to_wbackup_area	GLIBC_2.2.5	default	func	global
libc.so.6	_IO_switch_to_wget_mode	GLIBC_2.2.5	default	func	global
libc.so.6	_IO_un_link	GLIBC_2.2.5	default	func	global
libc.so.6	_IO_ungetc	GLIBC_2.2.5	default	func	global
libc.so.6	_IO_unsave_markers	GLIBC_2.2.5	default	func	global
libc.so.6	_IO_unsave_wmarkers	GLIBC_2.2.5	default	func	global
libc.so.6	_IO_vfprintf	GLIBC_2.2.5	default	func	global
libc.so.6	_IO_vfscanf	GLIBC_2.2.5	default	func	global
libc.so.6	_IO_vsprintf	GLIBC_2.2.5	default	func	global
libc.so.6	_IO_wdefault_doallocate	GLIBC_2.2.5	default	func	global
libc.so.6	_IO_wdefault_finish	GLIBC_2.2.5	default	func	global
libc.so.6	_IO_wdefault_pbackfail	GLIBC_2.2.5	default	func	global
libc.so.6	_IO_wdefault_uflow	GLIBC_2.2.5	default	func	global
libc.so.6	_IO_wdefault_xsgetn	GLIBC_2.2.5	default	func	global
libc.so.6	_IO_wdefault_xsputn	GLIBC_2.2.5	default	func	global
libc.so.6	_IO_wdo_write	GLIBC_2.2.5	default	func	global
libc.so.6	_IO_wdoallocbuf	GLIBC_2.2.5	default	func	global
libc.so.6	_IO_wfile_jumps	GLIBC_2.2.5	default	object	global
libc.so.6	_IO_wfile_overflow	GLIBC_2.2.5	default	func	global
libc.so.6	_IO_wfile_seekoff	GLIBC_2.2.5	default	func	global
libc.so.6	_IO_wfile_sync	GLIBC_2.2.5	default	func	global
libc.so.6	_IO_wfile_underflow	GLIBC_2.2.5	default	func	global
libc.so.6	_IO_wfile_xsputn	GLIBC_2.2.5	default	func	global
libc.so.6	_IO_wmarker_delta	GLIBC_2.2.5	default	func	global
libc.so.6	_IO_wsetb	GLIBC_2.2.5	default	func	global
libc.so.6	__abort_msg	GLIBC_PRIVATE	default	object	global
libc.so.6	__adjtimex	GLIBC_2.2.5	default	func	global
libc.so.6	__after_morecore_hook	GLIBC_2.2.5	default	object	weak
libc.so.6	__arch_prctl	GLIBC_2.2.5	default	func	global
libc.so.6	__argz_count	GLIBC_2.2.5	default	func	global
libc.so.6	__argz_next	GLIBC_2.2.5	default	func	global
libc.so.6	__argz_stringify	GLIBC_2.2.5	default	func	global
libc.so.6	__asprintf	GLIBC_2.2.5	default	func	global
libc.so.6	__asprintf_chk	GLIBC_2.8	default	func	global
libc.so.6	__assert	GLIBC_2.2.5	default	func	global
libc.so.6	__assert_fail	GLIBC_2.2.5	default	func	global
libc.so.6	__assert_perror_fail	GLIBC_2.2.5	default	func	global
libc.so.6	__backtrace	GLIBC_2.2.5	default	func	global
libc.so.6	__backtrace_symbols	GLIBC_2.2.5	default	func	global
libc.so.6	__backtrace_symbols_fd	GLIBC_2.2.5	default	func	global
libc.so.6	__bsd_getpgrp	GLIBC_2.2.5	default	func	global
libc.so.6	__bzero	GLIBC_2.2.5	default	ifunc	global
libc.so.6	__call_tls_dtors	GLIBC_PRIVATE	default	func	global
libc.so.6	__check_rhosts_file	GLIBC_2.2.5	default	object	global
libc.so.6	__chk_fail	GLIBC_2.3.4	default	func	global
libc.so.6	__clock_gettime	GLIBC_PRIVATE	default	func	global
libc.so.6	__clone	GLIBC_2.2.5	default	func	global
libc.so.6	__close	GLIBC_2.2.5	default	func	global
libc.so.6	__close_nocancel	GLIBC_PRIVATE	default	func	global
libc.so.6	__cmsg_nxthdr	GLIBC_2.2.5	default	func	global
libc.so.6	__confstr_chk	GLIBC_2.4	default	func	global
libc.so.6	__connect	GLIBC_2.2.5	default	func	weak
libc.so.6	__copy_grp	GLIBC_PRIVATE	default	func	global
libc.so.6	__ctype32_b	GLIBC_2.2.5	hidden	object	global
libc.so.6	__ctype32_tolower	GLIBC_2.2.5	hidden	object	global
libc.so.6	__ctype32_toupper	GLIBC_2.2.5	hidden	object	global
libc.so.6	__ctype_b	GLIBC_2.2.5	hidden	object	global
libc.so.6	__ctype_b_loc	GLIBC_2.3	default	func	global
libc.so.6	__ctype_get_mb_cur_max	GLIBC_2.2.5	default	func	weak
libc.so.6	__ctype_init	GLIBC_PRIVATE	default	func	global
libc.so.6	__ctype_tolower	GLIBC_2.2.5	hidden	object	global
libc.so.6	__ctype_tolower_loc	GLIBC_2.3	default	func	global
libc.so.6	__ctype_toupper	GLIBC_2.2.5	hidden	object	global
libc.so.6	__ctype_toupper_loc	GLIBC_2.3	default	func	global
libc.so.6	__curbrk	GLIBC_2.2.5	default	object	global
libc.so.6	__cxa_at_quick_exit	GLIBC_2.10	default	func	global
libc.so.6	__cxa_atexit	GLIBC_2.2.5	default	func	global
libc.so.6	__cxa_finalize	GLIBC_2.2.5	default	func	global
libc.so.6	__cxa_thread_atexit_impl	GLIBC_2.18	default	func	global
libc.so.6	__cyg_profile_func_enter	GLIBC_2.2.5	default	func	global
libc.so.6	__cyg_profile_func_exit	GLIBC_2.2.5	default	func	global
libc.so.6	__daylight	GLIBC_2.2.5	default	object	global
libc.so.6	__dcgettext	GLIBC_2.2.5	default	func	global
libc.so.6	__default_morecore	GLIBC_2.2.5	default	func	global
libc.so.6	__dgettext	GLIBC_2.2.5	default	func	global
libc.so.6	__dprintf_chk	GLIBC_2.8	default	func	global
libc.so.6	__dup2	GLIBC_2.2.5	default	func	global
libc.so.6	__duplocale	GLIBC_2.2.5	default	func	global
libc.so.6	__endmntent	GLIBC_2.2.5	default	func	global
libc.so.6	__environ	GLIBC_2.2.5	default	object	global
libc.so.6	__errno_location	GLIBC_2.2.5	default	func	global
libc.so.6	__explicit_bzero_chk	GLIBC_2.25	default	func	global
libc.so.6	__fbufsize	GLIBC_2.2.5	default	func	global
libc.so.6	__fcntl	GLIBC_2.2.5	default	func	weak
libc.so.6	__fdelt_chk	GLIBC_2.15	default	func	global
libc.so.6	__fdelt_warn	GLIBC_2.15	default	func	global
libc.so.6	__fentry__	GLIBC_2.13	default	func	global
libc.so.6	__ffs	GLIBC_2.2.5	default	func	global
libc.so.6	__fgets_chk	GLIBC_2.4	default	func	global
libc.so.6	__fgets_unlocked_chk	GLIBC_2.4	default	func	global
libc.so.6	__fgetws_chk	GLIBC_2.4	default	func	global
libc.so.6	__fgetws_unlocked_chk	GLIBC_2.4	default	func	global
libc.so.6	__file_change_detection_for_fp	GLIBC_PRIVATE	default	func	global
libc.so.6	__file_change_detection_for_path	GLIBC_PRIVATE	default	func	global
libc.so.6	__file_change_detection_for_stat	GLIBC_PRIVATE	default	func	global
libc.so.6	__file_is_unchanged	GLIBC_PRIVATE	default	func	global
libc.so.6	__finite	GLIBC_2.2.5	default	func	global
libc.so.6	__finitef	GLIBC_2.2.5	default	func	global
libc.so.6	__finitel	GLIBC_2.2.5	default	func	global
libc.so.6	__flbf	GLIBC_2.2.5	default	func	global
libc.so.6	__fork	GLIBC_2.2.5	default	func	global
libc.so.6	__fortify_fail	GLIBC_PRIVATE	default	func	global
libc.so.6	__fpending	GLIBC_2.2.5	default	func	global
libc.so.6	__fprintf_chk	GLIBC_2.3.4	default	func	global
libc.so.6	__fpu_control	GLIBC_2.2.5	default	object	global
libc.so.6	__fpurge	GLIBC_2.2.5	default	func	global
libc.so.6	__fread_chk	GLIBC_2.7	default	func	global
libc.so.6	__fread_unlocked_chk	GLIBC_2.7	default	func	global
libc.so.6	__freadable	GLIBC_2.2.5	default	func	global
libc.so.6	__freading	GLIBC_2.2.5	default	func	global
libc.so.6	__free_hook	GLIBC_2.2.5	default	object	weak
libc.so.6	__freelocale	GLIBC_2.2.5	default	func	global
libc.so.6	__fseeko64	GLIBC_PRIVATE	default	func	global
libc.so.6	__fsetlocking	GLIBC_2.2.5	default	func	global
libc.so.6	__ftello64	GLIBC_PRIVATE	default	func	global
libc.so.6	__fwprintf_chk	GLIBC_2.4	default	func	global
libc.so.6	__fwritable	GLIBC_2.2.5	default	func	global
libc.so.6	__fwriting	GLIBC_2.2.5	default	func	global
libc.so.6	__fxstat	GLIBC_2.2.5	default	func	global
libc.so.6	__fxstat64	GLIBC_2.2.5	default	func	global
libc.so.6	__fxstatat	GLIBC_2.4	default	func	global
libc.so.6	__fxstatat64	GLIBC_2.4	default	func	global
libc.so.6	__gai_sigqueue	GLIBC_PRIVATE	default	func	global
libc.so.6	__gconv_create_spec	GLIBC_PRIVATE	default	func	global
libc.so.6	__gconv_destroy_spec	GLIBC_PRIVATE	default	func	global
libc.so.6	__gconv_get_alias_db	GLIBC_PRIVATE	default	func	global
libc.so.6	__gconv_get_cache	GLIBC_PRIVATE	default	func	global
libc.so.6	__gconv_get_modules_db	GLIBC_PRIVATE	default	func	global
libc.so.6	__gconv_open	GLIBC_PRIVATE	default	func	global
libc.so.6	__gconv_transliterate	GLIBC_PRIVATE	default	func	global
libc.so.6	__getauxval	GLIBC_2.16	default	func	global
libc.so.6	__getcwd_chk	GLIBC_2.4	default	func	global
libc.so.6	__getdelim	GLIBC_2.2.5	default	func	weak
libc.so.6	__getdomainname_chk	GLIBC_2.4	default	func	global
libc.so.6	__getgroups_chk	GLIBC_2.4	default	func	global
libc.so.6	__gethostname_chk	GLIBC_2.4	default	func	global
libc.so.6	__getlogin_r_chk	GLIBC_2.4	default	func	global
libc.so.6	__getmntent_r	GLIBC_2.2.5	default	func	global
libc.so.6	__getpagesize	GLIBC_2.2.5	default	func	global
libc.so.6	__getpgid	GLIBC_2.2.5	default	func	global
libc.so.6	__getpid	GLIBC_2.2.5	default	func	global
libc.so.6	__getrlimit	GLIBC_PRIVATE	default	func	global
libc.so.6	__gets_chk	GLIBC_2.3.4	default	func	global
libc.so.6	__gettimeofday	GLIBC_2.2.5	default	ifunc	global
libc.so.6	__getwd_chk	GLIBC_2.4	default	func	global
libc.so.6	__gmtime_r	GLIBC_2.2.5	default	func	global
libc.so.6	__h_errno	GLIBC_PRIVATE	default	tls	global
libc.so.6	__h_errno_location	GLIBC_2.2.5	default	func	global
libc.so.6	__idna_from_dns_encoding	GLIBC_PRIVATE	default	func	global
libc.so.6	__idna_to_dns_encoding	GLIBC_PRIVATE	default	func	global
libc.so.6	__inet6_scopeid_pton	GLIBC_PRIVATE	default	func	global
libc.so.6	__inet_aton_exact	GLIBC_PRIVATE	default	func	global
libc.so.6	__inet_pton_length	GLIBC_PRIVATE	default	func	global
libc.so.6	__internal_endnetgrent	GLIBC_PRIVATE	default	func	global
libc.so.6	__internal_getnetgrent_r	GLIBC_PRIVATE	default	func	global
libc.so.6	__internal_setnetgrent	GLIBC_PRIVATE	default	func	global
libc.so.6	__isalnum_l	GLIBC_2.2.5	default	func	global
libc.so.6	__isalpha_l	GLIBC_2.2.5	default	func	global
libc.so.6	__isascii_l	GLIBC_2.2.5	default	func	weak
libc.so.6	__isblank_l	GLIBC_2.2.5	default	func	global
libc.so.6	__iscntrl_l	GLIBC_2.2.5	default	func	global
libc.so.6	__isctype	GLIBC_2.3	default	func	global
libc.so.6	__isdigit_l	GLIBC_2.2.5	default	func	global
libc.so.6	__isgraph_l	GLIBC_2.2.5	default	func	global
libc.so.6	__isinf	GLIBC_2.2.5	default	func	global
libc.so.6	__isinff	GLIBC_2.2.5	default	func	global
libc.so.6	__isinfl	GLIBC_2.2.5	default	func	global
libc.so.6	__islower_l	GLIBC_2.2.5	default	func	global
libc.so.6	__isnan	GLIBC_2.2.5	default	func	global
libc.so.6	__isnanf	GLIBC_2.2.5	default	func	global
libc.so.6	__isnanl	GLIBC_2.2.5	default	func	global
libc.so.6	__isoc99_fscanf	GLIBC_2.7	default	func	global
libc.so.6	__isoc99_fwscanf	GLIBC_2.7	default	func	global
libc.so.6	__isoc99_scanf	GLIBC_2.7	default	func	global
libc.so.6	__isoc99_sscanf	GLIBC_2.7	default	func	global
libc.so.6	__isoc99_swscanf	GLIBC_2.7	default	func	global
libc.so.6	__isoc99_vfscanf	GLIBC_2.7	default	func	global
libc.so.6	__isoc99_vfwscanf	GLIBC_2.7	default	func	global
libc.so.6	__isoc99_vscanf	GLIBC_2.7	default	func	global
libc.so.6	__isoc99_vsscanf	GLIBC_2.7	default	func	global
libc.so.6	__isoc99_vswscanf	GLIBC_2.7	default	func	global
libc.so.6	__isoc99_vwscanf	GLIBC_2.7	default	func	global
libc.so.6	__isoc99_wscanf	GLIBC_2.7	default	func	global
libc.so.6	__isprint_l	GLIBC_2.2.5	default	func	global
libc.so.6	__ispunct_l	GLIBC_2.2.5	default	func	global
libc.so.6	__isspace_l	GLIBC_2.2.5	default	func	global
libc.so.6	__isupper_l	GLIBC_2.2.5	default	func	global
libc.so.6	__iswalnum_l	GLIBC_2.2.5	default	func	global
libc.so.6	__iswalpha_l	GLIBC_2.2.5	default	func	global
libc.so.6	__iswblank_l	GLIBC_2.2.5	default	func	global
libc.so.6	__iswcntrl_l	GLIBC_2.2.5	default	func	global
libc.so.6	__iswctype	GLIBC_2.2.5	default	func	global
libc.so.6	__iswctype_l	GLIBC_2.2.5	default	func	global
libc.so.6	__iswdigit_l	GLIBC_2.2.5	default	func	global
libc.so.6	__iswgraph_l	GLIBC_2.2.5	default	func	global
libc.so.6	__iswlower_l	GLIBC_2.2.5	default	func	global
libc.so.6	__iswprint_l	GLIBC_2.2.5	default	func	global
libc.so.6	__iswpunct_l	GLIBC_2.2.5	default	func	global
libc.so.6	__iswspace_l	GLIBC_2.2.5	default	func	global
libc.so.6	__iswupper_l	GLIBC_2.2.5	default	func	global
libc.so.6	__iswxdigit_l	GLIBC_2.2.5	default	func	global
libc.so.6	__isxdigit_l	GLIBC_2.2.5	default	func	global
libc.so.6	__ivaliduser	GLIBC_2.2.5	default	func	global
libc.so.6	__key_decryptsession_pk_LOCAL	GLIBC_2.2.5	default	object	global
libc.so.6	__key_encryptsession_pk_LOCAL	GLIBC_2.2.5	default	object	global
libc.so.6	__key_gendes_LOCAL	GLIBC_2.2.5	default	object	global
libc.so.6	__libc_alloc_buffer_alloc_array	GLIBC_PRIVATE	default	func	global
libc.so.6	__libc_alloc_buffer_allocate	GLIBC_PRIVATE	default	func	global
libc.so.6	__libc_alloc_buffer_copy_bytes	GLIBC_PRIVATE	default	func	global
libc.so.6	__libc_alloc_buffer_copy_string	GLIBC_PRIVATE	default	func	global
libc.so.6	__libc_alloc_buffer_create_failure	GLIBC_PRIVATE	default	func	global
libc.so.6	__libc_alloca_cutoff	GLIBC_PRIVATE	default	func	global
libc.so.6	__libc_allocate_once_slow	GLIBC_PRIVATE	default	func	global
libc.so.6	__libc_allocate_rtsig	GLIBC_2.2.5	default	func	global
libc.so.6	__libc_allocate_rtsig_private	GLIBC_PRIVATE	default	func	global
libc.so.6	__libc_calloc	GLIBC_2.2.5	default	func	global
libc.so.6	__libc_clntudp_bufcreate	GLIBC_PRIVATE	hidden	func	global
libc.so.6	__libc_current_sigrtmax	GLIBC_2.2.5	default	func	global
libc.so.6	__libc_current_sigrtmax_private	GLIBC_PRIVATE	default	func	global
libc.so.6	__libc_current_sigrtmin	GLIBC_2.2.5	default	func	global
libc.so.6	__libc_current_sigrtmin_private	GLIBC_PRIVATE	default	func	global
libc.so.6	__libc_dlclose	GLIBC_PRIVATE	default	func	global
libc.so.6	__libc_dlerror_result	GLIBC_PRIVATE	default	tls	global
libc.so.6	__libc_dlopen_mode	GLIBC_PRIVATE	default	func	global
libc.so.6	__libc_dlsym	GLIBC_PRIVATE	default	func	global
libc.so.6	__libc_dlvsym	GLIBC_PRIVATE	default	func	global
libc.so.6	__libc_dynarray_at_failure	GLIBC_PRIVATE	default	func	global
libc.so.6	__libc_dynarray_emplace_enlarge	GLIBC_PRIVATE	default	func	global
libc.so.6	__libc_dynarray_finalize	GLIBC_PRIVATE	default	func	global
libc.so.6	__libc_dynarray_resize	GLIBC_PRIVATE	default	func	global
libc.so.6	__libc_dynarray_resize_clear	GLIBC_PRIVATE	default	func	global
libc.so.6	__libc_early_init	GLIBC_PRIVATE	default	func	global
libc.so.6	__libc_fatal	GLIBC_PRIVATE	default	func	global
libc.so.6	__libc_fcntl64	GLIBC_PRIVATE	default	func	global
libc.so.6	__libc_fork	GLIBC_PRIVATE	default	func	global
libc.so.6	__libc_free	GLIBC_2.2.5	default	func	global
libc.so.6	__libc_freeres	GLIBC_2.2.5	default	func	global
libc.so.6	__libc_ifunc_impl_list	GLIBC_PRIVATE	default	func	global
libc.so.6	__libc_init_first	GLIBC_2.2.5	default	func	global
libc.so.6	__libc_longjmp	GLIBC_PRIVATE	default	func	global
libc.so.6	__libc_mallinfo	GLIBC_2.2.5	default	func	global
libc.so.6	__libc_malloc	GLIBC_2.2.5	default	func	global
libc.so.6	__libc_mallopt	GLIBC_2.2.5	default	func	global
libc.so.6	__libc_memalign	GLIBC_2.2.5	default	func	global
libc.so.6	__libc_msgrcv	GLIBC_PRIVATE	default	func	global
libc.so.6	__libc_msgsnd	GLIBC_PRIVATE	default	func	global
libc.so.6	__libc_pread	GLIBC_PRIVATE	default	func	global
libc.so.6	__libc_pthread_init	GLIBC_PRIVATE	default	func	global
libc.so.6	__libc_pvalloc	GLIBC_2.2.5	default	func	global
libc.so.6	__libc_pwrite	GLIBC_PRIVATE	default	func	global
libc.so.6	__libc_realloc	GLIBC_2.2.5	default	func	global
libc.so.6	__libc_reallocarray	GLIBC_PRIVATE	default	func	global
libc.so.6	__libc_rpc_getport	GLIBC_PRIVATE	hidden	func	global
libc.so.6	__libc_sa_len	GLIBC_2.2.5	default	func	global
libc.so.6	__libc_scratch_buffer_grow	GLIBC_PRIVATE	default	func	global
libc.so.6	__libc_scratch_buffer_grow_preserve	GLIBC_PRIVATE	default	func	global
libc.so.6	__libc_scratch_buffer_set_array_size	GLIBC_PRIVATE	default	func	global
libc.so.6	__libc_secure_getenv	GLIBC_PRIVATE	default	func	weak
libc.so.6	__libc_siglongjmp	GLIBC_PRIVATE	default	func	global
libc.so.6	__libc_start_main	GLIBC_2.2.5	default	func	global
libc.so.6	__libc_system	GLIBC_PRIVATE	default	func	global
libc.so.6	__libc_thread_freeres	GLIBC_PRIVATE	default	func	global
libc.so.6	__libc_valloc	GLIBC_2.2.5	default	func	global
libc.so.6	__longjmp_chk	GLIBC_2.11	default	func	global
libc.so.6	__lseek	GLIBC_2.2.5	default	func	global
libc.so.6	__lxstat	GLIBC_2.2.5	default	func	global
libc.so.6	__lxstat64	GLIBC_2.2.5	default	func	global
libc.so.6	__madvise	GLIBC_PRIVATE	default	func	global
libc.so.6	__malloc_hook	GLIBC_2.2.5	default	object	weak
libc.so.6	__malloc_initialize_hook	GLIBC_2.2.5	hidden	object	weak
libc.so.6	__mbrlen	GLIBC_2.2.5	default	func	global
libc.so.6	__mbrtowc	GLIBC_2.2.5	default	func	global
libc.so.6	__mbsnrtowcs_chk	GLIBC_2.4	default	func	global
libc.so.6	__mbsrtowcs_chk	GLIBC_2.4	default	func	global
libc.so.6	__mbstowcs_chk	GLIBC_2.4	default	func	global
libc.so.6	__memalign_hook	GLIBC_2.2.5	default	object	weak
libc.so.6	__memcpy_chk	GLIBC_2.3.4	default	ifunc	global
libc.so.6	__memmove_chk	GLIBC_2.3.4	default	ifunc	global
libc.so.6	__mempcpy	GLIBC_2.2.5	default	ifunc	global
libc.so.6	__mempcpy_chk	GLIBC_2.3.4	default	ifunc	global
libc.so.6	__mempcpy_small	GLIBC_2.2.5	hidden	func	global
libc.so.6	__memset_chk	GLIBC_2.3.4	default	ifunc	global
libc.so.6	__merge_grp	GLIBC_PRIVATE	default	func	global
libc.so.6	__mktemp	GLIBC_PRIVATE	default	func	global
libc.so.6	__mmap	GLIBC_PRIVATE	default	func	global
libc.so.6	__monstartup	GLIBC_2.2.5	default	func	global
libc.so.6	__morecore	GLIBC_2.2.5	default	object	global
libc.so.6	__mprotect	GLIBC_PRIVATE	default	func	global
libc.so.6	__munmap	GLIBC_PRIVATE	default	func	global
libc.so.6	__nanosleep	GLIBC_2.2.6	default	func	global
libc.so.6	__nanosleep_nocancel	GLIBC_PRIVATE	default	func	global
libc.so.6	__netlink_assert_response	GLIBC_PRIVATE	default	func	global
libc.so.6	__newlocale	GLIBC_2.2.5	default	func	global
libc.so.6	__nl_langinfo_l	GLIBC_2.2.5	default	func	global
libc.so.6	__nss_configure_lookup	GLIBC_2.2.5	default	func	global
libc.so.6	__nss_database_lookup	GLIBC_2.2.5	hidden	func	global
libc.so.6	__nss_database_lookup2	GLIBC_PRIVATE	default	func	global
libc.so.6	__nss_disable_nscd	GLIBC_PRIVATE	default	func	global
libc.so.6	__nss_files_fopen	GLIBC_PRIVATE	default	func	global
libc.so.6	__nss_group_lookup	GLIBC_2.2.5	hidden	func	global
libc.so.6	__nss_group_lookup2	GLIBC_PRIVATE	default	func	global
libc.so.6	__nss_hash	GLIBC_PRIVATE	default	func	global
libc.so.6	__nss_hostname_digits_dots	GLIBC_2.2.5	default	func	global
libc.so.6	__nss_hosts_lookup	GLIBC_2.2.5	hidden	func	global
libc.so.6	__nss_hosts_lookup2	GLIBC_PRIVATE	default	func	global
libc.so.6	__nss_lookup	GLIBC_PRIVATE	default	func	global
libc.so.6	__nss_lookup_function	GLIBC_PRIVATE	default	func	global
libc.so.6	__nss_next	GLIBC_2.2.5	hidden	func	global
libc.so.6	__nss_next2	GLIBC_PRIVATE	default	func	global
libc.so.6	__nss_parse_line_result	GLIBC_PRIVATE	default	func	global
libc.so.6	__nss_passwd_lookup	GLIBC_2.2.5	hidden	func	global
libc.so.6	__nss_passwd_lookup2	GLIBC_PRIVATE	default	func	global
libc.so.6	__nss_readline	GLIBC_PRIVATE	default	func	global
libc.so.6	__nss_services_lookup2	GLIBC_PRIVATE	default	func	global
libc.so.6	__obstack_printf_chk	GLIBC_2.8	default	func	global
libc.so.6	__obstack_vprintf_chk	GLIBC_2.8	default	func	global
libc.so.6	__open	GLIBC_2.2.5	default	func	weak
libc.so.6	__open64	GLIBC_2.2.5	default	func	weak
libc.so.6	__open64_2	GLIBC_2.7	default	func	global
libc.so.6	__open64_nocancel	GLIBC_PRIVATE	default	func	global
libc.so.6	__open_2	GLIBC_2.7	default	func	global
libc.so.6	__open_catalog	GLIBC_PRIVATE	default	func	global
libc.so.6	__open_nocancel	GLIBC_PRIVATE	default	func	global
libc.so.6	__openat64_2	GLIBC_2.7	default	func	global
libc.so.6	__openat_2	GLIBC_2.7	default	func	global
libc.so.6	__overflow	GLIBC_2.2.5	default	func	global
libc.so.6	__pause_nocancel	GLIBC_PRIVATE	default	func	global
libc.so.6	__pipe	GLIBC_2.2.5	default	func	global
libc.so.6	__poll	GLIBC_2.2.5	default	func	global
libc.so.6	__poll_chk	GLIBC_2.16	default	func	global
libc.so.6	__posix_getopt	GLIBC_2.10	default	func	global
libc.so.6	__ppoll_chk	GLIBC_2.16	default	func	global
libc.so.6	__pread64	GLIBC_2.2.5	default	func	weak
libc.so.6	__pread64_chk	GLIBC_2.4	default	func	global
libc.so.6	__pread64_nocancel	GLIBC_PRIVATE	default	func	global
libc.so.6	__pread_chk	GLIBC_2.4	default	func	global
libc.so.6	__printf_chk	GLIBC_2.3.4	default	func	global
libc.so.6	__printf_fp	GLIBC_2.2.5	default	func	global
libc.so.6	__profile_frequency	GLIBC_2.2.5	default	func	global
libc.so.6	__progname	GLIBC_2.2.5	default	object	global
libc.so.6	__progname_full	GLIBC_2.2.5	default	object	global
libc.so.6	__ptsname_r_chk	GLIBC_2.4	default	func	global
libc.so.6	__pwrite64	GLIBC_2.2.5	default	func	weak
libc.so.6	__rawmemchr	GLIBC_2.2.5	default	ifunc	global
libc.so.6	__rcmd_errstr	GLIBC_2.2.5	default	object	global
libc.so.6	__read	GLIBC_2.2.5	default	func	global
libc.so.6	__read_chk	GLIBC_2.4	default	func	global
libc.so.6	__read_nocancel	GLIBC_PRIVATE	default	func	global
libc.so.6	__readlink_chk	GLIBC_2.4	default	func	global
libc.so.6	__readlinkat_chk	GLIBC_2.5	default	func	global
libc.so.6	__realloc_hook	GLIBC_2.2.5	default	object	weak
libc.so.6	__realpath_chk	GLIBC_2.4	default	func	global
libc.so.6	__recv	GLIBC_PRIVATE	default	func	weak
libc.so.6	__recv_chk	GLIBC_2.4	default	func	global
libc.so.6	__recvfrom_chk	GLIBC_2.4	default	func	global
libc.so.6	__register_atfork	GLIBC_2.3.2	default	func	global
libc.so.6	__res_iclose	GLIBC_PRIVATE	default	func	global
libc.so.6	__res_init	GLIBC_2.2.5	default	func	global
libc.so.6	__res_nclose	GLIBC_2.2.5	default	func	global
libc.so.6	__res_ninit	GLIBC_2.2.5	default	func	global
libc.so.6	__res_randomid	GLIBC_2.2.5	default	func	global
libc.so.6	__res_state	GLIBC_2.2.5	default	func	global
libc.so.6	__resolv_context_get	GLIBC_PRIVATE	default	func	global
libc.so.6	__resolv_context_get_override	GLIBC_PRIVATE	default	func	global
libc.so.6	__resolv_context_get_preinit	GLIBC_PRIVATE	default	func	global
libc.so.6	__resolv_context_put	GLIBC_PRIVATE	default	func	global
libc.so.6	__resp	GLIBC_PRIVATE	default	tls	global
libc.so.6	__rpc_thread_createerr	GLIBC_2.2.5	hidden	func	global
libc.so.6	__rpc_thread_svc_fdset	GLIBC_2.2.5	hidden	func	global
libc.so.6	__rpc_thread_svc_max_pollfd	GLIBC_2.2.5	hidden	func	global
libc.so.6	__rpc_thread_svc_pollfd	GLIBC_2.2.5	hidden	func	global
libc.so.6	__sbrk	GLIBC_2.2.5	default	func	global
libc.so.6	__sched_cpualloc	GLIBC_2.7	default	func	global
libc.so.6	__sched_cpucount	GLIBC_2.6	default	ifunc	global
libc.so.6	__sched_cpufree	GLIBC_2.7	default	func	global
libc.so.6	__sched_get_priority_max	GLIBC_2.2.5	default	func	global
libc.so.6	__sched_get_priority_min	GLIBC_2.2.5	default	func	global
libc.so.6	__sched_getparam	GLIBC_2.2.5	default	func	global
libc.so.6	__sched_getscheduler	GLIBC_2.2.5	default	func	global
libc.so.6	__sched_setscheduler	GLIBC_2.2.5	default	func	global
libc.so.6	__sched_yield	GLIBC_2.2.5	default	func	global
libc.so.6	__secure_getenv	GLIBC_2.2.5	hidden	func	weak
libc.so.6	__select	GLIBC_2.2.5	default	func	global
libc.so.6	__send	GLIBC_2.2.5	default	func	global
libc.so.6	__sendmmsg	GLIBC_PRIVATE	default	func	global
libc.so.6	__setmntent	GLIBC_2.2.5	default	func	global
libc.so.6	__setpgid	GLIBC_2.2.5	default	func	global
libc.so.6	__sigaction	GLIBC_2.2.5	default	func	weak
libc.so.6	__sigaddset	GLIBC_2.2.5	hidden	func	global
libc.so.6	__sigdelset	GLIBC_2.2.5	hidden	func	global
libc.so.6	__sigismember	GLIBC_2.2.5	hidden	func	global
libc.so.6	__signbit	GLIBC_2.2.5	default	func	global
libc.so.6	__signbitf	GLIBC_2.2.5	default	func	global
libc.so.6	__signbitl	GLIBC_2.2.5	default	func	global
libc.so.6	__sigpause	GLIBC_2.2.5	default	func	global
libc.so.6	__sigsetjmp	GLIBC_2.2.5	default	func	global
libc.so.6	__sigsuspend	GLIBC_2.2.5	default	func	global
libc.so.6	__sigtimedwait	GLIBC_PRIVATE	default	func	global
libc.so.6	__snprintf	GLIBC_PRIVATE	default	func	global
libc.so.6	__snprintf_chk	GLIBC_2.3.4	default	func	global
libc.so.6	__socket	GLIBC_PRIVATE	default	func	global
libc.so.6	__sprintf_chk	GLIBC_2.3.4	default	func	global
libc.so.6	__stack_chk_fail	GLIBC_2.4	default	func	global
libc.so.6	__statfs	GLIBC_2.2.5	default	func	global
libc.so.6	__stpcpy	GLIBC_2.2.5	default	ifunc	global
libc.so.6	__stpcpy_chk	GLIBC_2.3.4	default	func	global
libc.so.6	__stpcpy_small	GLIBC_2.2.5	hidden	func	global
libc.so.6	__stpncpy	GLIBC_2.2.5	default	ifunc	global
libc.so.6	__stpncpy_chk	GLIBC_2.4	default	func	global
libc.so.6	__strcasecmp	GLIBC_2.2.5	default	ifunc	global
libc.so.6	__strcasecmp_l	GLIBC_2.2.5	default	ifunc	global
libc.so.6	__strcasestr	GLIBC_2.2.5	default	func	global
libc.so.6	__strcat_chk	GLIBC_2.3.4	default	func	global
libc.so.6	__strcoll_l	GLIBC_2.2.5	default	func	global
libc.so.6	__strcpy_chk	GLIBC_2.3.4	default	func	global
libc.so.6	__strcpy_small	GLIBC_2.2.5	hidden	func	global
libc.so.6	__strcspn_c1	GLIBC_2.2.5	hidden	func	global
libc.so.6	__strcspn_c2	GLIBC_2.2.5	hidden	func	global
libc.so.6	__strcspn_c3	GLIBC_2.2.5	hidden	func	global
libc.so.6	__strdup	GLIBC_2.2.5	default	func	global
libc.so.6	__strerror_r	GLIBC_2.2.5	default	func	global
libc.so.6	__strfmon_l	GLIBC_2.2.5	default	func	global
libc.so.6	__strftime_l	GLIBC_2.3	default	func	global
libc.so.6	__strncasecmp_l	GLIBC_2.2.5	default	ifunc	global
libc.so.6	__strncat_chk	GLIBC_2.3.4	default	func	global
libc.so.6	__strncpy_chk	GLIBC_2.3.4	default	func	global
libc.so.6	__strndup	GLIBC_2.2.5	default	func	global
libc.so.6	__strpbrk_c2	GLIBC_2.2.5	hidden	func	global
libc.so.6	__strpbrk_c3	GLIBC_2.2.5	hidden	func	global
libc.so.6	__strsep_1c	GLIBC_2.2.5	hidden	func	global
libc.so.6	__strsep_2c	GLIBC_2.2.5	hidden	func	global
libc.so.6	__strsep_3c	GLIBC_2.2.5	hidden	func	global
libc.so.6	__strsep_g	GLIBC_2.2.5	default	func	global
libc.so.6	__strspn_c1	GLIBC_2.2.5	hidden	func	global
libc.so.6	__strspn_c2	GLIBC_2.2.5	hidden	func	global
libc.so.6	__strspn_c3	GLIBC_2.2.5	hidden	func	global
libc.so.6	__strtod_internal	GLIBC_2.2.5	default	func	global
libc.so.6	__strtod_l	GLIBC_2.2.5	default	func	global
libc.so.6	__strtod_nan	GLIBC_PRIVATE	default	func	global
libc.so.6	__strtof128_internal	GLIBC_2.26	default	func	global
libc.so.6	__strtof128_nan	GLIBC_PRIVATE	default	func	global
libc.so.6	__strtof_internal	GLIBC_2.2.5	default	func	global
libc.so.6	__strtof_l	GLIBC_2.2.5	default	func	global
libc.so.6	__strtof_nan	GLIBC_PRIVATE	default	func	global
libc.so.6	__strtok_r	GLIBC_2.2.5	default	func	global
libc.so.6	__strtok_r_1c	GLIBC_2.2.5	hidden	func	global
libc.so.6	__strtol_internal	GLIBC_2.2.5	default	func	global
libc.so.6	__strtol_l	GLIBC_2.2.5	default	func	global
libc.so.6	__strtold_internal	GLIBC_2.2.5	default	func	global
libc.so.6	__strtold_l	GLIBC_2.2.5	default	func	global
libc.so.6	__strtold_nan	GLIBC_PRIVATE	default	func	global
libc.so.6	__strtoll_internal	GLIBC_2.2.5	default	func	global
libc.so.6	__strtoll_l	GLIBC_2.2.5	default	func	weak
libc.so.6	__strtoul_internal	GLIBC_2.2.5	default	func	global
libc.so.6	__strtoul_l	GLIBC_2.2.5	default	func	global
libc.so.6	__strtoull_internal	GLIBC_2.2.5	default	func	global
libc.so.6	__strtoull_l	GLIBC_2.2.5	default	func	weak
libc.so.6	__strverscmp	GLIBC_2.2.5	default	func	global
libc.so.6	__strxfrm_l	GLIBC_2.2.5	default	func	global
libc.so.6	__swprintf_chk	GLIBC_2.4	default	func	global
libc.so.6	__sysconf	GLIBC_2.2.5	default	func	global
libc.so.6	__sysctl	GLIBC_2.2.5	default	func	global
libc.so.6	__syslog_chk	GLIBC_2.4	default	func	global
libc.so.6	__sysv_signal	GLIBC_2.2.5	default	func	global
libc.so.6	__tdelete	GLIBC_PRIVATE	default	func	global
libc.so.6	__tfind	GLIBC_PRIVATE	default	func	global
libc.so.6	__timezone	GLIBC_2.2.5	default	object	global
libc.so.6	__toascii_l	GLIBC_2.2.5	default	func	weak
libc.so.6	__tolower_l	GLIBC_2.2.5	default	func	global
libc.so.6	__toupper_l	GLIBC_2.2.5	default	func	global
libc.so.6	__towctrans	GLIBC_2.2.5	default	func	global
libc.so.6	__towctrans_l	GLIBC_2.2.5	default	func	global
libc.so.6	__towlower_l	GLIBC_2.2.5	default	func	global
libc.so.6	__towupper_l	GLIBC_2.2.5	default	func	global
libc.so.6	__tsearch	GLIBC_PRIVATE	default	func	global
libc.so.6	__ttyname_r_chk	GLIBC_2.4	default	func	global
libc.so.6	__twalk	GLIBC_PRIVATE	default	func	global
libc.so.6	__tzname	GLIBC_2.2.5	default	object	global
libc.so.6	__uflow	GLIBC_2.2.5	default	func	global
libc.so.6	__underflow	GLIBC_2.2.5	default	func	global
libc.so.6	__uselocale	GLIBC_2.3	default	func	global
libc.so.6	__vasprintf_chk	GLIBC_2.8	default	func	global
libc.so.6	__vdprintf_chk	GLIBC_2.8	default	func	global
libc.so.6	__vfork	GLIBC_2.2.5	default	func	global
libc.so.6	__vfprintf_chk	GLIBC_2.3.4	default	func	global
libc.so.6	__vfscanf	GLIBC_2.2.5	default	func	global
libc.so.6	__vfwprintf_chk	GLIBC_2.4	default	func	global
libc.so.6	__vprintf_chk	GLIBC_2.3.4	default	func	global
libc.so.6	__vsnprintf	GLIBC_2.2.5	default	func	weak
libc.so.6	__vsnprintf_chk	GLIBC_2.3.4	default	func	global
libc.so.6	__vsprintf_chk	GLIBC_2.3.4	default	func	global
libc.so.6	__vsscanf	GLIBC_2.2.5	default	func	weak
libc.so.6	__vswprintf_chk	GLIBC_2.4	default	func	global
libc.so.6	__vsyslog_chk	GLIBC_2.4	default	func	global
libc.so.6	__vwprintf_chk	GLIBC_2.4	default	func	global
libc.so.6	__wait	GLIBC_2.2.5	default	func	weak
libc.so.6	__waitpid	GLIBC_2.2.5	default	func	global
libc.so.6	__wcpcpy_chk	GLIBC_2.4	default	func	global
libc.so.6	__wcpncpy_chk	GLIBC_2.4	default	func	global
libc.so.6	__wcrtomb_chk	GLIBC_2.4	default	func	global
libc.so.6	__wcscasecmp_l	GLIBC_2.2.5	default	func	global
libc.so.6	__wcscat_chk	GLIBC_2.4	default	func	global
libc.so.6	__wcscoll_l	GLIBC_2.2.5	default	func	global
libc.so.6	__wcscpy_chk	GLIBC_2.4	default	func	global
libc.so.6	__wcsftime_l	GLIBC_2.3	default	func	global
libc.so.6	__wcsncasecmp_l	GLIBC_2.2.5	default	func	global
libc.so.6	__wcsncat_chk	GLIBC_2.4	default	func	global
libc.so.6	__wcsncpy_chk	GLIBC_2.4	default	func	global
libc.so.6	__wcsnrtombs_chk	GLIBC_2.4	default	func	global
libc.so.6	__wcsrtombs_chk	GLIBC_2.4	default	func	global
libc.so.6	__wcstod_internal	GLIBC_2.2.5	default	func	global
libc.so.6	__wcstod_l	GLIBC_2.2.5	default	func	global
libc.so.6	__wcstof128_internal	GLIBC_2.26	default	func	global
libc.so.6	__wcstof_internal	GLIBC_2.2.5	default	func	global
libc.so.6	__wcstof_l	GLIBC_2.2.5	default	func	global
libc.so.6	__wcstol_internal	GLIBC_2.2.5	default	func	global
libc.so.6	__wcstol_l	GLIBC_2.2.5	default	func	global
libc.so.6	__wcstold_internal	GLIBC_2.2.5	default	func	global
libc.so.6	__wcstold_l	GLIBC_2.2.5	default	func	global
libc.so.6	__wcstoll_internal	GLIBC_2.2.5	default	func	global
libc.so.6	__wcstoll_l	GLIBC_2.2.5	default	func	weak
libc.so.6	__wcstombs_chk	GLIBC_2.4	default	func	global
libc.so.6	__wcstoul_internal	GLIBC_2.2.5	default	func	global
libc.so.6	__wcstoul_l	GLIBC_2.2.5	default	func	global
libc.so.6	__wcstoull_internal	GLIBC_2.2.5	default	func	global
libc.so.6	__wcstoull_l	GLIBC_2.2.5	default	func	weak
libc.so.6	__wcsxfrm_l	GLIBC_2.2.5	default	func	global
libc.so.6	__wctomb_chk	GLIBC_2.4	default	func	global
libc.so.6	__wctrans_l	GLIBC_2.2.5	default	func	global
libc.so.6	__wctype_l	GLIBC_2.2.5	default	func	global
libc.so.6	__wmemcpy_chk	GLIBC_2.4	default	func	global
libc.so.6	__wmemmove_chk	GLIBC_2.4	default	func	global
libc.so.6	__wmempcpy_chk	GLIBC_2.4	default	func	global
libc.so.6	__wmemset_chk	GLIBC_2.4	default	ifunc	global
libc.so.6	__woverflow	GLIBC_2.2.5	default	func	global
libc.so.6	__wprintf_chk	GLIBC_2.4	default	func	global
libc.so.6	__write	GLIBC_2.2.5	default	func	weak
libc.so.6	__write_nocancel	GLIBC_PRIVATE	default	func	global
libc.so.6	__wuflow	GLIBC_2.2.5	default	func	global
libc.so.6	__wunderflow	GLIBC_2.2.5	default	func	global
libc.so.6	__xmknod	GLIBC_2.2.5	default	func	global
libc.so.6	__xmknodat	GLIBC_2.4	default	func	global
libc.so.6	__xpg_basename	GLIBC_2.2.5	default	func	global
libc.so.6	__xpg_sigpause	GLIBC_2.2.5	default	func	weak
libc.so.6	__xpg_strerror_r	GLIBC_2.3.4	default	func	global
libc.so.6	__xstat	GLIBC_2.2.5	default	func	global
libc.so.6	__xstat64	GLIBC_2.2.5	default	func	global
libc.so.6	_authenticate	GLIBC_2.2.5	hidden	func	global
libc.so.6	_dl_addr	GLIBC_PRIVATE	default	func	global
libc.so.6	_dl_catch_error	GLIBC_PRIVATE	default	func	global
libc.so.6	_dl_catch_exception	GLIBC_PRIVATE	default	func	global
libc.so.6	_dl_mcount_wrapper	GLIBC_2.2.5	default	func	global
libc.so.6	_dl_mcount_wrapper_check	GLIBC_2.2.5	default	func	global
libc.so.6	_dl_open_hook	GLIBC_PRIVATE	default	object	global
libc.so.6	_dl_open_hook2	GLIBC_PRIVATE	default	object	global
libc.so.6	_dl_signal_error	GLIBC_PRIVATE	default	func	global
libc.so.6	_dl_signal_exception	GLIBC_PRIVATE	default	func	global
libc.so.6	_dl_sym	GLIBC_PRIVATE	default	func	global
libc.so.6	_dl_vsym	GLIBC_PRIVATE	default	func	global
libc.so.6	_environ	GLIBC_2.2.5	default	object	weak
libc.so.6	_exit	GLIBC_2.2.5	default	func	global
libc.so.6	_flushlbf	GLIBC_2.2.5	default	func	weak
libc.so.6	_itoa_lower_digits	GLIBC_PRIVATE	default	object	global
libc.so.6	_libc_intl_domainname	GLIBC_2.2.5	default	object	global
libc.so.6	_longjmp	GLIBC_2.2.5	default	func	weak
libc.so.6	_mcleanup	GLIBC_2.2.5	default	func	global
libc.so.6	_mcount	GLIBC_2.2.5	default	func	global
libc.so.6	_nl_default_dirname	GLIBC_2.2.5	default	object	global
libc.so.6	_nl_domain_bindings	GLIBC_2.2.5	default	object	global
libc.so.6	_nl_msg_cat_cntr	GLIBC_2.2.5	default	object	global
libc.so.6	_nss_files_parse_grent	GLIBC_PRIVATE	default	func	global
libc.so.6	_nss_files_parse_pwent	GLIBC_PRIVATE	default	func	global
libc.so.6	_nss_files_parse_sgent	GLIBC_PRIVATE	default	func	global
libc.so.6	_nss_files_parse_spent	GLIBC_PRIVATE	default	func	global
libc.so.6	_null_auth	GLIBC_2.2.5	hidden	object	global
libc.so.6	_obstack	GLIBC_2.2.5	hidden	object	global
libc.so.6	_obstack_allocated_p	GLIBC_2.2.5	default	func	global
libc.so.6	_obstack_begin	GLIBC_2.2.5	default	func	global
libc.so.6	_obstack_begin_1	GLIBC_2.2.5	default	func	global
libc.so.6	_obstack_free	GLIBC_2.2.5	default	func	global
libc.so.6	_obstack_memory_used	GLIBC_2.2.5	default	func	global
libc.so.6	_obstack_newchunk	GLIBC_2.2.5	default	func	global
libc.so.6	_res	GLIBC_2.2.5	hidden	object	global
libc.so.6	_res_hconf	GLIBC_2.2.5	default	object	global
libc.so.6	_rpc_dtablesize	GLIBC_2.2.5	hidden	func	global
libc.so.6	_seterr_reply	GLIBC_2.2.5	hidden	func	global
libc.so.6	_setjmp	GLIBC_2.2.5	default	func	global
libc.so.6	_sys_errlist	GLIBC_2.12	default	object	global
libc.so.6	_sys_errlist	GLIBC_2.2.5	hidden	object	global
libc.so.6	_sys_errlist	GLIBC_2.3	hidden	object	global
libc.so.6	_sys_errlist	GLIBC_2.4	hidden	object	global
libc.so.6	_sys_nerr	GLIBC_2.12	default	object	global
libc.so.6	_sys_nerr	GLIBC_2.2.5	hidden	object	global
libc.so.6	_sys_nerr	GLIBC_2.3	hidden	object	global
libc.so.6	_sys_nerr	GLIBC_2.4	hidden	object	global
libc.so.6	_sys_siglist	GLIBC_2.2.5	hidden	object	global
libc.so.6	_sys_siglist	GLIBC_2.3.3	default	object	global
libc.so.6	_tolower	GLIBC_2.2.5	default	func	global
libc.so.6	_toupper	GLIBC_2.2.5	default	func	global
libc.so.6	a64l	GLIBC_2.2.5	default	func	global
libc.so.6	abort	GLIBC_2.2.5	default	func	global
libc.so.6	abs	GLIBC_2.2.5	default	func	global
libc.so.6	accept	GLIBC_2.2.5	default	func	global
libc.so.6	accept4	GLIBC_2.10	default	func	global
libc.so.6	access	GLIBC_2.2.5	default	func	weak
libc.so.6	acct	GLIBC_2.2.5	default	func	global
libc.so.6	addmntent	GLIBC_2.2.5	default	func	weak
libc.so.6	addseverity	GLIBC_2.2.5	default	func	weak
libc.so.6	adjtime	GLIBC_2.2.5	default	func	weak
libc.so.6	adjtimex	GLIBC_2.2.5	default	func	weak
libc.so.6	advance	GLIBC_2.2.5	hidden	func	weak
libc.so.6	alarm	GLIBC_2.2.5	default	func	global
libc.so.6	aligned_alloc	GLIBC_2.16	default	func	weak
libc.so.6	alphasort	GLIBC_2.2.5	default	func	weak
libc.so.6	alphasort64	GLIBC_2.2.5	default	func	weak
libc.so.6	arch_prctl	GLIBC_2.2.5	default	func	weak
libc.so.6	argp_err_exit_status	GLIBC_2.2.5	default	object	global
libc.so.6	argp_error	GLIBC_2.2.5	default	func	weak
libc.so.6	argp_failure	GLIBC_2.2.5	default	func	weak
libc.so.6	argp_help	GLIBC_2.2.5	default	func	weak
libc.so.6	argp_parse	GLIBC_2.2.5	default	func	weak
libc.so.6	argp_program_bug_address	GLIBC_2.2.5	default	object	global
libc.so.6	argp_program_version	GLIBC_2.2.5	default	object	global
libc.so.6	argp_program_version_hook	GLIBC_2.2.5	default	object	global
libc.so.6	argp_state_help	GLIBC_2.2.5	default	func	weak
libc.so.6	argp_usage	GLIBC_2.2.5	default	func	weak
libc.so.6	argz_add	GLIBC_2.2.5	default	func	weak
libc.so.6	argz_add_sep	GLIBC_2.2.5	default	func	weak
libc.so.6	argz_append	GLIBC_2.2.5	default	func	weak
libc.so.6	argz_count	GLIBC_2.2.5	default	func	weak
libc.so.6	argz_create	GLIBC_2.2.5	default	func	weak
libc.so.6	argz_create_sep	GLIBC_2.2.5	default	func	weak
libc.so.6	argz_delete	GLIBC_2.2.5	default	func	global
libc.so.6	argz_extract	GLIBC_2.2.5	default	func	weak
libc.so.6	argz_insert	GLIBC_2.2.5	default	func	weak
libc.so.6	argz_next	GLIBC_2.2.5	default	func	weak
libc.so.6	argz_replace	GLIBC_2.2.5	default	func	weak
libc.so.6	argz_stringify	GLIBC_2.2.5	default	func	weak
libc.so.6	asctime	GLIBC_2.2.5	default	func	global
libc.so.6	asctime_r	GLIBC_2.2.5	default	func	weak
libc.so.6	asprintf	GLIBC_2.2.5	default	func	weak
libc.so.6	atof	GLIBC_2.2.5	default	func	global
libc.so.6	atoi	GLIBC_2.2.5	default	func	global
libc.so.6	atol	GLIBC_2.2.5	default	func	global
libc.so.6	atoll	GLIBC_2.2.5	default	func	global
libc.so.6	authdes_create	GLIBC_2.2.5	hidden	func	global
libc.so.6	authdes_getucred	GLIBC_2.2.5	hidden	func	global
libc.so.6	authdes_pk_create	GLIBC_2.2.5	hidden	func	global
libc.so.6	authnone_create	GLIBC_2.2.5	hidden	func	global
libc.so.6	authunix_create	GLIBC_2.2.5	hidden	func	global
libc.so.6	authunix_create_default	GLIBC_2.2.5	hidden	func	global
libc.so.6	backtrace	GLIBC_2.2.5	default	func	weak
libc.so.6	backtrace_symbols	GLIBC_2.2.5	default	func	weak
libc.so.6	backtrace_symbols_fd	GLIBC_2.2.5	default	func	weak
libc.so.6	basename	GLIBC_2.2.5	default	func	weak
libc.so.6	bcmp	GLIBC_2.2.5	default	ifunc	weak
libc.so.6	bcopy	GLIBC_2.2.5	default	func	global
libc.so.6	bdflush	GLIBC_2.2.5	hidden	func	global
libc.so.6	bind	GLIBC_2.2.5	default	func	weak
libc.so.6	bind_textdomain_codeset	GLIBC_2.2.5	default	func	weak
libc.so.6	bindresvport	GLIBC_2.2.5	default	func	global
libc.so.6	bindtextdomain	GLIBC_2.2.5	default	func	weak
libc.so.6	brk	GLIBC_2.2.5	default	func	weak
libc.so.6	bsd_signal	GLIBC_2.2.5	default	func	weak
libc.so.6	bsearch	GLIBC_2.2.5	default	func	global
libc.so.6	btowc	GLIBC_2.2.5	default	func	weak
libc.so.6	bzero	GLIBC_2.2.5	default	ifunc	weak
libc.so.6	c16rtomb	GLIBC_2.16	default	func	global
libc.so.6	c32rtomb	GLIBC_2.16	default	func	weak
libc.so.6	calloc	GLIBC_2.2.5	default	func	weak
libc.so.6	callrpc	GLIBC_2.2.5	hidden	func	global
libc.so.6	canonicalize_file_name	GLIBC_2.2.5	default	func	weak
libc.so.6	capget	GLIBC_2.2.5	default	func	global
libc.so.6	capset	GLIBC_2.2.5	default	func	global
libc.so.6	catclose	GLIBC_2.2.5	default	func	global
libc.so.6	catgets	GLIBC_2.2.5	default	func	global
libc.so.6	catopen	GLIBC_2.2.5	default	func	global
libc.so.6	cbc_crypt	GLIBC_2.2.5	hidden	func	global
libc.so.6	cfgetispeed	GLIBC_2.2.5	default	func	global
libc.so.6	cfgetospeed	GLIBC_2.2.5	default	func	global
libc.so.6	cfmakeraw	GLIBC_2.2.5	default	func	global
libc.so.6	cfree	GLIBC_2.2.5	hidden	func	global
libc.so.6	cfsetispeed	GLIBC_2.2.5	default	func	global
libc.so.6	cfsetospeed	GLIBC_2.2.5	default	func	global
libc.so.6	cfsetspeed	GLIBC_2.2.5	default	func	global
libc.so.6	chdir	GLIBC_2.2.5	default	func	weak
libc.so.6	chflags	GLIBC_2.2.5	default	func	global
libc.so.6	chmod	GLIBC_2.2.5	default	func	weak
libc.so.6	chown	GLIBC_2.2.5	default	func	weak
libc.so.6	chroot	GLIBC_2.2.5	default	func	global
libc.so.6	clearenv	GLIBC_2.2.5	default	func	weak
libc.so.6	clearerr	GLIBC_2.2.5	default	func	global
libc.so.6	clearerr_unlocked	GLIBC_2.2.5	default	func	global
libc.so.6	clnt_broadcast	GLIBC_2.2.5	hidden	func	global
libc.so.6	clnt_create	GLIBC_2.2.5	hidden	func	global
libc.so.6	clnt_pcreateerror	GLIBC_2.2.5	hidden	func	global
libc.so.6	clnt_perrno	GLIBC_2.2.5	hidden	func	global
libc.so.6	clnt_perror	GLIBC_2.2.5	hidden	func	global
libc.so.6	clnt_spcreateerror	GLIBC_2.2.5	hidden	func	global
libc.so.6	clnt_sperrno	GLIBC_2.2.5	default	func	global
libc.so.6	clnt_sperror	GLIBC_2.2.5	hidden	func	global
libc.so.6	clntraw_create	GLIBC_2.2.5	hidden	func	global
libc.so.6	clnttcp_create	GLIBC_2.2.5	hidden	func	global
libc.so.6	clntudp_bufcreate	GLIBC_2.2.5	hidden	func	global
libc.so.6	clntudp_create	GLIBC_2.2.5	hidden	func	global
libc.so.6	clntunix_create	GLIBC_2.2.5	hidden	func	global
libc.so.6	clock	GLIBC_2.2.5	default	func	global
libc.so.6	clock_adjtime	GLIBC_2.14	default	func	global
libc.so.6	clock_getcpuclockid	GLIBC_2.17	default	func	global
libc.so.6	clock_getcpuclockid	GLIBC_2.2.5	hidden	func	global
libc.so.6	clock_getres	GLIBC_2.17	default	func	global
libc.so.6	clock_getres	GLIBC_2.2.5	hidden	func	global
libc.so.6	clock_gettime	GLIBC_2.17	default	func	global
libc.so.6	clock_gettime	GLIBC_2.2.5	hidden	func	global
libc.so.6	clock_nanosleep	GLIBC_2.17	default	func	global
libc.so.6	clock_nanosleep	GLIBC_2.2.5	hidden	func	global
libc.so.6	clock_settime	GLIBC_2.17	default	func	global
libc.so.6	clock_settime	GLIBC_2.2.5	hidden	func	global
libc.so.6	clone	GLIBC_2.2.5	default	func	weak
libc.so.6	close	GLIBC_2.2.5	default	func	weak
libc.so.6	closedir	GLIBC_2.2.5	default	func	weak
libc.so.6	closelog	GLIBC_2.2.5	default	func	global
libc.so.6	confstr	GLIBC_2.2.5	default	func	global
libc.so.6	connect	GLIBC_2.2.5	default	func	weak
libc.so.6	copy_file_range	GLIBC_2.27	default	func	global
libc.so.6	copysign	GLIBC_2.2.5	default	func	weak
libc.so.6	copysignf	GLIBC_2.2.5	default	func	weak
libc.so.6	copysignl	GLIBC_2.2.5	default	func	weak
libc.so.6	creat	GLIBC_2.2.5	default	func	weak
libc.so.6	creat64	GLIBC_2.2.5	default	func	weak
libc.so.6	create_module	GLIBC_2.2.5	hidden	func	global
libc.so.6	ctermid	GLIBC_2.2.5	default	func	global
libc.so.6	ctime	GLIBC_2.2.5	default	func	global
libc.so.6	ctime_r	GLIBC_2.2.5	default	func	global
libc.so.6	cuserid	GLIBC_2.2.5	default	func	global
libc.so.6	daemon	GLIBC_2.2.5	default	func	global
libc.so.6	daylight	GLIBC_2.2.5	default	object	weak
libc.so.6	dcgettext	GLIBC_2.2.5	default	func	weak
libc.so.6	dcngettext	GLIBC_2.2.5	default	func	weak
libc.so.6	delete_module	GLIBC_2.2.5	default	func	global
libc.so.6	des_setparity	GLIBC_2.2.5	hidden	func	global
libc.so.6	dgettext	GLIBC_2.2.5	default	func	weak
libc.so.6	difftime	GLIBC_2.2.5	default	func	global
libc.so.6	dirfd	GLIBC_2.2.5	default	func	global
libc.so.6	dirname	GLIBC_2.2.5	default	func	global
libc.so.6	div	GLIBC_2.2.5	default	func	global
libc.so.6	dl_iterate_phdr	GLIBC_2.2.5	default	func	weak
libc.so.6	dngettext	GLIBC_2.2.5	default	func	weak
libc.so.6	dprintf	GLIBC_2.2.5	default	func	global
libc.so.6	drand48	GLIBC_2.2.5	default	func	global
libc.so.6	drand48_r	GLIBC_2.2.5	default	func	global
libc.so.6	dup	GLIBC_2.2.5	default	func	weak
libc.so.6	dup2	GLIBC_2.2.5	default	func	weak
libc.so.6	dup3	GLIBC_2.9	default	func	weak
libc.so.6	duplocale	GLIBC_2.3	default	func	weak
libc.so.6	dysize	GLIBC_2.2.5	default	func	global
libc.so.6	eaccess	GLIBC_2.4	default	func	weak
libc.so.6	ecb_crypt	GLIBC_2.2.5	hidden	func	global
libc.so.6	ecvt	GLIBC_2.2.5	default	func	global
libc.so.6	ecvt_r	GLIBC_2.2.5	default	func	weak
libc.so.6	endaliasent	GLIBC_2.2.5	default	func	global
libc.so.6	endfsent	GLIBC_2.2.5	default	func	global
libc.so.6	endgrent	GLIBC_2.2.5	default	func	global
libc.so.6	endhostent	GLIBC_2.2.5	default	func	global
libc.so.6	endmntent	GLIBC_2.2.5	default	func	weak
libc.so.6	endnetent	GLIBC_2.2.5	default	func	global
libc.so.6	endnetgrent	GLIBC_2.2.5	default	func	global
libc.so.6	endprotoent	GLIBC_2.2.5	default	func	global
libc.so.6	endpwent	GLIBC_2.2.5	default	func	global
libc.so.6	endrpcent	GLIBC_2.2.5	default	func	global
libc.so.6	endservent	GLIBC_2.2.5	default	func	global
libc.so.6	endsgent	GLIBC_2.10	default	func	global
libc.so.6	endspent	GLIBC_2.2.5	default	func	global
libc.so.6	endttyent	GLIBC_2.2.5	default	func	weak
libc.so.6	endusershell	GLIBC_2.2.5	default	func	global
libc.so.6	endutent	GLIBC_2.2.5	default	func	weak
libc.so.6	endutxent	GLIBC_2.2.5	default	func	global
libc.so.6	environ	GLIBC_2.2.5	default	object	weak
libc.so.6	envz_add	GLIBC_2.2.5	default	func	global
libc.so.6	envz_entry	GLIBC_2.2.5	default	func	global
libc.so.6	envz_get	GLIBC_2.2.5	default	func	global
libc.so.6	envz_merge	GLIBC_2.2.5	default	func	global
libc.so.6	envz_remove	GLIBC_2.2.5	default	func	global
libc.so.6	envz_strip	GLIBC_2.2.5	default	func	global
libc.so.6	epoll_create	GLIBC_2.3.2	default	func	global
libc.so.6	epoll_create1	GLIBC_2.9	default	func	global
libc.so.6	epoll_ctl	GLIBC_2.3.2	default	func	global
libc.so.6	epoll_pwait	GLIBC_2.6	default	func	global
libc.so.6	epoll_wait	GLIBC_2.3.2	default	func	global
libc.so.6	erand48	GLIBC_2.2.5	default	func	global
libc.so.6	erand48_r	GLIBC_2.2.5	default	func	weak
libc.so.6	err	GLIBC_2.2.5	default	func	global
libc.so.6	errno	GLIBC_PRIVATE	default	tls	global
libc.so.6	error	GLIBC_2.2.5	default	func	weak
libc.so.6	error_at_line	GLIBC_2.2.5	default	func	weak
libc.so.6	error_message_count	GLIBC_2.2.5	default	object	global
libc.so.6	error_one_per_line	GLIBC_2.2.5	default	object	global
libc.so.6	error_print_progname	GLIBC_2.2.5	default	object	global
libc.so.6	errx	GLIBC_2.2.5	default	func	global
libc.so.6	ether_aton	GLIBC_2.2.5	default	func	global
libc.so.6	ether_aton_r	GLIBC_2.2.5	default	func	global
libc.so.6	ether_hostton	GLIBC_2.2.5	default	func	global
libc.so.6	ether_line	GLIBC_2.2.5	default	func	global
libc.so.6	ether_ntoa	GLIBC_2.2.5	default	func	global
libc.so.6	ether_ntoa_r	GLIBC_2.2.5	default	func	global
libc.so.6	ether_ntohost	GLIBC_2.2.5	default	func	global
libc.so.6	euidaccess	GLIBC_2.2.5	default	func	weak
libc.so.6	eventfd	GLIBC_2.7	default	func	global
libc.so.6	eventfd_read	GLIBC_2.7	default	func	global
libc.so.6	eventfd_write	GLIBC_2.7	default	func	global
libc.so.6	execl	GLIBC_2.2.5	default	func	global
libc.so.6	execle	GLIBC_2.2.5	default	func	global
libc.so.6	execlp	GLIBC_2.2.5	default	func	global
libc.so.6	execv	GLIBC_2.2.5	default	func	global
libc.so.6	execve	GLIBC_2.2.5	default	func	weak
libc.so.6	execvp	GLIBC_2.2.5	default	func	global
libc.so.6	execvpe	GLIBC_2.11	default	func	weak
libc.so.6	exit	GLIBC_2.2.5	default	func	global
libc.so.6	explicit_bzero	GLIBC_2.25	default	func	global
libc.so.6	faccessat	GLIBC_2.4	default	func	global
libc.so.6	fallocate	GLIBC_2.10	default	func	weak
libc.so.6	fallocate64	GLIBC_2.10	default	func	global
libc.so.6	fanotify_init	GLIBC_2.13	default	func	global
libc.so.6	fanotify_mark	GLIBC_2.13	default	func	global
libc.so.6	fattach	GLIBC_2.2.5	default	func	global
libc.so.6	fchdir	GLIBC_2.2.5	default	func	weak
libc.so.6	fchflags	GLIBC_2.2.5	default	func	global
libc.so.6	fchmod	GLIBC_2.2.5	default	func	weak
libc.so.6	fchmodat	GLIBC_2.4	default	func	global
libc.so.6	fchown	GLIBC_2.2.5	default	func	weak
libc.so.6	fchownat	GLIBC_2.4	default	func	global
libc.so.6	fclose	GLIBC_2.2.5	default	func	global
libc.so.6	fcloseall	GLIBC_2.2.5	default	func	weak
libc.so.6	fcntl	GLIBC_2.2.5	default	func	weak
libc.so.6	fcntl64	GLIBC_2.28	default	func	weak
libc.so.6	fcvt	GLIBC_2.2.5	default	func	global
libc.so.6	fcvt_r	GLIBC_2.2.5	default	func	weak
libc.so.6	fdatasync	GLIBC_2.2.5	default	func	global
libc.so.6	fdetach	GLIBC_2.2.5	default	func	global
libc.so.6	fdopen	GLIBC_2.2.5	default	func	global
libc.so.6	fdopendir	GLIBC_2.4	default	func	weak
libc.so.6	feof	GLIBC_2.2.5	default	func	weak
libc.so.6	feof_unlocked	GLIBC_2.2.5	default	func	weak
libc.so.6	ferror	GLIBC_2.2.5	default	func	weak
libc.so.6	ferror_unlocked	GLIBC_2.2.5	default	func	weak
libc.so.6	fexecve	GLIBC_2.2.5	default	func	global
libc.so.6	fflush	GLIBC_2.2.5	default	func	weak
libc.so.6	fflush_unlocked	GLIBC_2.2.5	default	func	weak
libc.so.6	ffs	GLIBC_2.2.5	default	func	global
libc.so.6	ffsl	GLIBC_2.2.5	default	func	weak
libc.so.6	ffsll	GLIBC_2.2.5	default	func	global
libc.so.6	fgetc	GLIBC_2.2.5	default	func	weak
libc.so.6	fgetc_unlocked	GLIBC_2.2.5	default	func	weak
libc.so.6	fgetgrent	GLIBC_2.2.5	default	func	global
libc.so.6	fgetgrent_r	GLIBC_2.2.5	default	func	weak
libc.so.6	fgetpos	GLIBC_2.2.5	default	func	global
libc.so.6	fgetpos64	GLIBC_2.2.5	default	func	global
libc.so.6	fgetpwent	GLIBC_2.2.5	default	func	global
libc.so.6	fgetpwent_r	GLIBC_2.2.5	default	func	weak
libc.so.6	fgets	GLIBC_2.2.5	default	func	weak
libc.so.6	fgets_unlocked	GLIBC_2.2.5	default	func	weak
libc.so.6	fgetsgent	GLIBC_2.10	default	func	global
libc.so.6	fgetsgent_r	GLIBC_2.10	default	func	weak
libc.so.6	fgetspent	GLIBC_2.2.5	default	func	global
libc.so.6	fgetspent_r	GLIBC_2.2.5	default	func	weak
libc.so.6	fgetwc	GLIBC_2.2.5	default	func	weak
libc.so.6	fgetwc_unlocked	GLIBC_2.2.5	default	func	weak
libc.so.6	fgetws	GLIBC_2.2.5	default	func	global
libc.so.6	fgetws_unlocked	GLIBC_2.2.5	default	func	global
libc.so.6	fgetxattr	GLIBC_2.3	default	func	global
libc.so.6	fileno	GLIBC_2.2.5	default	func	weak
libc.so.6	fileno_unlocked	GLIBC_2.2.5	default	func	weak
libc.so.6	finite	GLIBC_2.2.5	default	func	weak
libc.so.6	finitef	GLIBC_2.2.5	default	func	weak
libc.so.6	finitel	GLIBC_2.2.5	default	func	weak
libc.so.6	flistxattr	GLIBC_2.3	default	func	global
libc.so.6	flock	GLIBC_2.2.5	default	func	weak
libc.so.6	flockfile	GLIBC_2.2.5	default	func	weak
libc.so.6	fmemopen	GLIBC_2.2.5	hidden	func	global
libc.so.6	fmemopen	GLIBC_2.22	default	func	global
libc.so.6	fmtmsg	GLIBC_2.2.5	default	func	global
libc.so.6	fnmatch	GLIBC_2.2.5	default	func	global
libc.so.6	fopen	GLIBC_2.2.5	default	func	global
libc.so.6	fopen64	GLIBC_2.2.5	default	func	weak
libc.so.6	fopencookie	GLIBC_2.2.5	default	func	global
libc.so.6	fork	GLIBC_2.2.5	default	func	weak
libc.so.6	fpathconf	GLIBC_2.2.5	default	func	weak
libc.so.6	fprintf	GLIBC_2.2.5	default	func	global
libc.so.6	fputc	GLIBC_2.2.5	default	func	global
libc.so.6	fputc_unlocked	GLIBC_2.2.5	default	func	global
libc.so.6	fputs	GLIBC_2.2.5	default	func	weak
libc.so.6	fputs_unlocked	GLIBC_2.2.5	default	func	weak
libc.so.6	fputwc	GLIBC_2.2.5	default	func	global
libc.so.6	fputwc_unlocked	GLIBC_2.2.5	default	func	global
libc.so.6	fputws	GLIBC_2.2.5	default	func	global
libc.so.6	fputws_unlocked	GLIBC_2.2.5	default	func	global
libc.so.6	fread	GLIBC_2.2.5	default	func	weak
libc.so.6	fread_unlocked	GLIBC_2.2.5	default	func	weak
libc.so.6	free	GLIBC_2.2.5	default	func	global
libc.so.6	freeaddrinfo	GLIBC_2.2.5	default	func	global
libc.so.6	freeifaddrs	GLIBC_2.3	default	func	weak
libc.so.6	freelocale	GLIBC_2.3	default	func	weak
libc.so.6	fremovexattr	GLIBC_2.3	default	func	global
libc.so.6	freopen	GLIBC_2.2.5	default	func	global
libc.so.6	freopen64	GLIBC_2.2.5	default	func	global
libc.so.6	frexp	GLIBC_2.2.5	default	func	weak
libc.so.6	frexpf	GLIBC_2.2.5	default	func	weak
libc.so.6	frexpl	GLIBC_2.2.5	default	func	weak
libc.so.6	fscanf	GLIBC_2.2.5	default	func	global
libc.so.6	fseek	GLIBC_2.2.5	default	func	global
libc.so.6	fseeko	GLIBC_2.2.5	default	func	weak
libc.so.6	fseeko64	GLIBC_2.2.5	default	func	weak
libc.so.6	fsetpos	GLIBC_2.2.5	default	func	global
libc.so.6	fsetpos64	GLIBC_2.2.5	default	func	global
libc.so.6	fsetxattr	GLIBC_2.3	default	func	global
libc.so.6	fstatfs	GLIBC_2.2.5	default	func	weak
libc.so.6	fstatfs64	GLIBC_2.2.5	default	func	weak
libc.so.6	fstatvfs	GLIBC_2.2.5	default	func	weak
libc.so.6	fstatvfs64	GLIBC_2.2.5	default	func	weak
libc.so.6	fsync	GLIBC_2.2.5	default	func	global
libc.so.6	ftell	GLIBC_2.2.5	default	func	weak
libc.so.6	ftello	GLIBC_2.2.5	default	func	weak
libc.so.6	ftello64	GLIBC_2.2.5	default	func	weak
libc.so.6	ftime	GLIBC_2.2.5	default	func	global
libc.so.6	ftok	GLIBC_2.2.5	default	func	global
libc.so.6	ftruncate	GLIBC_2.2.5	default	func	weak
libc.so.6	ftruncate64	GLIBC_2.2.5	default	func	weak
libc.so.6	ftrylockfile	GLIBC_2.2.5	default	func	weak
libc.so.6	fts64_children	GLIBC_2.23	default	func	weak
libc.so.6	fts64_close	GLIBC_2.23	default	func	weak
libc.so.6	fts64_open	GLIBC_2.23	default	func	weak
libc.so.6	fts64_read	GLIBC_2.23	default	func	weak
libc.so.6	fts64_set	GLIBC_2.23	default	func	weak
libc.so.6	fts_children	GLIBC_2.2.5	default	func	global
libc.so.6	fts_close	GLIBC_2.2.5	default	func	global
libc.so.6	fts_open	GLIBC_2.2.5	default	func	global
libc.so.6	fts_read	GLIBC_2.2.5	default	func	global
libc.so.6	fts_set	GLIBC_2.2.5	default	func	global
libc.so.6	ftw	GLIBC_2.2.5	default	func	global
libc.so.6	ftw64	GLIBC_2.2.5	default	func	weak
libc.so.6	funlockfile	GLIBC_2.2.5	default	func	weak
libc.so.6	futimens	GLIBC_2.6	default	func	global
libc.so.6	futimes	GLIBC_2.3	default	func	weak
libc.so.6	futimesat	GLIBC_2.4	default	func	global
libc.so.6	fwide	GLIBC_2.2.5	default	func	global
libc.so.6	fwprintf	GLIBC_2.2.5	default	func	weak
libc.so.6	fwrite	GLIBC_2.2.5	default	func	weak
libc.so.6	fwrite_unlocked	GLIBC_2.2.5	default	func	global
libc.so.6	fwscanf	GLIBC_2.2.5	default	func	global
libc.so.6	gai_strerror	GLIBC_2.2.5	default	func	global
libc.so.6	gcvt	GLIBC_2.2.5	default	func	global
libc.so.6	get_avphys_pages	GLIBC_2.2.5	default	func	weak
libc.so.6	get_current_dir_name	GLIBC_2.2.5	default	func	global
libc.so.6	get_kernel_syms	GLIBC_2.2.5	hidden	func	global
libc.so.6	get_myaddress	GLIBC_2.2.5	hidden	func	global
libc.so.6	get_nprocs	GLIBC_2.2.5	default	func	weak
libc.so.6	get_nprocs_conf	GLIBC_2.2.5	default	func	weak
libc.so.6	get_phys_pages	GLIBC_2.2.5	default	func	weak
libc.so.6	getaddrinfo	GLIBC_2.2.5	default	func	global
libc.so.6	getaliasbyname	GLIBC_2.2.5	default	func	global
libc.so.6	getaliasbyname_r	GLIBC_2.2.5	default	func	global
libc.so.6	getaliasent	GLIBC_2.2.5	default	func	global
libc.so.6	getaliasent_r	GLIBC_2.2.5	default	func	global
libc.so.6	getauxval	GLIBC_2.16	default	func	weak
libc.so.6	getc	GLIBC_2.2.5	default	func	weak
libc.so.6	getc_unlocked	GLIBC_2.2.5	default	func	weak
libc.so.6	getchar	GLIBC_2.2.5	default	func	global
libc.so.6	getchar_unlocked	GLIBC_2.2.5	default	func	global
libc.so.6	getcontext	GLIBC_2.2.5	default	func	weak
libc.so.6	getcwd	GLIBC_2.2.5	default	func	weak
libc.so.6	getdate	GLIBC_2.2.5	default	func	global
libc.so.6	getdate_err	GLIBC_2.2.5	default	object	global
libc.so.6	getdate_r	GLIBC_2.2.5	default	func	weak
libc.so.6	getdelim	GLIBC_2.2.5	default	func	weak
libc.so.6	getdirentries	GLIBC_2.2.5	default	func	weak
libc.so.6	getdirentries64	GLIBC_2.2.5	default	func	global
libc.so.6	getdomainname	GLIBC_2.2.5	default	func	global
libc.so.6	getdtablesize	GLIBC_2.2.5	default	func	weak
libc.so.6	getegid	GLIBC_2.2.5	default	func	weak
libc.so.6	getentropy	GLIBC_2.25	default	func	global
libc.so.6	getenv	GLIBC_2.2.5	default	func	global
libc.so.6	geteuid	GLIBC_2.2.5	default	func	weak
libc.so.6	getfsent	GLIBC_2.2.5	default	func	global
libc.so.6	getfsfile	GLIBC_2.2.5	default	func	global
libc.so.6	getfsspec	GLIBC_2.2.5	default	func	global
libc.so.6	getgid	GLIBC_2.2.5	default	func	weak
libc.so.6	getgrent	GLIBC_2.2.5	default	func	global
libc.so.6	getgrent_r	GLIBC_2.2.5	default	func	global
libc.so.6	getgrgid	GLIBC_2.2.5	default	func	global
libc.so.6	getgrgid_r	GLIBC_2.2.5	default	func	global
libc.so.6	getgrnam	GLIBC_2.2.5	default	func	global
libc.so.6	getgrnam_r	GLIBC_2.2.5	default	func	global
libc.so.6	getgrouplist	GLIBC_2.2.5	default	func	global
libc.so.6	getgroups	GLIBC_2.2.5	default	func	weak
libc.so.6	gethostbyaddr	GLIBC_2.2.5	default	func	global
libc.so.6	gethostbyaddr_r	GLIBC_2.2.5	default	func	global
libc.so.6	gethostbyname	GLIBC_2.2.5	default	func	global
libc.so.6	gethostbyname2	GLIBC_2.2.5	default	func	global
libc.so.6	gethostbyname2_r	GLIBC_2.2.5	default	func	global
libc.so.6	gethostbyname_r	GLIBC_2.2.5	default	func	global
libc.so.6	gethostent	GLIBC_2.2.5	default	func	global
libc.so.6	gethostent_r	GLIBC_2.2.5	default	func	global
libc.so.6	gethostid	GLIBC_2.2.5	default	func	global
libc.so.6	gethostname	GLIBC_2.2.5	default	func	weak
libc.so.6	getifaddrs	GLIBC_2.3	default	func	weak
libc.so.6	getipv4sourcefilter	GLIBC_2.3.4	default	func	global
libc.so.6	getitimer	GLIBC_2.2.5	default	func	weak
libc.so.6	getline	GLIBC_2.2.5	default	func	weak
libc.so.6	getloadavg	GLIBC_2.2.5	default	func	global
libc.so.6	getlogin	GLIBC_2.2.5	default	func	global
libc.so.6	getlogin_r	GLIBC_2.2.5	default	func	weak
libc.so.6	getmntent	GLIBC_2.2.5	default	func	global
libc.so.6	getmntent_r	GLIBC_2.2.5	default	func	weak
libc.so.6	getmsg	GLIBC_2.2.5	default	func	global
libc.so.6	getnameinfo	GLIBC_2.2.5	default	func	global
libc.so.6	getnetbyaddr	GLIBC_2.2.5	default	func	global
libc.so.6	getnetbyaddr_r	GLIBC_2.2.5	default	func	global
libc.so.6	getnetbyname	GLIBC_2.2.5	default	func	global
libc.so.6	getnetbyname_r	GLIBC_2.2.5	default	func	global
libc.so.6	getnetent	GLIBC_2.2.5	default	func	global
libc.so.6	getnetent_r	GLIBC_2.2.5	default	func	global
libc.so.6	getnetgrent	GLIBC_2.2.5	default	func	global
libc.so.6	getnetgrent_r	GLIBC_2.2.5	default	func	weak
libc.so.6	getnetname	GLIBC_2.2.5	hidden	func	global
libc.so.6	getopt	GLIBC_2.2.5	default	func	global
libc.so.6	getopt_long	GLIBC_2.2.5	default	func	global
libc.so.6	getopt_long_only	GLIBC_2.2.5	default	func	global
libc.so.6	getpagesize	GLIBC_2.2.5	default	func	weak
libc.so.6	getpass	GLIBC_2.2.5	default	func	global
libc.so.6	getpeername	GLIBC_2.2.5	default	func	weak
libc.so.6	getpgid	GLIBC_2.2.5	default	func	weak
libc.so.6	getpgrp	GLIBC_2.2.5	default	func	global
libc.so.6	getpid	GLIBC_2.2.5	default	func	weak
libc.so.6	getpmsg	GLIBC_2.2.5	default	func	global
libc.so.6	getppid	GLIBC_2.2.5	default	func	weak
libc.so.6	getpriority	GLIBC_2.2.5	default	func	weak
libc.so.6	getprotobyname	GLIBC_2.2.5	default	func	global
libc.so.6	getprotobyname_r	GLIBC_2.2.5	default	func	global
libc.so.6	getprotobynumber	GLIBC_2.2.5	default	func	global
libc.so.6	getprotobynumber_r	GLIBC_2.2.5	default	func	global
libc.so.6	getprotoent	GLIBC_2.2.5	default	func	global
libc.so.6	getprotoent_r	GLIBC_2.2.5	default	func	global
libc.so.6	getpt	GLIBC_2.2.5	default	func	weak
libc.so.6	getpublickey	GLIBC_2.2.5	hidden	func	global
libc.so.6	getpw	GLIBC_2.2.5	default	func	weak
libc.so.6	getpwent	GLIBC_2.2.5	default	func	global
libc.so.6	getpwent_r	GLIBC_2.2.5	default	func	global
libc.so.6	getpwnam	GLIBC_2.2.5	default	func	global
libc.so.6	getpwnam_r	GLIBC_2.2.5	default	func	global
libc.so.6	getpwuid	GLIBC_2.2.5	default	func	global
libc.so.6	getpwuid_r	GLIBC_2.2.5	default	func	global
libc.so.6	getrandom	GLIBC_2.25	default	func	weak
libc.so.6	getresgid	GLIBC_2.2.5	default	func	global
libc.so.6	getresuid	GLIBC_2.2.5	default	func	global
libc.so.6	getrlimit	GLIBC_2.2.5	default	func	weak
libc.so.6	getrlimit64	GLIBC_2.2.5	default	func	weak
libc.so.6	getrpcbyname	GLIBC_2.2.5	default	func	global
libc.so.6	getrpcbyname_r	GLIBC_2.2.5	default	func	global
libc.so.6	getrpcbynumber	GLIBC_2.2.5	default	func	global
libc.so.6	getrpcbynumber_r	GLIBC_2.2.5	default	func	global
libc.so.6	getrpcent	GLIBC_2.2.5	default	func	global
libc.so.6	getrpcent_r	GLIBC_2.2.5	default	func	global
libc.so.6	getrpcport	GLIBC_2.2.5	default	func	global
libc.so.6	getrusage	GLIBC_2.2.5	default	func	weak
libc.so.6	gets	GLIBC_2.2.5	default	func	weak
libc.so.6	getsecretkey	GLIBC_2.2.5	hidden	func	global
libc.so.6	getservbyname	GLIBC_2.2.5	default	func	global
libc.so.6	getservbyname_r	GLIBC_2.2.5	default	func	global
libc.so.6	getservbyport	GLIBC_2.2.5	default	func	global
libc.so.6	getservbyport_r	GLIBC_2.2.5	default	func	global
libc.so.6	getservent	GLIBC_2.2.5	default	func	global
libc.so.6	getservent_r	GLIBC_2.2.5	default	func	global
libc.so.6	getsgent	GLIBC_2.10	default	func	global
libc.so.6	getsgent_r	GLIBC_2.10	default	func	global
libc.so.6	getsgnam	GLIBC_2.10	default	func	global
libc.so.6	getsgnam_r	GLIBC_2.10	default	func	global
libc.so.6	getsid	GLIBC_2.2.5	default	func	global
libc.so.6	getsockname	GLIBC_2.2.5	default	func	weak
libc.so.6	getsockopt	GLIBC_2.2.5	default	func	weak
libc.so.6	getsourcefilter	GLIBC_2.3.4	default	func	global
libc.so.6	getspent	GLIBC_2.2.5	default	func	global
libc.so.6	getspent_r	GLIBC_2.2.5	default	func	global
libc.so.6	getspnam	GLIBC_2.2.5	default	func	global
libc.so.6	getspnam_r	GLIBC_2.2.5	default	func	global
libc.so.6	getsubopt	GLIBC_2.2.5	default	func	global
libc.so.6	gettext	GLIBC_2.2.5	default	func	weak
libc.so.6	gettimeofday	GLIBC_2.2.5	default	ifunc	weak
libc.so.6	getttyent	GLIBC_2.2.5	default	func	weak
libc.so.6	getttynam	GLIBC_2.2.5	default	func	weak
libc.so.6	getuid	GLIBC_2.2.5	default	func	weak
libc.so.6	getusershell	GLIBC_2.2.5	default	func	global
libc.so.6	getutent	GLIBC_2.2.5	default	func	weak
libc.so.6	getutent_r	GLIBC_2.2.5	default	func	weak
libc.so.6	getutid	GLIBC_2.2.5	default	func	weak
libc.so.6	getutid_r	GLIBC_2.2.5	default	func	weak
libc.so.6	getutline	GLIBC_2.2.5	default	func	weak
libc.so.6	getutline_r	GLIBC_2.2.5	default	func	weak
libc.so.6	getutmp	GLIBC_2.2.5	default	func	global
libc.so.6	getutmpx	GLIBC_2.2.5	default	func	global
libc.so.6	getutxent	GLIBC_2.2.5	default	func	global
libc.so.6	getutxid	GLIBC_2.2.5	default	func	global
libc.so.6	getutxline	GLIBC_2.2.5	default	func	global
libc.so.6	getw	GLIBC_2.2.5	default	func	global
libc.so.6	getwc	GLIBC_2.2.5	default	func	weak
libc.so.6	getwc_unlocked	GLIBC_2.2.5	default	func	weak
libc.so.6	getwchar	GLIBC_2.2.5	default	func	global
libc.so.6	getwchar_unlocked	GLIBC_2.2.5	default	func	global
libc.so.6	getwd	GLIBC_2.2.5	default	func	global
libc.so.6	getxattr	GLIBC_2.3	default	func	global
libc.so.6	glob	GLIBC_2.2.5	hidden	func	global
libc.so.6	glob	GLIBC_2.27	default	func	global
libc.so.6	glob64	GLIBC_2.2.5	hidden	func	global
libc.so.6	glob64	GLIBC_2.27	default	func	global
libc.so.6	glob_pattern_p	GLIBC_2.2.5	default	func	weak
libc.so.6	globfree	GLIBC_2.2.5	default	func	global
libc.so.6	globfree64	GLIBC_2.2.5	default	func	weak
libc.so.6	gmtime	GLIBC_2.2.5	default	func	global
libc.so.6	gmtime_r	GLIBC_2.2.5	default	func	weak
libc.so.6	gnu_dev_major	GLIBC_2.3.3	default	func	weak
libc.so.6	gnu_dev_makedev	GLIBC_2.3.3	default	func	weak
libc.so.6	gnu_dev_minor	GLIBC_2.3.3	default	func	weak
libc.so.6	gnu_get_libc_release	GLIBC_2.2.5	default	func	weak
libc.so.6	gnu_get_libc_version	GLIBC_2.2.5	default	func	weak
libc.so.6	grantpt	GLIBC_2.2.5	default	func	global
libc.so.6	group_member	GLIBC_2.2.5	default	func	weak
libc.so.6	gsignal	GLIBC_2.2.5	default	func	weak
libc.so.6	gtty	GLIBC_2.2.5	default	func	global
libc.so.6	h_errlist	GLIBC_2.2.5	default	object	global
libc.so.6	h_nerr	GLIBC_2.2.5	default	object	global
libc.so.6	hasmntopt	GLIBC_2.2.5	default	func	weak
libc.so.6	hcreate	GLIBC_2.2.5	default	func	global
libc.so.6	hcreate_r	GLIBC_2.2.5	default	func	weak
libc.so.6	hdestroy	GLIBC_2.2.5	default	func	weak
libc.so.6	hdestroy_r	GLIBC_2.2.5	default	func	weak
libc.so.6	herror	GLIBC_2.2.5	default	func	global
libc.so.6	host2netname	GLIBC_2.2.5	hidden	func	global
libc.so.6	hsearch	GLIBC_2.2.5	default	func	global
libc.so.6	hsearch_r	GLIBC_2.2.5	default	func	weak
libc.so.6	hstrerror	GLIBC_2.2.5	default	func	global
libc.so.6	htonl	GLIBC_2.2.5	default	func	global
libc.so.6	htons	GLIBC_2.2.5	default	func	global
libc.so.6	iconv	GLIBC_2.2.5	default	func	global
libc.so.6	iconv_close	GLIBC_2.2.5	default	func	global
libc.so.6	iconv_open	GLIBC_2.2.5	default	func	global
libc.so.6	if_freenameindex	GLIBC_2.2.5	default	func	weak
libc.so.6	if_indextoname	GLIBC_2.2.5	default	func	weak
libc.so.6	if_nameindex	GLIBC_2.2.5	default	func	weak
libc.so.6	if_nametoindex	GLIBC_2.2.5	default	func	weak
libc.so.6	imaxabs	GLIBC_2.2.5	default	func	weak
libc.so.6	imaxdiv	GLIBC_2.2.5	default	func	weak
libc.so.6	in6addr_any	GLIBC_2.2.5	default	object	weak
libc.so.6	in6addr_loopback	GLIBC_2.2.5	default	object	weak
libc.so.6	index	GLIBC_2.2.5	default	ifunc	weak
libc.so.6	inet6_opt_append	GLIBC_2.5	default	func	global
libc.so.6	inet6_opt_find	GLIBC_2.5	default	func	global
libc.so.6	inet6_opt_finish	GLIBC_2.5	default	func	global
libc.so.6	inet6_opt_get_val	GLIBC_2.5	default	func	global
libc.so.6	inet6_opt_init	GLIBC_2.5	default	func	global
libc.so.6	inet6_opt_next	GLIBC_2.5	default	func	global
libc.so.6	inet6_opt_set_val	GLIBC_2.5	default	func	global
libc.so.6	inet6_option_alloc	GLIBC_2.3.3	default	func	global
libc.so.6	inet6_option_append	GLIBC_2.3.3	default	func	global
libc.so.6	inet6_option_find	GLIBC_2.3.3	default	func	global
libc.so.6	inet6_option_init	GLIBC_2.3.3	default	func	global
libc.so.6	inet6_option_next	GLIBC_2.3.3	default	func	global
libc.so.6	inet6_option_space	GLIBC_2.3.3	default	func	global
libc.so.6	inet6_rth_add	GLIBC_2.5	default	func	global
libc.so.6	inet6_rth_getaddr	GLIBC_2.5	default	func	global
libc.so.6	inet6_rth_init	GLIBC_2.5	default	func	global
libc.so.6	inet6_rth_reverse	GLIBC_2.5	default	func	global
libc.so.6	inet6_rth_segments	GLIBC_2.5	default	func	global
libc.so.6	inet6_rth_space	GLIBC_2.5	default	func	global
libc.so.6	inet_addr	GLIBC_2.2.5	default	func	weak
libc.so.6	inet_aton	GLIBC_2.2.5	default	func	weak
libc.so.6	inet_lnaof	GLIBC_2.2.5	default	func	global
libc.so.6	inet_makeaddr	GLIBC_2.2.5	default	func	weak
libc.so.6	inet_netof	GLIBC_2.2.5	default	func	global
libc.so.6	inet_network	GLIBC_2.2.5	default	func	global
libc.so.6	inet_nsap_addr	GLIBC_2.2.5	default	func	global
libc.so.6	inet_nsap_ntoa	GLIBC_2.2.5	default	func	global
libc.so.6	inet_ntoa	GLIBC_2.2.5	default	func	global
libc.so.6	inet_ntop	GLIBC_2.2.5	default	func	global
libc.so.6	inet_pton	GLIBC_2.2.5	default	func	weak
libc.so.6	init_module	GLIBC_2.2.5	default	func	global
libc.so.6	initgroups	GLIBC_2.2.5	default	func	global
libc.so.6	initstate	GLIBC_2.2.5	default	func	weak
libc.so.6	initstate_r	GLIBC_2.2.5	default	func	weak
libc.so.6	innetgr	GLIBC_2.2.5	default	func	global
libc.so.6	inotify_add_watch	GLIBC_2.4	default	func	global
libc.so.6	inotify_init	GLIBC_2.4	default	func	global
libc.so.6	inotify_init1	GLIBC_2.9	default	func	global
libc.so.6	inotify_rm_watch	GLIBC_2.4	default	func	global
libc.so.6	insque	GLIBC_2.2.5	default	func	global
libc.so.6	ioctl	GLIBC_2.2.5	default	func	weak
libc.so.6	ioperm	GLIBC_2.2.5	default	func	global
libc.so.6	iopl	GLIBC_2.2.5	default	func	global
libc.so.6	iruserok	GLIBC_2.2.5	default	func	global
libc.so.6	iruserok_af	GLIBC_2.2.5	default	func	global
libc.so.6	isalnum	GLIBC_2.2.5	default	func	global
libc.so.6	isalnum_l	GLIBC_2.3	default	func	weak
libc.so.6	isalpha	GLIBC_2.2.5	default	func	global
libc.so.6	isalpha_l	GLIBC_2.3	default	func	weak
libc.so.6	isascii	GLIBC_2.2.5	default	func	global
libc.so.6	isastream	GLIBC_2.2.5	default	func	global
libc.so.6	isatty	GLIBC_2.2.5	default	func	weak
libc.so.6	isblank	GLIBC_2.2.5	default	func	global
libc.so.6	isblank_l	GLIBC_2.3	default	func	weak
libc.so.6	iscntrl	GLIBC_2.2.5	default	func	global
libc.so.6	iscntrl_l	GLIBC_2.3	default	func	weak
libc.so.6	isctype	GLIBC_2.3	default	func	weak
libc.so.6	isdigit	GLIBC_2.2.5	default	func	global
libc.so.6	isdigit_l	GLIBC_2.3	default	func	weak
libc.so.6	isfdtype	GLIBC_2.2.5	default	func	global
libc.so.6	isgraph	GLIBC_2.2.5	default	func	global
libc.so.6	isgraph_l	GLIBC_2.3	default	func	weak
libc.so.6	isinf	GLIBC_2.2.5	default	func	weak
libc.so.6	isinff	GLIBC_2.2.5	default	func	weak
libc.so.6	isinfl	GLIBC_2.2.5	default	func	weak
libc.so.6	islower	GLIBC_2.2.5	default	func	global
libc.so.6	islower_l	GLIBC_2.3	default	func	weak
libc.so.6	isnan	GLIBC_2.2.5	default	func	weak
libc.so.6	isnanf	GLIBC_2.2.5	default	func	weak
libc.so.6	isnanl	GLIBC_2.2.5	default	func	weak
libc.so.6	isprint	GLIBC_2.2.5	default	func	global
libc.so.6	isprint_l	GLIBC_2.3	default	func	weak
libc.so.6	ispunct	GLIBC_2.2.5	default	func	global
libc.so.6	ispunct_l	GLIBC_2.3	default	func	weak
libc.so.6	isspace	GLIBC_2.2.5	default	func	global
libc.so.6	isspace_l	GLIBC_2.3	default	func	weak
libc.so.6	isupper	GLIBC_2.2.5	default	func	global
libc.so.6	isupper_l	GLIBC_2.3	default	func	weak
libc.so.6	iswalnum	GLIBC_2.2.5	default	func	weak
libc.so.6	iswalnum_l	GLIBC_2.3	default	func	weak
libc.so.6	iswalpha	GLIBC_2.2.5	default	func	weak
libc.so.6	iswalpha_l	GLIBC_2.3	default	func	weak
libc.so.6	iswblank	GLIBC_2.2.5	default	func	weak
libc.so.6	iswblank_l	GLIBC_2.3	default	func	weak
libc.so.6	iswcntrl	GLIBC_2.2.5	default	func	weak
libc.so.6	iswcntrl_l	GLIBC_2.3	default	func	weak
libc.so.6	iswctype	GLIBC_2.2.5	default	func	weak
libc.so.6	iswctype_l	GLIBC_2.3	default	func	weak
libc.so.6	iswdigit	GLIBC_2.2.5	default	func	weak
libc.so.6	iswdigit_l	GLIBC_2.3	default	func	weak
libc.so.6	iswgraph	GLIBC_2.2.5	default	func	weak
libc.so.6	iswgraph_l	GLIBC_2.3	default	func	weak
libc.so.6	iswlower	GLIBC_2.2.5	default	func	weak
libc.so.6	iswlower_l	GLIBC_2.3	default	func	weak
libc.so.6	iswprint	GLIBC_2.2.5	default	func	weak
libc.so.6	iswprint_l	GLIBC_2.3	default	func	weak
libc.so.6	iswpunct	GLIBC_2.2.5	default	func	weak
libc.so.6	iswpunct_l	GLIBC_2.3	default	func	weak
libc.so.6	iswspace	GLIBC_2.2.5	default	func	weak
libc.so.6	iswspace_l	GLIBC_2.3	default	func	weak
libc.so.6	iswupper	GLIBC_2.2.5	default	func	weak
libc.so.6	iswupper_l	GLIBC_2.3	default	func	weak
libc.so.6	iswxdigit	GLIBC_2.2.5	default	func	weak
libc.so.6	iswxdigit_l	GLIBC_2.3	default	func	weak
libc.so.6	isxdigit	GLIBC_2.2.5	default	func	global
libc.so.6	isxdigit_l	GLIBC_2.3	default	func	weak
libc.so.6	jrand48	GLIBC_2.2.5	default	func	global
libc.so.6	jrand48_r	GLIBC_2.2.5	default	func	weak
libc.so.6	key_decryptsession	GLIBC_2.2.5	hidden	func	global
libc.so.6	key_decryptsession_pk	GLIBC_2.2.5	hidden	func	global
libc.so.6	key_encryptsession	GLIBC_2.2.5	hidden	func	global
libc.so.6	key_encryptsession_pk	GLIBC_2.2.5	hidden	func	global
libc.so.6	key_gendes	GLIBC_2.2.5	hidden	func	global
libc.so.6	key_get_conv	GLIBC_2.2.5	hidden	func	global
libc.so.6	key_secretkey_is_set	GLIBC_2.2.5	hidden	func	global
libc.so.6	key_setnet	GLIBC_2.2.5	hidden	func	global
libc.so.6	key_setsecret	GLIBC_2.2.5	hidden	func	global
libc.so.6	kill	GLIBC_2.2.5	default	func	weak
libc.so.6	killpg	GLIBC_2.2.5	default	func	global
libc.so.6	klogctl	GLIBC_2.2.5	default	func	global
libc.so.6	l64a	GLIBC_2.2.5	default	func	global
libc.so.6	labs	GLIBC_2.2.5	default	func	global
libc.so.6	lchmod	GLIBC_2.3.2	default	func	global
libc.so.6	lchown	GLIBC_2.2.5	default	func	weak
libc.so.6	lckpwdf	GLIBC_2.2.5	default	func	weak
libc.so.6	lcong48	GLIBC_2.2.5	default	func	global
libc.so.6	lcong48_r	GLIBC_2.2.5	default	func	weak
libc.so.6	ldexp	GLIBC_2.2.5	default	func	weak
libc.so.6	ldexpf	GLIBC_2.2.5	default	func	weak
libc.so.6	ldexpl	GLIBC_2.2.5	default	func	weak
libc.so.6	ldiv	GLIBC_2.2.5	default	func	global
libc.so.6	lfind	GLIBC_2.2.5	default	func	global
libc.so.6	lgetxattr	GLIBC_2.3	default	func	global
libc.so.6	link	GLIBC_2.2.5	default	func	weak
libc.so.6	linkat	GLIBC_2.4	default	func	global
libc.so.6	listen	GLIBC_2.2.5	default	func	weak
libc.so.6	listxattr	GLIBC_2.3	default	func	global
libc.so.6	llabs	GLIBC_2.2.5	default	func	global
libc.so.6	lldiv	GLIBC_2.2.5	default	func	global
libc.so.6	llistxattr	GLIBC_2.3	default	func	global
libc.so.6	llseek	GLIBC_2.2.5	hidden	func	global
libc.so.6	loc1	GLIBC_2.2.5	hidden	object	global
libc.so.6	loc2	GLIBC_2.2.5	hidden	object	global
libc.so.6	localeconv	GLIBC_2.2.5	default	func	global
libc.so.6	localtime	GLIBC_2.2.5	default	func	global
libc.so.6	localtime_r	GLIBC_2.2.5	default	func	weak
libc.so.6	lockf	GLIBC_2.2.5	default	func	global
libc.so.6	lockf64	GLIBC_2.2.5	default	func	weak
libc.so.6	locs	GLIBC_2.2.5	hidden	object	global
libc.so.6	longjmp	GLIBC_2.2.5	default	func	weak
libc.so.6	lrand48	GLIBC_2.2.5	default	func	global
libc.so.6	lrand48_r	GLIBC_2.2.5	default	func	global
libc.so.6	lremovexattr	GLIBC_2.3	default	func	global
libc.so.6	lsearch	GLIBC_2.2.5	default	func	global
libc.so.6	lseek	GLIBC_2.2.5	default	func	weak
libc.so.6	lseek64	GLIBC_2.2.5	default	func	weak
libc.so.6	lsetxattr	GLIBC_2.3	default	func	global
libc.so.6	lutimes	GLIBC_2.3	default	func	global
libc.so.6	madvise	GLIBC_2.2.5	default	func	weak
libc.so.6	makecontext	GLIBC_2.2.5	default	func	weak
libc.so.6	mallinfo	GLIBC_2.2.5	default	func	weak
libc.so.6	malloc	GLIBC_2.2.5	default	func	global
libc.so.6	malloc_get_state	GLIBC_2.2.5	hidden	func	global
libc.so.6	malloc_info	GLIBC_2.10	default	func	weak
libc.so.6	malloc_set_state	GLIBC_2.2.5	hidden	func	global
libc.so.6	malloc_stats	GLIBC_2.2.5	default	func	weak
libc.so.6	malloc_trim	GLIBC_2.2.5	default	func	weak
libc.so.6	malloc_usable_size	GLIBC_2.2.5	default	func	weak
libc.so.6	mallopt	GLIBC_2.2.5	default	func	weak
libc.so.6	mallwatch	GLIBC_2.2.5	default	object	global
libc.so.6	mblen	GLIBC_2.2.5	default	func	global
libc.so.6	mbrlen	GLIBC_2.2.5	default	func	weak
libc.so.6	mbrtoc16	GLIBC_2.16	default	func	global
libc.so.6	mbrtoc32	GLIBC_2.16	default	func	weak
libc.so.6	mbrtowc	GLIBC_2.2.5	default	func	weak
libc.so.6	mbsinit	GLIBC_2.2.5	default	func	weak
libc.so.6	mbsnrtowcs	GLIBC_2.2.5	default	func	weak
libc.so.6	mbsrtowcs	GLIBC_2.2.5	default	func	weak
libc.so.6	mbstowcs	GLIBC_2.2.5	default	func	global
libc.so.6	mbtowc	GLIBC_2.2.5	default	func	global
libc.so.6	mcheck	GLIBC_2.2.5	default	func	global
libc.so.6	mcheck_check_all	GLIBC_2.2.5	default	func	global
libc.so.6	mcheck_pedantic	GLIBC_2.2.5	default	func	global
libc.so.6	mcount	GLIBC_2.2.5	default	func	weak
libc.so.6	memalign	GLIBC_2.2.5	default	func	weak
libc.so.6	memccpy	GLIBC_2.2.5	default	func	weak
libc.so.6	memchr	GLIBC_2.2.5	default	ifunc	global
libc.so.6	memcmp	GLIBC_2.2.5	default	ifunc	global
libc.so.6	memcpy	GLIBC_2.14	default	ifunc	global
libc.so.6	memcpy	GLIBC_2.2.5	hidden	func	global
libc.so.6	memfd_create	GLIBC_2.27	default	func	global
libc.so.6	memfrob	GLIBC_2.2.5	default	func	global
libc.so.6	memmem	GLIBC_2.2.5	default	func	weak
libc.so.6	memmove	GLIBC_2.2.5	default	ifunc	global
libc.so.6	mempcpy	GLIBC_2.2.5	default	ifunc	weak
libc.so.6	memrchr	GLIBC_2.2.5	default	ifunc	weak
libc.so.6	memset	GLIBC_2.2.5	default	ifunc	global
libc.so.6	mincore	GLIBC_2.2.5	default	func	global
libc.so.6	mkdir	GLIBC_2.2.5	default	func	weak
libc.so.6	mkdirat	GLIBC_2.4	default	func	global
libc.so.6	mkdtemp	GLIBC_2.2.5	default	func	global
libc.so.6	mkfifo	GLIBC_2.2.5	default	func	global
libc.so.6	mkfifoat	GLIBC_2.4	default	func	global
libc.so.6	mkostemp	GLIBC_2.7	default	func	global
libc.so.6	mkostemp64	GLIBC_2.7	default	func	weak
libc.so.6	mkostemps	GLIBC_2.11	default	func	global
libc.so.6	mkostemps64	GLIBC_2.11	default	func	weak
libc.so.6	mkstemp	GLIBC_2.2.5	default	func	global
libc.so.6	mkstemp64	GLIBC_2.2.5	default	func	weak
libc.so.6	mkstemps	GLIBC_2.11	default	func	global
libc.so.6	mkstemps64	GLIBC_2.11	default	func	weak
libc.so.6	mktemp	GLIBC_2.2.5	default	func	weak
libc.so.6	mktime	GLIBC_2.2.5	default	func	global
libc.so.6	mlock	GLIBC_2.2.5	default	func	global
libc.so.6	mlock2	GLIBC_2.27	default	func	global
libc.so.6	mlockall	GLIBC_2.2.5	default	func	global
libc.so.6	mmap	GLIBC_2.2.5	default	func	weak
libc.so.6	mmap64	GLIBC_2.2.5	default	func	weak
libc.so.6	modf	GLIBC_2.2.5	default	func	weak
libc.so.6	modff	GLIBC_2.2.5	default	func	weak
libc.so.6	modfl	GLIBC_2.2.5	default	func	weak
libc.so.6	modify_ldt	GLIBC_2.2.5	default	func	weak
libc.so.6	moncontrol	GLIBC_2.2.5	default	func	weak
libc.so.6	monstartup	GLIBC_2.2.5	default	func	weak
libc.so.6	mount	GLIBC_2.2.5	default	func	weak
libc.so.6	mprobe	GLIBC_2.2.5	default	func	global
libc.so.6	mprotect	GLIBC_2.2.5	default	func	weak
libc.so.6	mrand48	GLIBC_2.2.5	default	func	global
libc.so.6	mrand48_r	GLIBC_2.2.5	default	func	global
libc.so.6	mremap	GLIBC_2.2.5	default	func	weak
libc.so.6	msgctl	GLIBC_2.2.5	default	func	global
libc.so.6	msgget	GLIBC_2.2.5	default	func	global
libc.so.6	msgrcv	GLIBC_2.2.5	default	func	weak
libc.so.6	msgsnd	GLIBC_2.2.5	default	func	weak
libc.so.6	msync	GLIBC_2.2.5	default	func	global
libc.so.6	mtrace	GLIBC_2.2.5	default	func	global
libc.so.6	munlock	GLIBC_2.2.5	default	func	global
libc.so.6	munlockall	GLIBC_2.2.5	default	func	global
libc.so.6	munmap	GLIBC_2.2.5	default	func	weak
libc.so.6	muntrace	GLIBC_2.2.5	default	func	global
libc.so.6	name_to_handle_at	GLIBC_2.14	default	func	global
libc.so.6	nanosleep	GLIBC_2.2.5	default	func	weak
libc.so.6	netname2host	GLIBC_2.2.5	hidden	func	global
libc.so.6	netname2user	GLIBC_2.2.5	hidden	func	global
libc.so.6	newlocale	GLIBC_2.3	default	func	weak
libc.so.6	nfsservctl	GLIBC_2.2.5	hidden	func	global
libc.so.6	nftw	GLIBC_2.2.5	hidden	func	global
libc.so.6	nftw	GLIBC_2.3.3	default	func	global
libc.so.6	nftw64	GLIBC_2.2.5	hidden	func	global
libc.so.6	nftw64	GLIBC_2.3.3	default	func	global
libc.so.6	ngettext	GLIBC_2.2.5	default	func	weak
libc.so.6	nice	GLIBC_2.2.5	default	func	global
libc.so.6	nl_langinfo	GLIBC_2.2.5	default	func	global
libc.so.6	nl_langinfo_l	GLIBC_2.3	default	func	weak
libc.so.6	nrand48	GLIBC_2.2.5	default	func	global
libc.so.6	nrand48_r	GLIBC_2.2.5	default	func	weak
libc.so.6	ntohl	GLIBC_2.2.5	default	func	weak
libc.so.6	ntohs	GLIBC_2.2.5	default	func	weak
libc.so.6	ntp_adjtime	GLIBC_2.2.5	default	func	weak
libc.so.6	ntp_gettime	GLIBC_2.2.5	default	func	global
libc.so.6	ntp_gettimex	GLIBC_2.12	default	func	global
libc.so.6	obstack_alloc_failed_handler	GLIBC_2.2.5	default	object	global
libc.so.6	obstack_exit_failure	GLIBC_2.2.5	default	object	global
libc.so.6	obstack_free	GLIBC_2.2.5	default	func	global
libc.so.6	obstack_printf	GLIBC_2.2.5	default	func	weak
libc.so.6	obstack_vprintf	GLIBC_2.2.5	default	func	weak
libc.so.6	on_exit	GLIBC_2.2.5	default	func	weak
libc.so.6	open	GLIBC_2.2.5	default	func	weak
libc.so.6	open64	GLIBC_2.2.5	default	func	weak
libc.so.6	open_by_handle_at	GLIBC_2.14	default	func	global
libc.so.6	open_memstream	GLIBC_2.2.5	default	func	weak
libc.so.6	open_wmemstream	GLIBC_2.4	default	func	global
libc.so.6	openat	GLIBC_2.4	default	func	weak
libc.so.6	openat64	GLIBC_2.4	default	func	weak
libc.so.6	opendir	GLIBC_2.2.5	default	func	weak
libc.so.6	openlog	GLIBC_2.2.5	default	func	global
libc.so.6	optarg	GLIBC_2.2.5	default	object	global
libc.so.6	opterr	GLIBC_2.2.5	default	object	global
libc.so.6	optind	GLIBC_2.2.5	default	object	global
libc.so.6	optopt	GLIBC_2.2.5	default	object	global
libc.so.6	parse_printf_format	GLIBC_2.2.5	default	func	global
libc.so.6	passwd2des	GLIBC_2.2.5	hidden	func	global
libc.so.6	pathconf	GLIBC_2.2.5	default	func	weak
libc.so.6	pause	GLIBC_2.2.5	default	func	weak
libc.so.6	pclose	GLIBC_2.2.5	default	func	global
libc.so.6	perror	GLIBC_2.2.5	default	func	global
libc.so.6	personality	GLIBC_2.2.5	default	func	weak
libc.so.6	pipe	GLIBC_2.2.5	default	func	weak
libc.so.6	pipe2	GLIBC_2.9	default	func	weak
libc.so.6	pivot_root	GLIBC_2.2.5	default	func	global
libc.so.6	pkey_alloc	GLIBC_2.27	default	func	global
libc.so.6	pkey_free	GLIBC_2.27	default	func	global
libc.so.6	pkey_get	GLIBC_2.27	default	func	global
libc.so.6	pkey_mprotect	GLIBC_2.27	default	func	global
libc.so.6	pkey_set	GLIBC_2.27	default	func	global
libc.so.6	pmap_getmaps	GLIBC_2.2.5	hidden	func	global
libc.so.6	pmap_getport	GLIBC_2.2.5	hidden	func	global
libc.so.6	pmap_rmtcall	GLIBC_2.2.5	hidden	func	global
libc.so.6	pmap_set	GLIBC_2.2.5	hidden	func	global
libc.so.6	pmap_unset	GLIBC_2.2.5	hidden	func	global
libc.so.6	poll	GLIBC_2.2.5	default	func	weak
libc.so.6	popen	GLIBC_2.2.5	default	func	global
libc.so.6	posix_fadvise	GLIBC_2.2.5	default	func	global
libc.so.6	posix_fadvise64	GLIBC_2.2.5	default	func	weak
libc.so.6	posix_fallocate	GLIBC_2.2.5	default	func	global
libc.so.6	posix_fallocate64	GLIBC_2.2.5	default	func	global
libc.so.6	posix_madvise	GLIBC_2.2.5	default	func	global
libc.so.6	posix_memalign	GLIBC_2.2.5	default	func	weak
libc.so.6	posix_openpt	GLIBC_2.2.5	default	func	weak
libc.so.6	posix_spawn	GLIBC_2.15	default	func	global
libc.so.6	posix_spawn	GLIBC_2.2.5	hidden	func	global
libc.so.6	posix_spawn_file_actions_addclose	GLIBC_2.2.5	default	func	weak
libc.so.6	posix_spawn_file_actions_adddup2	GLIBC_2.2.5	default	func	weak
libc.so.6	posix_spawn_file_actions_addopen	GLIBC_2.2.5	default	func	global
libc.so.6	posix_spawn_file_actions_destroy	GLIBC_2.2.5	default	func	weak
libc.so.6	posix_spawn_file_actions_init	GLIBC_2.2.5	default	func	weak
libc.so.6	posix_spawnattr_destroy	GLIBC_2.2.5	default	func	weak
libc.so.6	posix_spawnattr_getflags	GLIBC_2.2.5	default	func	global
libc.so.6	posix_spawnattr_getpgroup	GLIBC_2.2.5	default	func	global
libc.so.6	posix_spawnattr_getschedparam	GLIBC_2.2.5	default	func	global
libc.so.6	posix_spawnattr_getschedpolicy	GLIBC_2.2.5	default	func	global
libc.so.6	posix_spawnattr_getsigdefault	GLIBC_2.2.5	default	func	global
libc.so.6	posix_spawnattr_getsigmask	GLIBC_2.2.5	default	func	global
libc.so.6	posix_spawnattr_init	GLIBC_2.2.5	default	func	weak
libc.so.6	posix_spawnattr_setflags	GLIBC_2.2.5	default	func	weak
libc.so.6	posix_spawnattr_setpgroup	GLIBC_2.2.5	default	func	global
libc.so.6	posix_spawnattr_setschedparam	GLIBC_2.2.5	default	func	global
libc.so.6	posix_spawnattr_setschedpolicy	GLIBC_2.2.5	default	func	global
libc.so.6	posix_spawnattr_setsigdefault	GLIBC_2.2.5	default	func	weak
libc.so.6	posix_spawnattr_setsigmask	GLIBC_2.2.5	default	func	weak
libc.so.6	posix_spawnp	GLIBC_2.15	default	func	global
libc.so.6	posix_spawnp	GLIBC_2.2.5	hidden	func	global
libc.so.6	ppoll	GLIBC_2.4	default	func	global
libc.so.6	prctl	GLIBC_2.2.5	default	func	weak
libc.so.6	pread	GLIBC_2.2.5	default	func	weak
libc.so.6	pread64	GLIBC_2.2.5	default	func	weak
libc.so.6	preadv	GLIBC_2.10	default	func	global
libc.so.6	preadv2	GLIBC_2.26	default	func	global
libc.so.6	preadv64	GLIBC_2.10	default	func	global
libc.so.6	preadv64v2	GLIBC_2.26	default	func	global
libc.so.6	printf	GLIBC_2.2.5	default	func	global
libc.so.6	printf_size	GLIBC_2.2.5	default	func	global
libc.so.6	printf_size_info	GLIBC_2.2.5	default	func	global
libc.so.6	prlimit	GLIBC_2.13	default	func	global
libc.so.6	prlimit64	GLIBC_2.13	default	func	weak
libc.so.6	process_vm_readv	GLIBC_2.15	default	func	global
libc.so.6	process_vm_writev	GLIBC_2.15	default	func	global
libc.so.6	profil	GLIBC_2.2.5	default	func	weak
libc.so.6	program_invocation_name	GLIBC_2.2.5	default	object	weak
libc.so.6	program_invocation_short_name	GLIBC_2.2.5	default	object	weak
libc.so.6	pselect	GLIBC_2.2.5	default	func	weak
libc.so.6	psiginfo	GLIBC_2.10	default	func	global
libc.so.6	psignal	GLIBC_2.2.5	default	func	global
libc.so.6	pthread_attr_destroy	GLIBC_2.2.5	default	func	global
libc.so.6	pthread_attr_getdetachstate	GLIBC_2.2.5	default	func	global
libc.so.6	pthread_attr_getinheritsched	GLIBC_2.2.5	default	func	global
libc.so.6	pthread_attr_getschedparam	GLIBC_2.2.5	default	func	global
libc.so.6	pthread_attr_getschedpolicy	GLIBC_2.2.5	default	func	global
libc.so.6	pthread_attr_getscope	GLIBC_2.2.5	default	func	global
libc.so.6	pthread_attr_init	GLIBC_2.2.5	default	func	global
libc.so.6	pthread_attr_setdetachstate	GLIBC_2.2.5	default	func	global
libc.so.6	pthread_attr_setinheritsched	GLIBC_2.2.5	default	func	global
libc.so.6	pthread_attr_setschedparam	GLIBC_2.2.5	default	func	global
libc.so.6	pthread_attr_setschedpolicy	GLIBC_2.2.5	default	func	global
libc.so.6	pthread_attr_setscope	GLIBC_2.2.5	default	func	global
libc.so.6	pthread_cond_broadcast	GLIBC_2.2.5	hidden	func	global
libc.so.6	pthread_cond_broadcast	GLIBC_2.3.2	default	func	global
libc.so.6	pthread_cond_destroy	GLIBC_2.2.5	hidden	func	global
libc.so.6	pthread_cond_destroy	GLIBC_2.3.2	default	func	global
libc.so.6	pthread_cond_init	GLIBC_2.2.5	hidden	func	global
libc.so.6	pthread_cond_init	GLIBC_2.3.2	default	func	global
libc.so.6	pthread_cond_signal	GLIBC_2.2.5	hidden	func	global
libc.so.6	pthread_cond_signal	GLIBC_2.3.2	default	func	global
libc.so.6	pthread_cond_timedwait	GLIBC_2.2.5	hidden	func	global
libc.so.6	pthread_cond_timedwait	GLIBC_2.3.2	default	func	global
libc.so.6	pthread_cond_wait	GLIBC_2.2.5	hidden	func	global
libc.so.6	pthread_cond_wait	GLIBC_2.3.2	default	func	global
libc.so.6	pthread_condattr_destroy	GLIBC_2.2.5	default	func	global
libc.so.6	pthread_condattr_init	GLIBC_2.2.5	default	func	global
libc.so.6	pthread_equal	GLIBC_2.2.5	default	func	global
libc.so.6	pthread_exit	GLIBC_2.2.5	default	func	global
libc.so.6	pthread_getschedparam	GLIBC_2.2.5	default	func	global
libc.so.6	pthread_mutex_destroy	GLIBC_2.2.5	default	func	global
libc.so.6	pthread_mutex_init	GLIBC_2.2.5	default	func	global
libc.so.6	pthread_mutex_lock	GLIBC_2.2.5	default	func	global
libc.so.6	pthread_mutex_unlock	GLIBC_2.2.5	default	func	global
libc.so.6	pthread_self	GLIBC_2.2.5	default	func	global
libc.so.6	pthread_setcancelstate	GLIBC_2.2.5	default	func	global
libc.so.6	pthread_setcanceltype	GLIBC_2.2.5	default	func	global
libc.so.6	pthread_setschedparam	GLIBC_2.2.5	default	func	global
libc.so.6	ptrace	GLIBC_2.2.5	default	func	global
libc.so.6	ptsname	GLIBC_2.2.5	default	func	global
libc.so.6	ptsname_r	GLIBC_2.2.5	default	func	weak
libc.so.6	putc	GLIBC_2.2.5	default	func	weak
libc.so.6	putc_unlocked	GLIBC_2.2.5	default	func	weak
libc.so.6	putchar	GLIBC_2.2.5	default	func	global
libc.so.6	putchar_unlocked	GLIBC_2.2.5	default	func	global
libc.so.6	putenv	GLIBC_2.2.5	default	func	global
libc.so.6	putgrent	GLIBC_2.2.5	default	func	global
libc.so.6	putmsg	GLIBC_2.2.5	default	func	global
libc.so.6	putpmsg	GLIBC_2.2.5	default	func	global
libc.so.6	putpwent	GLIBC_2.2.5	default	func	global
libc.so.6	puts	GLIBC_2.2.5	default	func	weak
libc.so.6	putsgent	GLIBC_2.10	default	func	global
libc.so.6	putspent	GLIBC_2.2.5	default	func	global
libc.so.6	pututline	GLIBC_2.2.5	default	func	weak
libc.so.6	pututxline	GLIBC_2.2.5	default	func	global
libc.so.6	putw	GLIBC_2.2.5	default	func	global
libc.so.6	putwc	GLIBC_2.2.5	default	func	global
libc.so.6	putwc_unlocked	GLIBC_2.2.5	default	func	global
libc.so.6	putwchar	GLIBC_2.2.5	default	func	global
libc.so.6	putwchar_unlocked	GLIBC_2.2.5	default	func	global
libc.so.6	pvalloc	GLIBC_2.2.5	default	func	weak
libc.so.6	pwrite	GLIBC_2.2.5	default	func	weak
libc.so.6	pwrite64	GLIBC_2.2.5	default	func	weak
libc.so.6	pwritev	GLIBC_2.10	default	func	global
libc.so.6	pwritev2	GLIBC_2.26	default	func	global
libc.so.6	pwritev64	GLIBC_2.10	default	func	global
libc.so.6	pwritev64v2	GLIBC_2.26	default	func	global
libc.so.6	qecvt	GLIBC_2.2.5	default	func	global
libc.so.6	qecvt_r	GLIBC_2.2.5	default	func	weak
libc.so.6	qfcvt	GLIBC_2.2.5	default	func	global
libc.so.6	qfcvt_r	GLIBC_2.2.5	default	func	weak
libc.so.6	qgcvt	GLIBC_2.2.5	default	func	global
libc.so.6	qsort	GLIBC_2.2.5	default	func	global
libc.so.6	qsort_r	GLIBC_2.8	default	func	weak
libc.so.6	query_module	GLIBC_2.2.5	hidden	func	global
libc.so.6	quick_exit	GLIBC_2.10	hidden	func	global
libc.so.6	quick_exit	GLIBC_2.24	default	func	global
libc.so.6	quotactl	GLIBC_2.2.5	default	func	global
libc.so.6	raise	GLIBC_2.2.5	default	func	global
libc.so.6	rand	GLIBC_2.2.5	default	func	global
libc.so.6	rand_r	GLIBC_2.2.5	default	func	global
libc.so.6	random	GLIBC_2.2.5	default	func	weak
libc.so.6	random_r	GLIBC_2.2.5	default	func	weak
libc.so.6	rawmemchr	GLIBC_2.2.5	default	ifunc	weak
libc.so.6	rcmd	GLIBC_2.2.5	default	func	global
libc.so.6	rcmd_af	GLIBC_2.2.5	default	func	global
libc.so.6	re_comp	GLIBC_2.2.5	default	func	weak
libc.so.6	re_compile_fastmap	GLIBC_2.2.5	default	func	weak
libc.so.6	re_compile_pattern	GLIBC_2.2.5	default	func	weak
libc.so.6	re_exec	GLIBC_2.2.5	default	func	weak
libc.so.6	re_match	GLIBC_2.2.5	default	func	weak
libc.so.6	re_match_2	GLIBC_2.2.5	default	func	weak
libc.so.6	re_max_failures	GLIBC_2.2.5	default	object	global
libc.so.6	re_search	GLIBC_2.2.5	default	func	weak
libc.so.6	re_search_2	GLIBC_2.2.5	default	func	weak
libc.so.6	re_set_registers	GLIBC_2.2.5	default	func	weak
libc.so.6	re_set_syntax	GLIBC_2.2.5	default	func	weak
libc.so.6	re_syntax_options	GLIBC_2.2.5	default	object	global
libc.so.6	read	GLIBC_2.2.5	default	func	global
libc.so.6	readahead	GLIBC_2.3	default	func	weak
libc.so.6	readdir	GLIBC_2.2.5	default	func	weak
libc.so.6	readdir64	GLIBC_2.2.5	default	func	weak
libc.so.6	readdir64_r	GLIBC_2.2.5	default	func	weak
libc.so.6	readdir_r	GLIBC_2.2.5	default	func	weak
libc.so.6	readlink	GLIBC_2.2.5	default	func	weak
libc.so.6	readlinkat	GLIBC_2.4	default	func	global
libc.so.6	readv	GLIBC_2.2.5	default	func	weak
libc.so.6	realloc	GLIBC_2.2.5	default	func	global
libc.so.6	reallocarray	GLIBC_2.26	default	func	weak
libc.so.6	realpath	GLIBC_2.2.5	hidden	func	global
libc.so.6	realpath	GLIBC_2.3	default	func	global
libc.so.6	reboot	GLIBC_2.2.5	default	func	global
libc.so.6	recv	GLIBC_2.2.5	default	func	weak
libc.so.6	recvfrom	GLIBC_2.2.5	default	func	weak
libc.so.6	recvmmsg	GLIBC_2.12	default	func	global
libc.so.6	recvmsg	GLIBC_2.2.5	default	func	weak
libc.so.6	regcomp	GLIBC_2.2.5	default	func	weak
libc.so.6	regerror	GLIBC_2.2.5	default	func	weak
libc.so.6	regexec	GLIBC_2.2.5	hidden	func	global
libc.so.6	regexec	GLIBC_2.3.4	default	func	global
libc.so.6	regfree	GLIBC_2.2.5	default	func	weak
libc.so.6	register_printf_function	GLIBC_2.2.5	default	func	weak
libc.so.6	register_printf_modifier	GLIBC_2.10	default	func	weak
libc.so.6	register_printf_specifier	GLIBC_2.10	default	func	weak
libc.so.6	register_printf_type	GLIBC_2.10	default	func	weak
libc.so.6	registerrpc	GLIBC_2.2.5	hidden	func	global
libc.so.6	remap_file_pages	GLIBC_2.3.3	default	func	weak
libc.so.6	remove	GLIBC_2.2.5	default	func	global
libc.so.6	removexattr	GLIBC_2.3	default	func	global
libc.so.6	remque	GLIBC_2.2.5	default	func	global
libc.so.6	rename	GLIBC_2.2.5	default	func	global
libc.so.6	renameat	GLIBC_2.4	default	func	weak
libc.so.6	renameat2	GLIBC_2.28	default	func	global
libc.so.6	revoke	GLIBC_2.2.5	default	func	weak
libc.so.6	rewind	GLIBC_2.2.5	default	func	global
libc.so.6	rewinddir	GLIBC_2.2.5	default	func	weak
libc.so.6	rexec	GLIBC_2.2.5	default	func	global
libc.so.6	rexec_af	GLIBC_2.2.5	default	func	global
libc.so.6	rexecoptions	GLIBC_2.2.5	default	object	global
libc.so.6	rindex	GLIBC_2.2.5	default	ifunc	weak
libc.so.6	rmdir	GLIBC_2.2.5	default	func	weak
libc.so.6	rpc_createerr	GLIBC_2.2.5	hidden	object	global
libc.so.6	rpmatch	GLIBC_2.2.5	default	func	global
libc.so.6	rresvport	GLIBC_2.2.5	default	func	global
libc.so.6	rresvport_af	GLIBC_2.2.5	default	func	global
libc.so.6	rtime	GLIBC_2.2.5	hidden	func	global
libc.so.6	ruserok	GLIBC_2.2.5	default	func	global
libc.so.6	ruserok_af	GLIBC_2.2.5	default	func	global
libc.so.6	ruserpass	GLIBC_2.2.5	default	func	global
libc.so.6	sbrk	GLIBC_2.2.5	default	func	weak
libc.so.6	scalbn	GLIBC_2.2.5	default	func	weak
libc.so.6	scalbnf	GLIBC_2.2.5	default	func	weak
libc.so.6	scalbnl	GLIBC_2.2.5	default	func	weak
libc.so.6	scandir	GLIBC_2.2.5	default	func	weak
libc.so.6	scandir64	GLIBC_2.2.5	default	func	weak
libc.so.6	scandirat	GLIBC_2.15	default	func	weak
libc.so.6	scandirat64	GLIBC_2.15	default	func	global
libc.so.6	scanf	GLIBC_2.2.5	default	func	global
libc.so.6	sched_get_priority_max	GLIBC_2.2.5	default	func	weak
libc.so.6	sched_get_priority_min	GLIBC_2.2.5	default	func	weak
libc.so.6	sched_getaffinity	GLIBC_2.3.3	hidden	func	global
libc.so.6	sched_getaffinity	GLIBC_2.3.4	default	func	global
libc.so.6	sched_getcpu	GLIBC_2.6	default	func	global
libc.so.6	sched_getparam	GLIBC_2.2.5	default	func	weak
libc.so.6	sched_getscheduler	GLIBC_2.2.5	default	func	weak
libc.so.6	sched_rr_get_interval	GLIBC_2.2.5	default	func	weak
libc.so.6	sched_setaffinity	GLIBC_2.3.3	hidden	func	global
libc.so.6	sched_setaffinity	GLIBC_2.3.4	default	func	global
libc.so.6	sched_setparam	GLIBC_2.2.5	default	func	weak
libc.so.6	sched_setscheduler	GLIBC_2.2.5	default	func	weak
libc.so.6	sched_yield	GLIBC_2.2.5	default	func	weak
libc.so.6	secure_getenv	GLIBC_2.17	default	func	weak
libc.so.6	seed48	GLIBC_2.2.5	default	func	global
libc.so.6	seed48_r	GLIBC_2.2.5	default	func	weak
libc.so.6	seekdir	GLIBC_2.2.5	default	func	global
libc.so.6	select	GLIBC_2.2.5	default	func	weak
libc.so.6	semctl	GLIBC_2.2.5	default	func	global
libc.so.6	semget	GLIBC_2.2.5	default	func	global
libc.so.6	semop	GLIBC_2.2.5	default	func	global
libc.so.6	semtimedop	GLIBC_2.3.3	default	func	global
libc.so.6	send	GLIBC_2.2.5	default	func	weak
libc.so.6	sendfile	GLIBC_2.2.5	default	func	global
libc.so.6	sendfile64	GLIBC_2.3	default	func	weak
libc.so.6	sendmmsg	GLIBC_2.14	default	func	weak
libc.so.6	sendmsg	GLIBC_2.2.5	default	func	weak
libc.so.6	sendto	GLIBC_2.2.5	default	func	weak
libc.so.6	setaliasent	GLIBC_2.2.5	default	func	global
libc.so.6	setbuf	GLIBC_2.2.5	default	func	global
libc.so.6	setbuffer	GLIBC_2.2.5	default	func	weak
libc.so.6	setcontext	GLIBC_2.2.5	default	func	weak
libc.so.6	setdomainname	GLIBC_2.2.5	default	func	global
libc.so.6	setegid	GLIBC_2.2.5	default	func	global
libc.so.6	setenv	GLIBC_2.2.5	default	func	weak
libc.so.6	seteuid	GLIBC_2.2.5	default	func	global
libc.so.6	setfsent	GLIBC_2.2.5	default	func	global
libc.so.6	setfsgid	GLIBC_2.2.5	default	func	global
libc.so.6	setfsuid	GLIBC_2.2.5	default	func	global
libc.so.6	setgid	GLIBC_2.2.5	default	func	weak
libc.so.6	setgrent	GLIBC_2.2.5	default	func	global
libc.so.6	setgroups	GLIBC_2.2.5	default	func	global
libc.so.6	sethostent	GLIBC_2.2.5	default	func	global
libc.so.6	sethostid	GLIBC_2.2.5	default	func	global
libc.so.6	sethostname	GLIBC_2.2.5	default	func	global
libc.so.6	setipv4sourcefilter	GLIBC_2.3.4	default	func	global
libc.so.6	setitimer	GLIBC_2.2.5	default	func	weak
libc.so.6	setjmp	GLIBC_2.2.5	default	func	global
libc.so.6	setlinebuf	GLIBC_2.2.5	default	func	global
libc.so.6	setlocale	GLIBC_2.2.5	default	func	global
libc.so.6	setlogin	GLIBC_2.2.5	default	func	global
libc.so.6	setlogmask	GLIBC_2.2.5	default	func	global
libc.so.6	setmntent	GLIBC_2.2.5	default	func	weak
libc.so.6	setnetent	GLIBC_2.2.5	default	func	global
libc.so.6	setnetgrent	GLIBC_2.2.5	default	func	global
libc.so.6	setns	GLIBC_2.14	default	func	global
libc.so.6	setpgid	GLIBC_2.2.5	default	func	weak
libc.so.6	setpgrp	GLIBC_2.2.5	default	func	global
libc.so.6	setpriority	GLIBC_2.2.5	default	func	weak
libc.so.6	setprotoent	GLIBC_2.2.5	default	func	global
libc.so.6	setpwent	GLIBC_2.2.5	default	func	global
libc.so.6	setregid	GLIBC_2.2.5	default	func	weak
libc.so.6	setresgid	GLIBC_2.2.5	default	func	weak
libc.so.6	setresuid	GLIBC_2.2.5	default	func	weak
libc.so.6	setreuid	GLIBC_2.2.5	default	func	weak
libc.so.6	setrlimit	GLIBC_2.2.5	default	func	weak
libc.so.6	setrlimit64	GLIBC_2.2.5	default	func	weak
libc.so.6	setrpcent	GLIBC_2.2.5	default	func	global
libc.so.6	setservent	GLIBC_2.2.5	default	func	global
libc.so.6	setsgent	GLIBC_2.10	default	func	global
libc.so.6	setsid	GLIBC_2.2.5	default	func	weak
libc.so.6	setsockopt	GLIBC_2.2.5	default	func	weak
libc.so.6	setsourcefilter	GLIBC_2.3.4	default	func	global
libc.so.6	setspent	GLIBC_2.2.5	default	func	global
libc.so.6	setstate	GLIBC_2.2.5	default	func	weak
libc.so.6	setstate_r	GLIBC_2.2.5	default	func	weak
libc.so.6	settimeofday	GLIBC_2.2.5	default	func	weak
libc.so.6	setttyent	GLIBC_2.2.5	default	func	weak
libc.so.6	setuid	GLIBC_2.2.5	default	func	weak
libc.so.6	setusershell	GLIBC_2.2.5	default	func	global
libc.so.6	setutent	GLIBC_2.2.5	default	func	weak
libc.so.6	setutxent	GLIBC_2.2.5	default	func	global
libc.so.6	setvbuf	GLIBC_2.2.5	default	func	weak
libc.so.6	setxattr	GLIBC_2.3	default	func	global
libc.so.6	sgetsgent	GLIBC_2.10	default	func	global
libc.so.6	sgetsgent_r	GLIBC_2.10	default	func	weak
libc.so.6	sgetspent	GLIBC_2.2.5	default	func	global
libc.so.6	sgetspent_r	GLIBC_2.2.5	default	func	weak
libc.so.6	shmat	GLIBC_2.2.5	default	func	global
libc.so.6	shmctl	GLIBC_2.2.5	default	func	global
libc.so.6	shmdt	GLIBC_2.2.5	default	func	global
libc.so.6	shmget	GLIBC_2.2.5	default	func	global
libc.so.6	shutdown	GLIBC_2.2.5	default	func	weak
libc.so.6	sigaction	GLIBC_2.2.5	default	func	weak
libc.so.6	sigaddset	GLIBC_2.2.5	default	func	global
libc.so.6	sigaltstack	GLIBC_2.2.5	default	func	weak
libc.so.6	sigandset	GLIBC_2.2.5	default	func	global
libc.so.6	sigblock	GLIBC_2.2.5	default	func	weak
libc.so.6	sigdelset	GLIBC_2.2.5	default	func	global
libc.so.6	sigemptyset	GLIBC_2.2.5	default	func	global
libc.so.6	sigfillset	GLIBC_2.2.5	default	func	global
libc.so.6	siggetmask	GLIBC_2.2.5	default	func	global
libc.so.6	sighold	GLIBC_2.2.5	default	func	global
libc.so.6	sigignore	GLIBC_2.2.5	default	func	global
libc.so.6	siginterrupt	GLIBC_2.2.5	default	func	global
libc.so.6	sigisemptyset	GLIBC_2.2.5	default	func	global
libc.so.6	sigismember	GLIBC_2.2.5	default	func	global
libc.so.6	siglongjmp	GLIBC_2.2.5	default	func	weak
libc.so.6	signal	GLIBC_2.2.5	default	func	weak
libc.so.6	signalfd	GLIBC_2.7	default	func	global
libc.so.6	sigorset	GLIBC_2.2.5	default	func	global
libc.so.6	sigpause	GLIBC_2.2.5	default	func	weak
libc.so.6	sigpending	GLIBC_2.2.5	default	func	global
libc.so.6	sigprocmask	GLIBC_2.2.5	default	func	weak
libc.so.6	sigqueue	GLIBC_2.2.5	default	func	weak
libc.so.6	sigrelse	GLIBC_2.2.5	default	func	global
libc.so.6	sigreturn	GLIBC_2.2.5	default	func	weak
libc.so.6	sigset	GLIBC_2.2.5	default	func	global
libc.so.6	sigsetmask	GLIBC_2.2.5	default	func	weak
libc.so.6	sigstack	GLIBC_2.2.5	default	func	global
libc.so.6	sigsuspend	GLIBC_2.2.5	default	func	weak
libc.so.6	sigtimedwait	GLIBC_2.2.5	default	func	weak
libc.so.6	sigvec	GLIBC_2.2.5	hidden	func	global
libc.so.6	sigwait	GLIBC_2.2.5	default	func	weak
libc.so.6	sigwaitinfo	GLIBC_2.2.5	default	func	weak
libc.so.6	sleep	GLIBC_2.2.5	default	func	weak
libc.so.6	snprintf	GLIBC_2.2.5	default	func	weak
libc.so.6	sockatmark	GLIBC_2.2.5	default	func	global
libc.so.6	socket	GLIBC_2.2.5	default	func	weak
libc.so.6	socketpair	GLIBC_2.2.5	default	func	weak
libc.so.6	splice	GLIBC_2.5	default	func	global
libc.so.6	sprintf	GLIBC_2.2.5	default	func	global
libc.so.6	sprofil	GLIBC_2.2.5	default	func	weak
libc.so.6	srand	GLIBC_2.2.5	default	func	weak
libc.so.6	srand48	GLIBC_2.2.5	default	func	global
libc.so.6	srand48_r	GLIBC_2.2.5	default	func	weak
libc.so.6	srandom	GLIBC_2.2.5	default	func	weak
libc.so.6	srandom_r	GLIBC_2.2.5	default	func	weak
libc.so.6	sscanf	GLIBC_2.2.5	default	func	global
libc.so.6	ssignal	GLIBC_2.2.5	default	func	weak
libc.so.6	sstk	GLIBC_2.2.5	default	func	global
libc.so.6	statfs	GLIBC_2.2.5	default	func	weak
libc.so.6	statfs64	GLIBC_2.2.5	default	func	weak
libc.so.6	statvfs	GLIBC_2.2.5	default	func	weak
libc.so.6	statvfs64	GLIBC_2.2.5	default	func	weak
libc.so.6	statx	GLIBC_2.28	default	func	global
libc.so.6	stderr	GLIBC_2.2.5	default	object	global
libc.so.6	stdin	GLIBC_2.2.5	default	object	global
libc.so.6	stdout	GLIBC_2.2.5	default	object	global
libc.so.6	step	GLIBC_2.2.5	hidden	func	weak
libc.so.6	stime	GLIBC_2.2.5	default	func	global
libc.so.6	stpcpy	GLIBC_2.2.5	default	ifunc	weak
libc.so.6	stpncpy	GLIBC_2.2.5	default	ifunc	weak
libc.so.6	strcasecmp	GLIBC_2.2.5	default	ifunc	weak
libc.so.6	strcasecmp_l	GLIBC_2.3	default	ifunc	weak
libc.so.6	strcasestr	GLIBC_2.2.5	default	func	weak
libc.so.6	strcat	GLIBC_2.2.5	default	ifunc	global
libc.so.6	strchr	GLIBC_2.2.5	default	ifunc	global
libc.so.6	strchrnul	GLIBC_2.2.5	default	ifunc	weak
libc.so.6	strcmp	GLIBC_2.2.5	default	ifunc	global
libc.so.6	strcoll	GLIBC_2.2.5	default	func	global
libc.so.6	strcoll_l	GLIBC_2.3	default	func	weak
libc.so.6	strcpy	GLIBC_2.2.5	default	ifunc	global
libc.so.6	strcspn	GLIBC_2.2.5	default	ifunc	global
libc.so.6	strdup	GLIBC_2.2.5	default	func	weak
libc.so.6	strerror	GLIBC_2.2.5	default	func	global
libc.so.6	strerror_l	GLIBC_2.6	default	func	weak
libc.so.6	strerror_r	GLIBC_2.2.5	default	func	weak
libc.so.6	strfmon	GLIBC_2.2.5	default	func	global
libc.so.6	strfmon_l	GLIBC_2.3	default	func	weak
libc.so.6	strfromd	GLIBC_2.25	default	func	global
libc.so.6	strfromf	GLIBC_2.25	default	func	global
libc.so.6	strfromf128	GLIBC_2.26	default	func	global
libc.so.6	strfromf32	GLIBC_2.27	default	func	weak
libc.so.6	strfromf32x	GLIBC_2.27	default	func	weak
libc.so.6	strfromf64	GLIBC_2.27	default	func	weak
libc.so.6	strfromf64x	GLIBC_2.27	default	func	weak
libc.so.6	strfroml	GLIBC_2.25	default	func	global
libc.so.6	strfry	GLIBC_2.2.5	default	func	global
libc.so.6	strftime	GLIBC_2.2.5	default	func	global
libc.so.6	strftime_l	GLIBC_2.3	default	func	weak
libc.so.6	strlen	GLIBC_2.2.5	default	ifunc	global
libc.so.6	strncasecmp	GLIBC_2.2.5	default	ifunc	weak
libc.so.6	strncasecmp_l	GLIBC_2.3	default	ifunc	weak
libc.so.6	strncat	GLIBC_2.2.5	default	ifunc	global
libc.so.6	strncmp	GLIBC_2.2.5	default	ifunc	global
libc.so.6	strncpy	GLIBC_2.2.5	default	ifunc	global
libc.so.6	strndup	GLIBC_2.2.5	default	func	weak
libc.so.6	strnlen	GLIBC_2.2.5	default	ifunc	weak
libc.so.6	strpbrk	GLIBC_2.2.5	default	ifunc	global
libc.so.6	strptime	GLIBC_2.2.5	default	func	global
libc.so.6	strptime_l	GLIBC_2.3.2	default	func	weak
libc.so.6	strrchr	GLIBC_2.2.5	default	ifunc	global
libc.so.6	strsep	GLIBC_2.2.5	default	func	weak
libc.so.6	strsignal	GLIBC_2.2.5	default	func	global
libc.so.6	strspn	GLIBC_2.2.5	default	ifunc	global
libc.so.6	strstr	GLIBC_2.2.5	default	ifunc	global
libc.so.6	strtod	GLIBC_2.2.5	default	func	global
libc.so.6	strtod_l	GLIBC_2.3	default	func	weak
libc.so.6	strtof	GLIBC_2.2.5	default	func	global
libc.so.6	strtof128	GLIBC_2.26	default	func	global
libc.so.6	strtof128_l	GLIBC_2.26	default	func	weak
libc.so.6	strtof32	GLIBC_2.27	default	func	weak
libc.so.6	strtof32_l	GLIBC_2.27	default	func	weak
libc.so.6	strtof32x	GLIBC_2.27	default	func	weak
libc.so.6	strtof32x_l	GLIBC_2.27	default	func	weak
libc.so.6	strtof64	GLIBC_2.27	default	func	weak
libc.so.6	strtof64_l	GLIBC_2.27	default	func	weak
libc.so.6	strtof64x	GLIBC_2.27	default	func	weak
libc.so.6	strtof64x_l	GLIBC_2.27	default	func	weak
libc.so.6	strtof_l	GLIBC_2.3	default	func	weak
libc.so.6	strtoimax	GLIBC_2.2.5	default	func	global
libc.so.6	strtok	GLIBC_2.2.5	default	func	global
libc.so.6	strtok_r	GLIBC_2.2.5	default	func	weak
libc.so.6	strtol	GLIBC_2.2.5	default	func	weak
libc.so.6	strtol_l	GLIBC_2.3	default	func	weak
libc.so.6	strtold	GLIBC_2.2.5	default	func	global
libc.so.6	strtold_l	GLIBC_2.3	default	func	weak
libc.so.6	strtoll	GLIBC_2.2.5	default	func	weak
libc.so.6	strtoll_l	GLIBC_2.3.3	default	func	weak
libc.so.6	strtoq	GLIBC_2.2.5	default	func	weak
libc.so.6	strtoul	GLIBC_2.2.5	default	func	weak
libc.so.6	strtoul_l	GLIBC_2.3	default	func	weak
libc.so.6	strtoull	GLIBC_2.2.5	default	func	weak
libc.so.6	strtoull_l	GLIBC_2.3.3	default	func	weak
libc.so.6	strtoumax	GLIBC_2.2.5	default	func	global
libc.so.6	strtouq	GLIBC_2.2.5	default	func	weak
libc.so.6	strverscmp	GLIBC_2.2.5	default	func	weak
libc.so.6	strxfrm	GLIBC_2.2.5	default	func	global
libc.so.6	strxfrm_l	GLIBC_2.3	default	func	weak
libc.so.6	stty	GLIBC_2.2.5	default	func	global
libc.so.6	svc_exit	GLIBC_2.2.5	hidden	func	global
libc.so.6	svc_fdset	GLIBC_2.2.5	hidden	object	global
libc.so.6	svc_getreq	GLIBC_2.2.5	hidden	func	global
libc.so.6	svc_getreq_common	GLIBC_2.2.5	hidden	func	global
libc.so.6	svc_getreq_poll	GLIBC_2.2.5	hidden	func	global
libc.so.6	svc_getreqset	GLIBC_2.2.5	hidden	func	global
libc.so.6	svc_max_pollfd	GLIBC_2.2.5	hidden	object	global
libc.so.6	svc_pollfd	GLIBC_2.2.5	hidden	object	global
libc.so.6	svc_register	GLIBC_2.2.5	hidden	func	global
libc.so.6	svc_run	GLIBC_2.2.5	hidden	func	global
libc.so.6	svc_sendreply	GLIBC_2.2.5	hidden	func	global
libc.so.6	svc_unregister	GLIBC_2.2.5	hidden	func	global
libc.so.6	svcauthdes_stats	GLIBC_2.2.5	hidden	object	global
libc.so.6	svcerr_auth	GLIBC_2.2.5	hidden	func	global
libc.so.6	svcerr_decode	GLIBC_2.2.5	hidden	func	global
libc.so.6	svcerr_noproc	GLIBC_2.2.5	hidden	func	global
libc.so.6	svcerr_noprog	GLIBC_2.2.5	hidden	func	global
libc.so.6	svcerr_progvers	GLIBC_2.2.5	hidden	func	global
libc.so.6	svcerr_systemerr	GLIBC_2.2.5	hidden	func	global
libc.so.6	svcerr_weakauth	GLIBC_2.2.5	hidden	func	global
libc.so.6	svcfd_create	GLIBC_2.2.5	hidden	func	global
libc.so.6	svcraw_create	GLIBC_2.2.5	hidden	func	global
libc.so.6	svctcp_create	GLIBC_2.2.5	hidden	func	global
libc.so.6	svcudp_bufcreate	GLIBC_2.2.5	hidden	func	global
libc.so.6	svcudp_create	GLIBC_2.2.5	hidden	func	global
libc.so.6	svcudp_enablecache	GLIBC_2.2.5	hidden	func	global
libc.so.6	svcunix_create	GLIBC_2.2.5	hidden	func	global
libc.so.6	svcunixfd_create	GLIBC_2.2.5	hidden	func	global
libc.so.6	swab	GLIBC_2.2.5	default	func	global
libc.so.6	swapcontext	GLIBC_2.2.5	default	func	weak
libc.so.6	swapoff	GLIBC_2.2.5	default	func	weak
libc.so.6	swapon	GLIBC_2.2.5	default	func	weak
libc.so.6	swprintf	GLIBC_2.2.5	default	func	global
libc.so.6	swscanf	GLIBC_2.2.5	default	func	global
libc.so.6	symlink	GLIBC_2.2.5	default	func	weak
libc.so.6	symlinkat	GLIBC_2.4	default	func	global
libc.so.6	sync	GLIBC_2.2.5	default	func	global
libc.so.6	sync_file_range	GLIBC_2.6	default	func	global
libc.so.6	syncfs	GLIBC_2.14	default	func	global
libc.so.6	sys_errlist	GLIBC_2.12	default	object	global
libc.so.6	sys_errlist	GLIBC_2.2.5	hidden	object	global
libc.so.6	sys_errlist	GLIBC_2.3	hidden	object	global
libc.so.6	sys_errlist	GLIBC_2.4	hidden	object	global
libc.so.6	sys_nerr	GLIBC_2.12	default	object	global
libc.so.6	sys_nerr	GLIBC_2.2.5	hidden	object	global
libc.so.6	sys_nerr	GLIBC_2.3	hidden	object	global
libc.so.6	sys_nerr	GLIBC_2.4	hidden	object	global
libc.so.6	sys_sigabbrev	GLIBC_2.2.5	hidden	object	global
libc.so.6	sys_sigabbrev	GLIBC_2.3.3	default	object	global
libc.so.6	sys_siglist	GLIBC_2.2.5	hidden	object	global
libc.so.6	sys_siglist	GLIBC_2.3.3	default	object	global
libc.so.6	syscall	GLIBC_2.2.5	default	func	global
libc.so.6	sysconf	GLIBC_2.2.5	default	func	weak
libc.so.6	sysctl	GLIBC_2.2.5	default	func	weak
libc.so.6	sysinfo	GLIBC_2.2.5	default	func	weak
libc.so.6	syslog	GLIBC_2.2.5	default	func	global
libc.so.6	system	GLIBC_2.2.5	default	func	weak
libc.so.6	sysv_signal	GLIBC_2.2.5	default	func	weak
libc.so.6	tcdrain	GLIBC_2.2.5	default	func	weak
libc.so.6	tcflow	GLIBC_2.2.5	default	func	global
libc.so.6	tcflush	GLIBC_2.2.5	default	func	global
libc.so.6	tcgetattr	GLIBC_2.2.5	default	func	weak
libc.so.6	tcgetpgrp	GLIBC_2.2.5	default	func	global
libc.so.6	tcgetsid	GLIBC_2.2.5	default	func	global
libc.so.6	tcsendbreak	GLIBC_2.2.5	default	func	global
libc.so.6	tcsetattr	GLIBC_2.2.5	default	func	global
libc.so.6	tcsetpgrp	GLIBC_2.2.5	default	func	global
libc.so.6	tdelete	GLIBC_2.2.5	default	func	weak
libc.so.6	tdestroy	GLIBC_2.2.5	default	func	weak
libc.so.6	tee	GLIBC_2.5	default	func	global
libc.so.6	telldir	GLIBC_2.2.5	default	func	global
libc.so.6	tempnam	GLIBC_2.2.5	default	func	global
libc.so.6	textdomain	GLIBC_2.2.5	default	func	weak
libc.so.6	tfind	GLIBC_2.2.5	default	func	weak
libc.so.6	thrd_current	GLIBC_2.28	default	func	global
libc.so.6	thrd_equal	GLIBC_2.28	default	func	global
libc.so.6	thrd_sleep	GLIBC_2.28	default	func	global
libc.so.6	thrd_yield	GLIBC_2.28	default	func	global
libc.so.6	time	GLIBC_2.2.5	default	ifunc	global
libc.so.6	timegm	GLIBC_2.2.5	default	func	global
libc.so.6	timelocal	GLIBC_2.2.5	default	func	weak
libc.so.6	timerfd_create	GLIBC_2.8	default	func	global
libc.so.6	timerfd_gettime	GLIBC_2.8	default	func	global
libc.so.6	timerfd_settime	GLIBC_2.8	default	func	global
libc.so.6	times	GLIBC_2.2.5	default	func	weak
libc.so.6	timespec_get	GLIBC_2.16	default	func	global
libc.so.6	timezone	GLIBC_2.2.5	default	object	weak
libc.so.6	tmpfile	GLIBC_2.2.5	default	func	global
libc.so.6	tmpfile64	GLIBC_2.2.5	default	func	weak
libc.so.6	tmpnam	GLIBC_2.2.5	default	func	global
libc.so.6	tmpnam_r	GLIBC_2.2.5	default	func	global
libc.so.6	toascii	GLIBC_2.2.5	default	func	global
libc.so.6	tolower	GLIBC_2.2.5	default	func	global
libc.so.6	tolower_l	GLIBC_2.3	default	func	weak
libc.so.6	toupper	GLIBC_2.2.5	default	func	global
libc.so.6	toupper_l	GLIBC_2.3	default	func	weak
libc.so.6	towctrans	GLIBC_2.2.5	default	func	weak
libc.so.6	towctrans_l	GLIBC_2.3	default	func	weak
libc.so.6	towlower	GLIBC_2.2.5	default	func	weak
libc.so.6	towlower_l	GLIBC_2.3	default	func	weak
libc.so.6	towupper	GLIBC_2.2.5	default	func	weak
libc.so.6	towupper_l	GLIBC_2.3	default	func	weak
libc.so.6	tr_break	GLIBC_2.2.5	default	func	global
libc.so.6	truncate	GLIBC_2.2.5	default	func	weak
libc.so.6	truncate64	GLIBC_2.2.5	default	func	weak
libc.so.6	tsearch	GLIBC_2.2.5	default	func	weak
libc.so.6	ttyname	GLIBC_2.2.5	default	func	global
libc.so.6	ttyname_r	GLIBC_2.2.5	default	func	weak
libc.so.6	ttyslot	GLIBC_2.2.5	default	func	global
libc.so.6	twalk	GLIBC_2.2.5	default	func	weak
libc.so.6	tzname	GLIBC_2.2.5	default	object	weak
libc.so.6	tzset	GLIBC_2.2.5	default	func	weak
libc.so.6	ualarm	GLIBC_2.2.5	default	func	global
libc.so.6	ulckpwdf	GLIBC_2.2.5	default	func	weak
libc.so.6	ulimit	GLIBC_2.2.5	default	func	weak
libc.so.6	umask	GLIBC_2.2.5	default	func	weak
libc.so.6	umount	GLIBC_2.2.5	default	func	weak
libc.so.6	umount2	GLIBC_2.2.5	default	func	weak
libc.so.6	uname	GLIBC_2.2.5	default	func	weak
libc.so.6	ungetc	GLIBC_2.2.5	default	func	weak
libc.so.6	ungetwc	GLIBC_2.2.5	default	func	global
libc.so.6	unlink	GLIBC_2.2.5	default	func	weak
libc.so.6	unlinkat	GLIBC_2.4	default	func	global
libc.so.6	unlockpt	GLIBC_2.2.5	default	func	global
libc.so.6	unsetenv	GLIBC_2.2.5	default	func	weak
libc.so.6	unshare	GLIBC_2.4	default	func	global
libc.so.6	updwtmp	GLIBC_2.2.5	default	func	weak
libc.so.6	updwtmpx	GLIBC_2.2.5	default	func	global
libc.so.6	uselib	GLIBC_2.2.5	hidden	func	global
libc.so.6	uselocale	GLIBC_2.3	default	func	weak
libc.so.6	user2netname	GLIBC_2.2.5	hidden	func	global
libc.so.6	usleep	GLIBC_2.2.5	default	func	global
libc.so.6	ustat	GLIBC_2.2.5	hidden	func	global
libc.so.6	utime	GLIBC_2.2.5	default	func	global
libc.so.6	utimensat	GLIBC_2.6	default	func	global
libc.so.6	utimes	GLIBC_2.2.5	default	func	weak
libc.so.6	utmpname	GLIBC_2.2.5	default	func	weak
libc.so.6	utmpxname	GLIBC_2.2.5	default	func	global
libc.so.6	valloc	GLIBC_2.2.5	default	func	weak
libc.so.6	vasprintf	GLIBC_2.2.5	default	func	weak
libc.so.6	vdprintf	GLIBC_2.2.5	default	func	weak
libc.so.6	verr	GLIBC_2.2.5	default	func	global
libc.so.6	verrx	GLIBC_2.2.5	default	func	global
libc.so.6	versionsort	GLIBC_2.2.5	default	func	weak
libc.so.6	versionsort64	GLIBC_2.2.5	default	func	weak
libc.so.6	vfork	GLIBC_2.2.5	default	func	weak
libc.so.6	vfprintf	GLIBC_2.2.5	default	func	global
libc.so.6	vfscanf	GLIBC_2.2.5	default	func	weak
libc.so.6	vfwprintf	GLIBC_2.2.5	default	func	weak
libc.so.6	vfwscanf	GLIBC_2.2.5	default	func	weak
libc.so.6	vhangup	GLIBC_2.2.5	default	func	global
libc.so.6	vlimit	GLIBC_2.2.5	default	func	global
libc.so.6	vmsplice	GLIBC_2.5	default	func	global
libc.so.6	vprintf	GLIBC_2.2.5	default	func	global
libc.so.6	vscanf	GLIBC_2.2.5	default	func	weak
libc.so.6	vsnprintf	GLIBC_2.2.5	default	func	weak
libc.so.6	vsprintf	GLIBC_2.2.5	default	func	weak
libc.so.6	vsscanf	GLIBC_2.2.5	default	func	weak
libc.so.6	vswprintf	GLIBC_2.2.5	default	func	weak
libc.so.6	vswscanf	GLIBC_2.2.5	default	func	global
libc.so.6	vsyslog	GLIBC_2.2.5	default	func	global
libc.so.6	vtimes	GLIBC_2.2.5	default	func	global
libc.so.6	vwarn	GLIBC_2.2.5	default	func	global
libc.so.6	vwarnx	GLIBC_2.2.5	default	func	global
libc.so.6	vwprintf	GLIBC_2.2.5	default	func	global
libc.so.6	vwscanf	GLIBC_2.2.5	default	func	global
libc.so.6	wait	GLIBC_2.2.5	default	func	weak
libc.so.6	wait3	GLIBC_2.2.5	default	func	weak
libc.so.6	wait4	GLIBC_2.2.5	default	func	weak
libc.so.6	waitid	GLIBC_2.2.5	default	func	weak
libc.so.6	waitpid	GLIBC_2.2.5	default	func	weak
libc.so.6	warn	GLIBC_2.2.5	default	func	global
libc.so.6	warnx	GLIBC_2.2.5	default	func	global
libc.so.6	wcpcpy	GLIBC_2.2.5	default	func	weak
libc.so.6	wcpncpy	GLIBC_2.2.5	default	func	weak
libc.so.6	wcrtomb	GLIBC_2.2.5	default	func	weak
libc.so.6	wcscasecmp	GLIBC_2.2.5	default	func	weak
libc.so.6	wcscasecmp_l	GLIBC_2.3	default	func	weak
libc.so.6	wcscat	GLIBC_2.2.5	default	func	weak
libc.so.6	wcschr	GLIBC_2.2.5	default	ifunc	weak
libc.so.6	wcschrnul	GLIBC_2.2.5	default	func	weak
libc.so.6	wcscmp	GLIBC_2.2.5	default	ifunc	weak
libc.so.6	wcscoll	GLIBC_2.2.5	default	func	weak
libc.so.6	wcscoll_l	GLIBC_2.3	default	func	weak
libc.so.6	wcscpy	GLIBC_2.2.5	default	ifunc	global
libc.so.6	wcscspn	GLIBC_2.2.5	default	func	global
libc.so.6	wcsdup	GLIBC_2.2.5	default	func	global
libc.so.6	wcsftime	GLIBC_2.2.5	default	func	global
libc.so.6	wcsftime_l	GLIBC_2.3	default	func	weak
libc.so.6	wcslen	GLIBC_2.2.5	default	ifunc	weak
libc.so.6	wcsncasecmp	GLIBC_2.2.5	default	func	weak
libc.so.6	wcsncasecmp_l	GLIBC_2.3	default	func	weak
libc.so.6	wcsncat	GLIBC_2.2.5	default	func	global
libc.so.6	wcsncmp	GLIBC_2.2.5	default	ifunc	global
libc.so.6	wcsncpy	GLIBC_2.2.5	default	func	weak
libc.so.6	wcsnlen	GLIBC_2.2.5	default	ifunc	weak
libc.so.6	wcsnrtombs	GLIBC_2.2.5	default	func	weak
libc.so.6	wcspbrk	GLIBC_2.2.5	default	func	global
libc.so.6	wcsrchr	GLIBC_2.2.5	default	ifunc	global
libc.so.6	wcsrtombs	GLIBC_2.2.5	default	func	weak
libc.so.6	wcsspn	GLIBC_2.2.5	default	func	global
libc.so.6	wcsstr	GLIBC_2.2.5	default	func	global
libc.so.6	wcstod	GLIBC_2.2.5	default	func	global
libc.so.6	wcstod_l	GLIBC_2.3	default	func	weak
libc.so.6	wcstof	GLIBC_2.2.5	default	func	global
libc.so.6	wcstof128	GLIBC_2.26	default	func	global
libc.so.6	wcstof128_l	GLIBC_2.26	default	func	weak
libc.so.6	wcstof32	GLIBC_2.27	default	func	weak
libc.so.6	wcstof32_l	GLIBC_2.27	default	func	weak
libc.so.6	wcstof32x	GLIBC_2.27	default	func	weak
libc.so.6	wcstof32x_l	GLIBC_2.27	default	func	weak
libc.so.6	wcstof64	GLIBC_2.27	default	func	weak
libc.so.6	wcstof64_l	GLIBC_2.27	default	func	weak
libc.so.6	wcstof64x	GLIBC_2.27	default	func	weak
libc.so.6	wcstof64x_l	GLIBC_2.27	default	func	weak
libc.so.6	wcstof_l	GLIBC_2.3	default	func	weak
libc.so.6	wcstoimax	GLIBC_2.2.5	default	func	global
libc.so.6	wcstok	GLIBC_2.2.5	default	func	global
libc.so.6	wcstol	GLIBC_2.2.5	default	func	weak
libc.so.6	wcstol_l	GLIBC_2.3	default	func	weak
libc.so.6	wcstold	GLIBC_2.2.5	default	func	global
libc.so.6	wcstold_l	GLIBC_2.3	default	func	weak
libc.so.6	wcstoll	GLIBC_2.2.5	default	func	weak
libc.so.6	wcstoll_l	GLIBC_2.3	default	func	weak
libc.so.6	wcstombs	GLIBC_2.2.5	default	func	global
libc.so.6	wcstoq	GLIBC_2.2.5	default	func	weak
libc.so.6	wcstoul	GLIBC_2.2.5	default	func	weak
libc.so.6	wcstoul_l	GLIBC_2.3	default	func	weak
libc.so.6	wcstoull	GLIBC_2.2.5	default	func	weak
libc.so.6	wcstoull_l	GLIBC_2.3	default	func	weak
libc.so.6	wcstoumax	GLIBC_2.2.5	default	func	global
libc.so.6	wcstouq	GLIBC_2.2.5	default	func	weak
libc.so.6	wcswcs	GLIBC_2.2.5	default	func	weak
libc.so.6	wcswidth	GLIBC_2.2.5	default	func	global
libc.so.6	wcsxfrm	GLIBC_2.2.5	default	func	global
libc.so.6	wcsxfrm_l	GLIBC_2.3	default	func	weak
libc.so.6	wctob	GLIBC_2.2.5	default	func	global
libc.so.6	wctomb	GLIBC_2.2.5	default	func	global
libc.so.6	wctrans	GLIBC_2.2.5	default	func	weak
libc.so.6	wctrans_l	GLIBC_2.3	default	func	weak
libc.so.6	wctype	GLIBC_2.2.5	default	func	weak
libc.so.6	wctype_l	GLIBC_2.3	default	func	weak
libc.so.6	wcwidth	GLIBC_2.2.5	default	func	global
libc.so.6	wmemchr	GLIBC_2.2.5	default	ifunc	weak
libc.so.6	wmemcmp	GLIBC_2.2.5	default	ifunc	global
libc.so.6	wmemcpy	GLIBC_2.2.5	default	func	weak
libc.so.6	wmemmove	GLIBC_2.2.5	default	func	weak
libc.so.6	wmempcpy	GLIBC_2.2.5	default	func	weak
libc.so.6	wmemset	GLIBC_2.2.5	default	ifunc	weak
libc.so.6	wordexp	GLIBC_2.2.5	default	func	global
libc.so.6	wordfree	GLIBC_2.2.5	default	func	global
libc.so.6	wprintf	GLIBC_2.2.5	default	func	global
libc.so.6	write	GLIBC_2.2.5	default	func	weak
libc.so.6	writev	GLIBC_2.2.5	default	func	weak
libc.so.6	wscanf	GLIBC_2.2.5	default	func	global
libc.so.6	xdecrypt	GLIBC_2.2.5	hidden	func	global
libc.so.6	xdr_accepted_reply	GLIBC_2.2.5	hidden	func	global
libc.so.6	xdr_array	GLIBC_2.2.5	hidden	func	global
libc.so.6	xdr_authdes_cred	GLIBC_2.2.5	hidden	func	global
libc.so.6	xdr_authdes_verf	GLIBC_2.2.5	hidden	func	global
libc.so.6	xdr_authunix_parms	GLIBC_2.2.5	hidden	func	global
libc.so.6	xdr_bool	GLIBC_2.2.5	hidden	func	global
libc.so.6	xdr_bytes	GLIBC_2.2.5	hidden	func	global
libc.so.6	xdr_callhdr	GLIBC_2.2.5	hidden	func	global
libc.so.6	xdr_callmsg	GLIBC_2.2.5	hidden	func	global
libc.so.6	xdr_char	GLIBC_2.2.5	hidden	func	global
libc.so.6	xdr_cryptkeyarg	GLIBC_2.2.5	hidden	func	global
libc.so.6	xdr_cryptkeyarg2	GLIBC_2.2.5	hidden	func	global
libc.so.6	xdr_cryptkeyres	GLIBC_2.2.5	hidden	func	global
libc.so.6	xdr_des_block	GLIBC_2.2.5	hidden	func	global
libc.so.6	xdr_double	GLIBC_2.2.5	hidden	func	global
libc.so.6	xdr_enum	GLIBC_2.2.5	hidden	func	global
libc.so.6	xdr_float	GLIBC_2.2.5	hidden	func	global
libc.so.6	xdr_free	GLIBC_2.2.5	hidden	func	global
libc.so.6	xdr_getcredres	GLIBC_2.2.5	hidden	func	global
libc.so.6	xdr_hyper	GLIBC_2.2.5	hidden	func	global
libc.so.6	xdr_int	GLIBC_2.2.5	hidden	func	global
libc.so.6	xdr_int16_t	GLIBC_2.2.5	hidden	func	global
libc.so.6	xdr_int32_t	GLIBC_2.2.5	hidden	func	global
libc.so.6	xdr_int64_t	GLIBC_2.2.5	hidden	func	global
libc.so.6	xdr_int8_t	GLIBC_2.2.5	hidden	func	global
libc.so.6	xdr_key_netstarg	GLIBC_2.2.5	hidden	func	global
libc.so.6	xdr_key_netstres	GLIBC_2.2.5	hidden	func	global
libc.so.6	xdr_keybuf	GLIBC_2.2.5	hidden	func	global
libc.so.6	xdr_keystatus	GLIBC_2.2.5	hidden	func	global
libc.so.6	xdr_long	GLIBC_2.2.5	hidden	func	global
libc.so.6	xdr_longlong_t	GLIBC_2.2.5	hidden	func	global
libc.so.6	xdr_netnamestr	GLIBC_2.2.5	hidden	func	global
libc.so.6	xdr_netobj	GLIBC_2.2.5	hidden	func	global
libc.so.6	xdr_opaque	GLIBC_2.2.5	hidden	func	global
libc.so.6	xdr_opaque_auth	GLIBC_2.2.5	hidden	func	global
libc.so.6	xdr_pmap	GLIBC_2.2.5	hidden	func	global
libc.so.6	xdr_pmaplist	GLIBC_2.2.5	hidden	func	global
libc.so.6	xdr_pointer	GLIBC_2.2.5	hidden	func	global
libc.so.6	xdr_quad_t	GLIBC_2.3.4	hidden	func	global
libc.so.6	xdr_reference	GLIBC_2.2.5	hidden	func	global
libc.so.6	xdr_rejected_reply	GLIBC_2.2.5	hidden	func	global
libc.so.6	xdr_replymsg	GLIBC_2.2.5	hidden	func	global
libc.so.6	xdr_rmtcall_args	GLIBC_2.2.5	hidden	func	global
libc.so.6	xdr_rmtcallres	GLIBC_2.2.5	hidden	func	global
libc.so.6	xdr_short	GLIBC_2.2.5	hidden	func	global
libc.so.6	xdr_sizeof	GLIBC_2.2.5	hidden	func	global
libc.so.6	xdr_string	GLIBC_2.2.5	hidden	func	global
libc.so.6	xdr_u_char	GLIBC_2.2.5	hidden	func	global
libc.so.6	xdr_u_hyper	GLIBC_2.2.5	hidden	func	global
libc.so.6	xdr_u_int	GLIBC_2.2.5	hidden	func	global
libc.so.6	xdr_u_long	GLIBC_2.2.5	hidden	func	global
libc.so.6	xdr_u_longlong_t	GLIBC_2.2.5	hidden	func	global
libc.so.6	xdr_u_quad_t	GLIBC_2.3.4	hidden	func	global
libc.so.6	xdr_u_short	GLIBC_2.2.5	hidden	func	global
libc.so.6	xdr_uint16_t	GLIBC_2.2.5	hidden	func	global
libc.so.6	xdr_uint32_t	GLIBC_2.2.5	hidden	func	global
libc.so.6	xdr_uint64_t	GLIBC_2.2.5	hidden	func	global
libc.so.6	xdr_uint8_t	GLIBC_2.2.5	hidden	func	global
libc.so.6	xdr_union	GLIBC_2.2.5	hidden	func	global
libc.so.6	xdr_unixcred	GLIBC_2.2.5	hidden	func	global
libc.so.6	xdr_vector	GLIBC_2.2.5	hidden	func	global
libc.so.6	xdr_void	GLIBC_2.2.5	hidden	func	global
libc.so.6	xdr_wrapstring	GLIBC_2.2.5	hidden	func	global
libc.so.6	xdrmem_create	GLIBC_2.2.5	hidden	func	global
libc.so.6	xdrrec_create	GLIBC_2.2.5	hidden	func	global
libc.so.6	xdrrec_endofrecord	GLIBC_2.2.5	hidden	func	global
libc.so.6	xdrrec_eof	GLIBC_2.2.5	hidden	func	global
libc.so.6	xdrrec_skiprecord	GLIBC_2.2.5	hidden	func	global
libc.so.6	xdrstdio_create	GLIBC_2.2.5	hidden	func	global
libc.so.6	xencrypt	GLIBC_2.2.5	hidden	func	global
libc.so.6	xprt_register	GLIBC_2.2.5	hidden	func	global
libc.so.6	xprt_unregister	GLIBC_2.2.5	hidden	func	global
libm.so.6	GLIBC_2.15	GLIBC_2.15	default	object	global
libm.so.6	GLIBC_2.18	GLIBC_2.18	default	object	global
libm.so.6	GLIBC_2.2.5	GLIBC_2.2.5	default	object	global
libm.so.6	GLIBC_2.23	GLIBC_2.23	default	object	global
libm.so.6	GLIBC_2.24	GLIBC_2.24	default	object	global
libm.so.6	GLIBC_2.25	GLIBC_2.25	default	object	global
libm.so.6	GLIBC_2.26	GLIBC_2.26	default	object	global
libm.so.6	GLIBC_2.27	GLIBC_2.27	default	object	global
libm.so.6	GLIBC_2.28	GLIBC_2.28	default	object	global
libm.so.6	GLIBC_2.4	GLIBC_2.4	default	object	global
libm.so.6	_LIB_VERSION	GLIBC_2.2.5	hidden	object	global
libm.so.6	__acos_finite	GLIBC_2.15	default	ifunc	global
libm.so.6	__acosf128_finite	GLIBC_2.26	default	func	global
libm.so.6	__acosf_finite	GLIBC_2.15	default	func	global
libm.so.6	__acosh_finite	GLIBC_2.15	default	func	global
libm.so.6	__acoshf128_finite	GLIBC_2.26	default	func	global
libm.so.6	__acoshf_finite	GLIBC_2.15	default	func	global
libm.so.6	__acoshl_finite	GLIBC_2.15	default	func	global
libm.so.6	__acosl_finite	GLIBC_2.15	default	func	global
libm.so.6	__asin_finite	GLIBC_2.15	default	ifunc	global
libm.so.6	__asinf128_finite	GLIBC_2.26	default	func	global
libm.so.6	__asinf_finite	GLIBC_2.15	default	func	global
libm.so.6	__asinl_finite	GLIBC_2.15	default	func	global
libm.so.6	__atan2_finite	GLIBC_2.15	default	ifunc	global
libm.so.6	__atan2f128_finite	GLIBC_2.26	default	func	global
libm.so.6	__atan2f_finite	GLIBC_2.15	default	func	global
libm.so.6	__atan2l_finite	GLIBC_2.15	default	func	global
libm.so.6	__atanh_finite	GLIBC_2.15	default	func	global
libm.so.6	__atanhf128_finite	GLIBC_2.26	default	func	global
libm.so.6	__atanhf_finite	GLIBC_2.15	default	func	global
libm.so.6	__atanhl_finite	GLIBC_2.15	default	func	global
libm.so.6	__clog10	GLIBC_2.2.5	default	func	global
libm.so.6	__clog10f	GLIBC_2.2.5	default	func	global
libm.so.6	__clog10l	GLIBC_2.2.5	default	func	global
libm.so.6	__cosh_finite	GLIBC_2.15	default	func	global
libm.so.6	__coshf128_finite	GLIBC_2.26	default	func	global
libm.so.6	__coshf_finite	GLIBC_2.15	default	func	global
libm.so.6	__coshl_finite	GLIBC_2.15	default	func	global
libm.so.6	__exp10_finite	GLIBC_2.15	default	func	global
libm.so.6	__exp10f128_finite	GLIBC_2.26	default	func	global
libm.so.6	__exp10f_finite	GLIBC_2.15	default	func	global
libm.so.6	__exp10l_finite	GLIBC_2.15	default	func	global
libm.so.6	__exp2_finite	GLIBC_2.15	default	func	global
libm.so.6	__exp2f128_finite	GLIBC_2.26	default	func	global
libm.so.6	__exp2f_finite	GLIBC_2.15	default	ifunc	global
libm.so.6	__exp2l_finite	GLIBC_2.15	default	func	global
libm.so.6	__exp_finite	GLIBC_2.15	default	ifunc	global
libm.so.6	__expf128_finite	GLIBC_2.26	default	func	global
libm.so.6	__expf_finite	GLIBC_2.15	default	ifunc	global
libm.so.6	__expl_finite	GLIBC_2.15	default	func	global
libm.so.6	__finite	GLIBC_2.2.5	default	func	global
libm.so.6	__finitef	GLIBC_2.2.5	default	func	global
libm.so.6	__finitef128	GLIBC_2.26	default	func	global
libm.so.6	__finitel	GLIBC_2.2.5	default	func	global
libm.so.6	__fmod_finite	GLIBC_2.15	default	func	global
libm.so.6	__fmodf128_finite	GLIBC_2.26	default	func	global
libm.so.6	__fmodf_finite	GLIBC_2.15	default	func	global
libm.so.6	__fmodl_finite	GLIBC_2.15	default	func	global
libm.so.6	__fpclassify	GLIBC_2.2.5	default	func	global
libm.so.6	__fpclassifyf	GLIBC_2.2.5	default	func	global
libm.so.6	__fpclassifyf128	GLIBC_2.26	default	func	global
libm.so.6	__fpclassifyl	GLIBC_2.2.5	default	func	global
libm.so.6	__gamma_r_finite	GLIBC_2.15	default	func	global
libm.so.6	__gammaf128_r_finite	GLIBC_2.26	default	func	global
libm.so.6	__gammaf_r_finite	GLIBC_2.15	default	func	global
libm.so.6	__gammal_r_finite	GLIBC_2.15	default	func	global
libm.so.6	__hypot_finite	GLIBC_2.15	default	func	global
libm.so.6	__hypotf128_finite	GLIBC_2.26	default	func	global
libm.so.6	__hypotf_finite	GLIBC_2.15	default	func	global
libm.so.6	__hypotl_finite	GLIBC_2.15	default	func	global
libm.so.6	__iscanonicall	GLIBC_2.25	default	func	global
libm.so.6	__iseqsig	GLIBC_2.25	default	func	global
libm.so.6	__iseqsigf	GLIBC_2.25	default	func	global
libm.so.6	__iseqsigf128	GLIBC_2.26	default	func	global
libm.so.6	__iseqsigl	GLIBC_2.25	default	func	global
libm.so.6	__isinff128	GLIBC_2.26	default	func	global
libm.so.6	__isnanf128	GLIBC_2.26	default	func	global
libm.so.6	__issignaling	GLIBC_2.18	default	func	global
libm.so.6	__issignalingf	GLIBC_2.18	default	func	global
libm.so.6	__issignalingf128	GLIBC_2.26	default	func	global
libm.so.6	__issignalingl	GLIBC_2.18	default	func	global
libm.so.6	__j0_finite	GLIBC_2.15	default	func	global
libm.so.6	__j0f128_finite	GLIBC_2.26	default	func	global
libm.so.6	__j0f_finite	GLIBC_2.15	default	func	global
libm.so.6	__j0l_finite	GLIBC_2.15	default	func	global
libm.so.6	__j1_finite	GLIBC_2.15	default	func	global
libm.so.6	__j1f128_finite	GLIBC_2.26	default	func	global
libm.so.6	__j1f_finite	GLIBC_2.15	default	func	global
libm.so.6	__j1l_finite	GLIBC_2.15	default	func	global
libm.so.6	__jn_finite	GLIBC_2.15	default	func	global
libm.so.6	__jnf128_finite	GLIBC_2.26	default	func	global
libm.so.6	__jnf_finite	GLIBC_2.15	default	func	global
libm.so.6	__jnl_finite	GLIBC_2.15	default	func	global
libm.so.6	__lgamma_r_finite	GLIBC_2.15	default	func	global
libm.so.6	__lgammaf128_r_finite	GLIBC_2.26	default	func	global
libm.so.6	__lgammaf_r_finite	GLIBC_2.15	default	func	global
libm.so.6	__lgammal_r_finite	GLIBC_2.15	default	func	global
libm.so.6	__log10_finite	GLIBC_2.15	default	func	global
libm.so.6	__log10f128_finite	GLIBC_2.26	default	func	global
libm.so.6	__log10f_finite	GLIBC_2.15	default	func	global
libm.so.6	__log10l_finite	GLIBC_2.15	default	func	global
libm.so.6	__log2_finite	GLIBC_2.15	default	func	global
libm.so.6	__log2f128_finite	GLIBC_2.26	default	func	global
libm.so.6	__log2f_finite	GLIBC_2.15	default	ifunc	global
libm.so.6	__log2l_finite	GLIBC_2.15	default	func	global
libm.so.6	__log_finite	GLIBC_2.15	default	ifunc	global
libm.so.6	__logf128_finite	GLIBC_2.26	default	func	global
libm.so.6	__logf_finite	GLIBC_2.15	default	ifunc	global
libm.so.6	__logl_finite	GLIBC_2.15	default	func	global
libm.so.6	__pow_finite	GLIBC_2.15	default	ifunc	global
libm.so.6	__powf128_finite	GLIBC_2.26	default	func	global
libm.so.6	__powf_finite	GLIBC_2.15	default	ifunc	global
libm.so.6	__powl_finite	GLIBC_2.15	default	func	global
libm.so.6	__remainder_finite	GLIBC_2.15	default	func	global
libm.so.6	__remainderf128_finite	GLIBC_2.26	default	func	global
libm.so.6	__remainderf_finite	GLIBC_2.15	default	func	global
libm.so.6	__remainderl_finite	GLIBC_2.15	default	func	global
libm.so.6	__scalb_finite	GLIBC_2.15	default	func	global
libm.so.6	__scalbf_finite	GLIBC_2.15	default	func	global
libm.so.6	__scalbl_finite	GLIBC_2.15	default	func	global
libm.so.6	__signbit	GLIBC_2.2.5	default	func	global
libm.so.6	__signbitf	GLIBC_2.2.5	default	func	global
libm.so.6	__signbitf128	GLIBC_2.26	default	func	global
libm.so.6	__signbitl	GLIBC_2.2.5	default	func	global
libm.so.6	__signgam	GLIBC_2.23	default	object	global
libm.so.6	__sinh_finite	GLIBC_2.15	default	func	global
libm.so.6	__sinhf128_finite	GLIBC_2.26	default	func	global
libm.so.6	__sinhf_finite	GLIBC_2.15	default	func	global
libm.so.6	__sinhl_finite	GLIBC_2.15	default	func	global
libm.so.6	__sqrt_finite	GLIBC_2.15	default	func	global
libm.so.6	__sqrtf128_finite	GLIBC_2.26	default	func	global
libm.so.6	__sqrtf_finite	GLIBC_2.15	default	func	global
libm.so.6	__sqrtl_finite	GLIBC_2.15	default	func	global
libm.so.6	__y0_finite	GLIBC_2.15	default	func	global
libm.so.6	__y0f128_finite	GLIBC_2.26	default	func	global
libm.so.6	__y0f_finite	GLIBC_2.15	default	func	global
libm.so.6	__y0l_finite	GLIBC_2.15	default	func	global
libm.so.6	__y1_finite	GLIBC_2.15	default	func	global
libm.so.6	__y1f128_finite	GLIBC_2.26	default	func	global
libm.so.6	__y1f_finite	GLIBC_2.15	default	func	global
libm.so.6	__y1l_finite	GLIBC_2.15	default	func	global
libm.so.6	__yn_finite	GLIBC_2.15	default	func	global
libm.so.6	__ynf128_finite	GLIBC_2.26	default	func	global
libm.so.6	__ynf_finite	GLIBC_2.15	default	func	global
libm.so.6	__ynl_finite	GLIBC_2.15	default	func	global
libm.so.6	acos	GLIBC_2.2.5	default	func	weak
libm.so.6	acosf	GLIBC_2.2.5	default	func	weak
libm.so.6	acosf128	GLIBC_2.26	default	func	weak
libm.so.6	acosf32	GLIBC_2.27	default	func	weak
libm.so.6	acosf32x	GLIBC_2.27	default	func	weak
libm.so.6	acosf64	GLIBC_2.27	default	func	weak
libm.so.6	acosf64x	GLIBC_2.27	default	func	weak
libm.so.6	acosh	GLIBC_2.2.5	default	func	weak
libm.so.6	acoshf	GLIBC_2.2.5	default	func	weak
libm.so.6	acoshf128	GLIBC_2.26	default	func	weak
libm.so.6	acoshf32	GLIBC_2.27	default	func	weak
libm.so.6	acoshf32x	GLIBC_2.27	default	func	weak
libm.so.6	acoshf64	GLIBC_2.27	default	func	weak
libm.so.6	acoshf64x	GLIBC_2.27	default	func	weak
libm.so.6	acoshl	GLIBC_2.2.5	default	func	weak
libm.so.6	acosl	GLIBC_2.2.5	default	func	weak
libm.so.6	asin	GLIBC_2.2.5	default	func	weak
libm.so.6	asinf	GLIBC_2.2.5	default	func	weak
libm.so.6	asinf128	GLIBC_2.26	default	func	weak
libm.so.6	asinf32	GLIBC_2.27	default	func	weak
libm.so.6	asinf32x	GLIBC_2.27	default	func	weak
libm.so.6	asinf64	GLIBC_2.27	default	func	weak
libm.so.6	asinf64x	GLIBC_2.27	default	func	weak
libm.so.6	asinh	GLIBC_2.2.5	default	func	weak
libm.so.6	asinhf	GLIBC_2.2.5	default	func	weak
libm.so.6	asinhf128	GLIBC_2.26	default	func	weak
libm.so.6	asinhf32	GLIBC_2.27	default	func	weak
libm.so.6	asinhf32x	GLIBC_2.27	default	func	weak
libm.so.6	asinhf64	GLIBC_2.27	default	func	weak
libm.so.6	asinhf64x	GLIBC_2.27	default	func	weak
libm.so.6	asinhl	GLIBC_2.2.5	default	func	weak
libm.so.6	asinl	GLIBC_2.2.5	default	func	weak
libm.so.6	atan	GLIBC_2.2.5	default	ifunc	weak
libm.so.6	atan2	GLIBC_2.2.5	default	func	weak
libm.so.6	atan2f	GLIBC_2.2.5	default	func	weak
libm.so.6	atan2f128	GLIBC_2.26	default	func	weak
libm.so.6	atan2f32	GLIBC_2.27	default	func	weak
libm.so.6	atan2f32x	GLIBC_2.27	default	func	weak
libm.so.6	atan2f64	GLIBC_2.27	default	func	weak
libm.so.6	atan2f64x	GLIBC_2.27	default	func	weak
libm.so.6	atan2l	GLIBC_2.2.5	default	func	weak
libm.so.6	atanf	GLIBC_2.2.5	default	func	weak
libm.so.6	atanf128	GLIBC_2.26	default	func	weak
libm.so.6	atanf32	GLIBC_2.27	default	func	weak
libm.so.6	atanf32x	GLIBC_2.27	default	ifunc	weak
libm.so.6	atanf64	GLIBC_2.27	default	ifunc	weak
libm.so.6	atanf64x	GLIBC_2.27	default	func	weak
libm.so.6	atanh	GLIBC_2.2.5	default	func	weak
libm.so.6	atanhf	GLIBC_2.2.5	default	func	weak
libm.so.6	atanhf128	GLIBC_2.26	default	func	weak
libm.so.6	atanhf32	GLIBC_2.27	default	func	weak
libm.so.6	atanhf32x	GLIBC_2.27	default	func	weak
libm.so.6	atanhf64	GLIBC_2.27	default	func	weak
libm.so.6	atanhf64x	GLIBC_2.27	default	func	weak
libm.so.6	atanhl	GLIBC_2.2.5	default	func	weak
libm.so.6	atanl	GLIBC_2.2.5	default	func	weak
libm.so.6	cabs	GLIBC_2.2.5	default	func	weak
libm.so.6	cabsf	GLIBC_2.2.5	default	func	weak
libm.so.6	cabsf128	GLIBC_2.26	default	func	weak
libm.so.6	cabsf32	GLIBC_2.27	default	func	weak
libm.so.6	cabsf32x	GLIBC_2.27	default	func	weak
libm.so.6	cabsf64	GLIBC_2.27	default	func	weak
libm.so.6	cabsf64x	GLIBC_2.27	default	func	weak
libm.so.6	cabsl	GLIBC_2.2.5	default	func	weak
libm.so.6	cacos	GLIBC_2.2.5	default	func	weak
libm.so.6	cacosf	GLIBC_2.2.5	default	func	weak
libm.so.6	cacosf128	GLIBC_2.26	default	func	weak
libm.so.6	cacosf32	GLIBC_2.27	default	func	weak
libm.so.6	cacosf32x	GLIBC_2.27	default	func	weak
libm.so.6	cacosf64	GLIBC_2.27	default	func	weak
libm.so.6	cacosf64x	GLIBC_2.27	default	func	weak
libm.so.6	cacosh	GLIBC_2.2.5	default	func	weak
libm.so.6	cacoshf	GLIBC_2.2.5	default	func	weak
libm.so.6	cacoshf128	GLIBC_2.26	default	func	weak
libm.so.6	cacoshf32	GLIBC_2.27	default	func	weak
libm.so.6	cacoshf32x	GLIBC_2.27	default	func	weak
libm.so.6	cacoshf64	GLIBC_2.27	default	func	weak
libm.so.6	cacoshf64x	GLIBC_2.27	default	func	weak
libm.so.6	cacoshl	GLIBC_2.2.5	default	func	weak
libm.so.6	cacosl	GLIBC_2.2.5	default	func	weak
libm.so.6	canonicalize	GLIBC_2.25	default	func	weak
libm.so.6	canonicalizef	GLIBC_2.25	default	func	weak
libm.so.6	canonicalizef128	GLIBC_2.26	default	func	weak
libm.so.6	canonicalizef32	GLIBC_2.27	default	func	weak
libm.so.6	canonicalizef32x	GLIBC_2.27	default	func	weak
libm.so.6	canonicalizef64	GLIBC_2.27	default	func	weak
libm.so.6	canonicalizef64x	GLIBC_2.27	default	func	weak
libm.so.6	canonicalizel	GLIBC_2.25	default	func	weak
libm.so.6	carg	GLIBC_2.2.5	default	func	weak
libm.so.6	cargf	GLIBC_2.2.5	default	func	weak
libm.so.6	cargf128	GLIBC_2.26	default	func	weak
libm.so.6	cargf32	GLIBC_2.27	default	func	weak
libm.so.6	cargf32x	GLIBC_2.27	default	func	weak
libm.so.6	cargf64	GLIBC_2.27	default	func	weak
libm.so.6	cargf64x	GLIBC_2.27	default	func	weak
libm.so.6	cargl	GLIBC_2.2.5	default	func	weak
libm.so.6	casin	GLIBC_2.2.5	default	func	weak
libm.so.6	casinf	GLIBC_2.2.5	default	func	weak
libm.so.6	casinf128	GLIBC_2.26	default	func	weak
libm.so.6	casinf32	GLIBC_2.27	default	func	weak
libm.so.6	casinf32x	GLIBC_2.27	default	func	weak
libm.so.6	casinf64	GLIBC_2.27	default	func	weak
libm.so.6	casinf64x	GLIBC_2.27	default	func	weak
libm.so.6	casinh	GLIBC_2.2.5	default	func	weak
libm.so.6	casinhf	GLIBC_2.2.5	default	func	weak
libm.so.6	casinhf128	GLIBC_2.26	default	func	weak
libm.so.6	casinhf32	GLIBC_2.27	default	func	weak
libm.so.6	casinhf32x	GLIBC_2.27	default	func	weak
libm.so.6	casinhf64	GLIBC_2.27	default	func	weak
libm.so.6	casinhf64x	GLIBC_2.27	default	func	weak
libm.so.6	casinhl	GLIBC_2.2.5	default	func	weak
libm.so.6	casinl	GLIBC_2.2.5	default	func	weak
libm.so.6	catan	GLIBC_2.2.5	default	func	weak
libm.so.6	catanf	GLIBC_2.2.5	default	func	weak
libm.so.6	catanf128	GLIBC_2.26	default	func	weak
libm.so.6	catanf32	GLIBC_2.27	default	func	weak
libm.so.6	catanf32x	GLIBC_2.27	default	func	weak
libm.so.6	catanf64	GLIBC_2.27	default	func	weak
libm.so.6	catanf64x	GLIBC_2.27	default	func	weak
libm.so.6	catanh	GLIBC_2.2.5	default	func	weak
libm.so.6	catanhf	GLIBC_2.2.5	default	func	weak
libm.so.6	catanhf128	GLIBC_2.26	default	func	weak
libm.so.6	catanhf32	GLIBC_2.27	default	func	weak
libm.so.6	catanhf32x	GLIBC_2.27	default	func	weak
libm.so.6	catanhf64	GLIBC_2.27	default	func	weak
libm.so.6	catanhf64x	GLIBC_2.27	default	func	weak
libm.so.6	catanhl	GLIBC_2.2.5	default	func	weak
libm.so.6	catanl	GLIBC_2.2.5	default	func	weak
libm.so.6	cbrt	GLIBC_2.2.5	default	func	weak
libm.so.6	cbrtf	GLIBC_2.2.5	default	func	weak
libm.so.6	cbrtf128	GLIBC_2.26	default	func	weak
libm.so.6	cbrtf32	GLIBC_2.27	default	func	weak
libm.so.6	cbrtf32x	GLIBC_2.27	default	func	weak
libm.so.6	cbrtf64	GLIBC_2.27	default	func	weak
libm.so.6	cbrtf64x	GLIBC_2.27	default	func	weak
libm.so.6	cbrtl	GLIBC_2.2.5	default	func	weak
libm.so.6	ccos	GLIBC_2.2.5	default	func	weak
libm.so.6	ccosf	GLIBC_2.2.5	default	func	weak
libm.so.6	ccosf128	GLIBC_2.26	default	func	weak
libm.so.6	ccosf32	GLIBC_2.27	default	func	weak
libm.so.6	ccosf32x	GLIBC_2.27	default	func	weak
libm.so.6	ccosf64	GLIBC_2.27	default	func	weak
libm.so.6	ccosf64x	GLIBC_2.27	default	func	weak
libm.so.6	ccosh	GLIBC_2.2.5	default	func	weak
libm.so.6	ccoshf	GLIBC_2.2.5	default	func	weak
libm.so.6	ccoshf128	GLIBC_2.26	default	func	weak
libm.so.6	ccoshf32	GLIBC_2.27	default	func	weak
libm.so.6	ccoshf32x	GLIBC_2.27	default	func	weak
libm.so.6	ccoshf64	GLIBC_2.27	default	func	weak
libm.so.6	ccoshf64x	GLIBC_2.27	default	func	weak
libm.so.6	ccoshl	GLIBC_2.2.5	default	func	weak
libm.so.6	ccosl	GLIBC_2.2.5	default	func	weak
libm.so.6	ceil	GLIBC_2.2.5	default	ifunc	weak
libm.so.6	ceilf	GLIBC_2.2.5	default	ifunc	weak
libm.so.6	ceilf128	GLIBC_2.26	default	func	weak
libm.so.6	ceilf32	GLIBC_2.27	default	ifunc	weak
libm.so.6	ceilf32x	GLIBC_2.27	default	ifunc	weak
libm.so.6	ceilf64	GLIBC_2.27	default	ifunc	weak
libm.so.6	ceilf64x	GLIBC_2.27	default	func	weak
libm.so.6	ceill	GLIBC_2.2.5	default	func	weak
libm.so.6	cexp	GLIBC_2.2.5	default	func	weak
libm.so.6	cexpf	GLIBC_2.2.5	default	func	weak
libm.so.6	cexpf128	GLIBC_2.26	default	func	weak
libm.so.6	cexpf32	GLIBC_2.27	default	func	weak
libm.so.6	cexpf32x	GLIBC_2.27	default	func	weak
libm.so.6	cexpf64	GLIBC_2.27	default	func	weak
libm.so.6	cexpf64x	GLIBC_2.27	default	func	weak
libm.so.6	cexpl	GLIBC_2.2.5	default	func	weak
libm.so.6	cimag	GLIBC_2.2.5	default	func	weak
libm.so.6	cimagf	GLIBC_2.2.5	default	func	weak
libm.so.6	cimagf128	GLIBC_2.26	default	func	weak
libm.so.6	cimagf32	GLIBC_2.27	default	func	weak
libm.so.6	cimagf32x	GLIBC_2.27	default	func	weak
libm.so.6	cimagf64	GLIBC_2.27	default	func	weak
libm.so.6	cimagf64x	GLIBC_2.27	default	func	weak
libm.so.6	cimagl	GLIBC_2.2.5	default	func	weak
libm.so.6	clog	GLIBC_2.2.5	default	func	weak
libm.so.6	clog10	GLIBC_2.2.5	default	func	weak
libm.so.6	clog10f	GLIBC_2.2.5	default	func	weak
libm.so.6	clog10f128	GLIBC_2.26	default	func	weak
libm.so.6	clog10f32	GLIBC_2.27	default	func	weak
libm.so.6	clog10f32x	GLIBC_2.27	default	func	weak
libm.so.6	clog10f64	GLIBC_2.27	default	func	weak
libm.so.6	clog10f64x	GLIBC_2.27	default	func	weak
libm.so.6	clog10l	GLIBC_2.2.5	default	func	weak
libm.so.6	clogf	GLIBC_2.2.5	default	func	weak
libm.so.6	clogf128	GLIBC_2.26	default	func	weak
libm.so.6	clogf32	GLIBC_2.27	default	func	weak
libm.so.6	clogf32x	GLIBC_2.27	default	func	weak
libm.so.6	clogf64	GLIBC_2.27	default	func	weak
libm.so.6	clogf64x	GLIBC_2.27	default	func	weak
libm.so.6	clogl	GLIBC_2.2.5	default	func	weak
libm.so.6	conj	GLIBC_2.2.5	default	func	weak
libm.so.6	conjf	GLIBC_2.2.5	default	func	weak
libm.so.6	conjf128	GLIBC_2.26	default	func	weak
libm.so.6	conjf32	GLIBC_2.27	default	func	weak
libm.so.6	conjf32x	GLIBC_2.27	default	func	weak
libm.so.6	conjf64	GLIBC_2.27	default	func	weak
libm.so.6	conjf64x	GLIBC_2.27	default	func	weak
libm.so.6	conjl	GLIBC_2.2.5	default	func	weak
libm.so.6	copysign	GLIBC_2.2.5	default	func	weak
libm.so.6	copysignf	GLIBC_2.2.5	default	func	weak
libm.so.6	copysignf128	GLIBC_2.26	default	func	weak
libm.so.6	copysignf32	GLIBC_2.27	default	func	weak
libm.so.6	copysignf32x	GLIBC_2.27	default	func	weak
libm.so.6	copysignf64	GLIBC_2.27	default	func	weak
libm.so.6	copysignf64x	GLIBC_2.27	default	func	weak
libm.so.6	copysignl	GLIBC_2.2.5	default	func	weak
libm.so.6	cos	GLIBC_2.2.5	default	ifunc	weak
libm.so.6	cosf	GLIBC_2.2.5	default	ifunc	weak
libm.so.6	cosf128	GLIBC_2.26	default	func	weak
libm.so.6	cosf32	GLIBC_2.27	default	ifunc	weak
libm.so.6	cosf32x	GLIBC_2.27	default	ifunc	weak
libm.so.6	cosf64	GLIBC_2.27	default	ifunc	weak
libm.so.6	cosf64x	GLIBC_2.27	default	func	weak
libm.so.6	cosh	GLIBC_2.2.5	default	func	weak
libm.so.6	coshf	GLIBC_2.2.5	default	func	weak
libm.so.6	coshf128	GLIBC_2.26	default	func	weak
libm.so.6	coshf32	GLIBC_2.27	default	func	weak
libm.so.6	coshf32x	GLIBC_2.27	default	func	weak
libm.so.6	coshf64	GLIBC_2.27	default	func	weak
libm.so.6	coshf64x	GLIBC_2.27	default	func	weak
libm.so.6	coshl	GLIBC_2.2.5	default	func	weak
libm.so.6	cosl	GLIBC_2.2.5	default	func	weak
libm.so.6	cpow	GLIBC_2.2.5	default	func	weak
libm.so.6	cpowf	GLIBC_2.2.5	default	func	weak
libm.so.6	cpowf128	GLIBC_2.26	default	func	weak
libm.so.6	cpowf32	GLIBC_2.27	default	func	weak
libm.so.6	cpowf32x	GLIBC_2.27	default	func	weak
libm.so.6	cpowf64	GLIBC_2.27	default	func	weak
libm.so.6	cpowf64x	GLIBC_2.27	default	func	weak
libm.so.6	cpowl	GLIBC_2.2.5	default	func	weak
libm.so.6	cproj	GLIBC_2.2.5	default	func	weak
libm.so.6	cprojf	GLIBC_2.2.5	default	func	weak
libm.so.6	cprojf128	GLIBC_2.26	default	func	weak
libm.so.6	cprojf32	GLIBC_2.27	default	func	weak
libm.so.6	cprojf32x	GLIBC_2.27	default	func	weak
libm.so.6	cprojf64	GLIBC_2.27	default	func	weak
libm.so.6	cprojf64x	GLIBC_2.27	default	func	weak
libm.so.6	cprojl	GLIBC_2.2.5	default	func	weak
libm.so.6	creal	GLIBC_2.2.5	default	func	weak
libm.so.6	crealf	GLIBC_2.2.5	default	func	weak
libm.so.6	crealf128	GLIBC_2.26	default	func	weak
libm.so.6	crealf32	GLIBC_2.27	default	func	weak
libm.so.6	crealf32x	GLIBC_2.27	default	func	weak
libm.so.6	crealf64	GLIBC_2.27	default	func	weak
libm.so.6	crealf64x	GLIBC_2.27	default	func	weak
libm.so.6	creall	GLIBC_2.2.5	default	func	weak
libm.so.6	csin	GLIBC_2.2.5	default	func	weak
libm.so.6	csinf	GLIBC_2.2.5	default	func	weak
libm.so.6	csinf128	GLIBC_2.26	default	func	weak
libm.so.6	csinf32	GLIBC_2.27	default	func	weak
libm.so.6	csinf32x	GLIBC_2.27	default	func	weak
libm.so.6	csinf64	GLIBC_2.27	default	func	weak
libm.so.6	csinf64x	GLIBC_2.27	default	func	weak
libm.so.6	csinh	GLIBC_2.2.5	default	func	weak
libm.so.6	csinhf	GLIBC_2.2.5	default	func	weak
libm.so.6	csinhf128	GLIBC_2.26	default	func	weak
libm.so.6	csinhf32	GLIBC_2.27	default	func	weak
libm.so.6	csinhf32x	GLIBC_2.27	default	func	weak
libm.so.6	csinhf64	GLIBC_2.27	default	func	weak
libm.so.6	csinhf64x	GLIBC_2.27	default	func	weak
libm.so.6	csinhl	GLIBC_2.2.5	default	func	weak
libm.so.6	csinl	GLIBC_2.2.5	default	func	weak
libm.so.6	csqrt	GLIBC_2.2.5	default	func	weak
libm.so.6	csqrtf	GLIBC_2.2.5	default	func	weak
libm.so.6	csqrtf128	GLIBC_2.26	default	func	weak
libm.so.6	csqrtf32	GLIBC_2.27	default	func	weak
libm.so.6	csqrtf32x	GLIBC_2.27	default	func	weak
libm.so.6	csqrtf64	GLIBC_2.27	default	func	weak
libm.so.6	csqrtf64x	GLIBC_2.27	default	func	weak
libm.so.6	csqrtl	GLIBC_2.2.5	default	func	weak
libm.so.6	ctan	GLIBC_2.2.5	default	func	weak
libm.so.6	ctanf	GLIBC_2.2.5	default	func	weak
libm.so.6	ctanf128	GLIBC_2.26	default	func	weak
libm.so.6	ctanf32	GLIBC_2.27	default	func	weak
libm.so.6	ctanf32x	GLIBC_2.27	default	func	weak
libm.so.6	ctanf64	GLIBC_2.27	default	func	weak
libm.so.6	ctanf64x	GLIBC_2.27	default	func	weak
libm.so.6	ctanh	GLIBC_2.2.5	default	func	weak
libm.so.6	ctanhf	GLIBC_2.2.5	default	func	weak
libm.so.6	ctanhf128	GLIBC_2.26	default	func	weak
libm.so.6	ctanhf32	GLIBC_2.27	default	func	weak
libm.so.6	ctanhf32x	GLIBC_2.27	default	func	weak
libm.so.6	ctanhf64	GLIBC_2.27	default	func	weak
libm.so.6	ctanhf64x	GLIBC_2.27	default	func	weak
libm.so.6	ctanhl	GLIBC_2.2.5	default	func	weak
libm.so.6	ctanl	GLIBC_2.2.5	default	func	weak
libm.so.6	daddl	GLIBC_2.28	default	func	weak
libm.so.6	ddivl	GLIBC_2.28	default	func	weak
libm.so.6	dmull	GLIBC_2.28	default	func	weak
libm.so.6	drem	GLIBC_2.2.5	default	func	weak
libm.so.6	dremf	GLIBC_2.2.5	default	func	weak
libm.so.6	dreml	GLIBC_2.2.5	default	func	weak
libm.so.6	dsubl	GLIBC_2.28	default	func	weak
libm.so.6	erf	GLIBC_2.2.5	default	func	weak
libm.so.6	erfc	GLIBC_2.2.5	default	func	weak
libm.so.6	erfcf	GLIBC_2.2.5	default	func	weak
libm.so.6	erfcf128	GLIBC_2.26	default	func	weak
libm.so.6	erfcf32	GLIBC_2.27	default	func	weak
libm.so.6	erfcf32x	GLIBC_2.27	default	func	weak
libm.so.6	erfcf64	GLIBC_2.27	default	func	weak
libm.so.6	erfcf64x	GLIBC_2.27	default	func	weak
libm.so.6	erfcl	GLIBC_2.2.5	default	func	weak
libm.so.6	erff	GLIBC_2.2.5	default	func	weak
libm.so.6	erff128	GLIBC_2.26	default	func	weak
libm.so.6	erff32	GLIBC_2.27	default	func	weak
libm.so.6	erff32x	GLIBC_2.27	default	func	weak
libm.so.6	erff64	GLIBC_2.27	default	func	weak
libm.so.6	erff64x	GLIBC_2.27	default	func	weak
libm.so.6	erfl	GLIBC_2.2.5	default	func	weak
libm.so.6	exp	GLIBC_2.2.5	default	func	weak
libm.so.6	exp10	GLIBC_2.2.5	default	func	weak
libm.so.6	exp10f	GLIBC_2.2.5	default	func	weak
libm.so.6	exp10f128	GLIBC_2.26	default	func	weak
libm.so.6	exp10f32	GLIBC_2.27	default	func	weak
libm.so.6	exp10f32x	GLIBC_2.27	default	func	weak
libm.so.6	exp10f64	GLIBC_2.27	default	func	weak
libm.so.6	exp10f64x	GLIBC_2.27	default	func	weak
libm.so.6	exp10l	GLIBC_2.2.5	default	func	weak
libm.so.6	exp2	GLIBC_2.2.5	default	func	weak
libm.so.6	exp2f	GLIBC_2.2.5	hidden	func	global
libm.so.6	exp2f	GLIBC_2.27	default	ifunc	global
libm.so.6	exp2f128	GLIBC_2.26	default	func	weak
libm.so.6	exp2f32	GLIBC_2.27	default	ifunc	weak
libm.so.6	exp2f32x	GLIBC_2.27	default	func	weak
libm.so.6	exp2f64	GLIBC_2.27	default	func	weak
libm.so.6	exp2f64x	GLIBC_2.27	default	func	weak
libm.so.6	exp2l	GLIBC_2.2.5	default	func	weak
libm.so.6	expf	GLIBC_2.2.5	hidden	func	global
libm.so.6	expf	GLIBC_2.27	default	ifunc	global
libm.so.6	expf128	GLIBC_2.26	default	func	weak
libm.so.6	expf32	GLIBC_2.27	default	ifunc	weak
libm.so.6	expf32x	GLIBC_2.27	default	func	weak
libm.so.6	expf64	GLIBC_2.27	default	func	weak
libm.so.6	expf64x	GLIBC_2.27	default	func	weak
libm.so.6	expl	GLIBC_2.2.5	default	func	weak
libm.so.6	expm1	GLIBC_2.2.5	default	func	weak
libm.so.6	expm1f	GLIBC_2.2.5	default	func	weak
libm.so.6	expm1f128	GLIBC_2.26	default	func	weak
libm.so.6	expm1f32	GLIBC_2.27	default	func	weak
libm.so.6	expm1f32x	GLIBC_2.27	default	func	weak
libm.so.6	expm1f64	GLIBC_2.27	default	func	weak
libm.so.6	expm1f64x	GLIBC_2.27	default	func	weak
libm.so.6	expm1l	GLIBC_2.2.5	default	func	weak
libm.so.6	f32addf128	GLIBC_2.28	default	func	weak
libm.so.6	f32addf32x	GLIBC_2.28	default	func	weak
libm.so.6	f32addf64	GLIBC_2.28	default	func	weak
libm.so.6	f32addf64x	GLIBC_2.28	default	func	weak
libm.so.6	f32divf128	GLIBC_2.28	default	func	weak
libm.so.6	f32divf32x	GLIBC_2.28	default	func	weak
libm.so.6	f32divf64	GLIBC_2.28	default	func	weak
libm.so.6	f32divf64x	GLIBC_2.28	default	func	weak
libm.so.6	f32mulf128	GLIBC_2.28	default	func	weak
libm.so.6	f32mulf32x	GLIBC_2.28	default	func	weak
libm.so.6	f32mulf64	GLIBC_2.28	default	func	weak
libm.so.6	f32mulf64x	GLIBC_2.28	default	func	weak
libm.so.6	f32subf128	GLIBC_2.28	default	func	weak
libm.so.6	f32subf32x	GLIBC_2.28	default	func	weak
libm.so.6	f32subf64	GLIBC_2.28	default	func	weak
libm.so.6	f32subf64x	GLIBC_2.28	default	func	weak
libm.so.6	f32xaddf128	GLIBC_2.28	default	func	weak
libm.so.6	f32xaddf64	GLIBC_2.28	default	func	weak
libm.so.6	f32xaddf64x	GLIBC_2.28	default	func	weak
libm.so.6	f32xdivf128	GLIBC_2.28	default	func	weak
libm.so.6	f32xdivf64	GLIBC_2.28	default	func	weak
libm.so.6	f32xdivf64x	GLIBC_2.28	default	func	weak
libm.so.6	f32xmulf128	GLIBC_2.28	default	func	weak
libm.so.6	f32xmulf64	GLIBC_2.28	default	func	weak
libm.so.6	f32xmulf64x	GLIBC_2.28	default	func	weak
libm.so.6	f32xsubf128	GLIBC_2.28	default	func	weak
libm.so.6	f32xsubf64	GLIBC_2.28	default	func	weak
libm.so.6	f32xsubf64x	GLIBC_2.28	default	func	weak
libm.so.6	f64addf128	GLIBC_2.28	default	func	weak
libm.so.6	f64addf64x	GLIBC_2.28	default	func	weak
libm.so.6	f64divf128	GLIBC_2.28	default	func	weak
libm.so.6	f64divf64x	GLIBC_2.28	default	func	weak
libm.so.6	f64mulf128	GLIBC_2.28	default	func	weak
libm.so.6	f64mulf64x	GLIBC_2.28	default	func	weak
libm.so.6	f64subf128	GLIBC_2.28	default	func	weak
libm.so.6	f64subf64x	GLIBC_2.28	default	func	weak
libm.so.6	f64xaddf128	GLIBC_2.28	default	func	weak
libm.so.6	f64xdivf128	GLIBC_2.28	default	func	weak
libm.so.6	f64xmulf128	GLIBC_2.28	default	func	weak
libm.so.6	f64xsubf128	GLIBC_2.28	default	func	weak
libm.so.6	fabs	GLIBC_2.2.5	default	func	weak
libm.so.6	fabsf	GLIBC_2.2.5	default	func	weak
libm.so.6	fabsf128	GLIBC_2.26	default	func	weak
libm.so.6	fabsf32	GLIBC_2.27	default	func	weak
libm.so.6	fabsf32x	GLIBC_2.27	default	func	weak
libm.so.6	fabsf64	GLIBC_2.27	default	func	weak
libm.so.6	fabsf64x	GLIBC_2.27	default	func	weak
libm.so.6	fabsl	GLIBC_2.2.5	default	func	weak
libm.so.6	fadd	GLIBC_2.28	default	func	weak
libm.so.6	faddl	GLIBC_2.28	default	func	weak
libm.so.6	fdim	GLIBC_2.2.5	default	func	weak
libm.so.6	fdimf	GLIBC_2.2.5	default	func	weak
libm.so.6	fdimf128	GLIBC_2.26	default	func	weak
libm.so.6	fdimf32	GLIBC_2.27	default	func	weak
libm.so.6	fdimf32x	GLIBC_2.27	default	func	weak
libm.so.6	fdimf64	GLIBC_2.27	default	func	weak
libm.so.6	fdimf64x	GLIBC_2.27	default	func	weak
libm.so.6	fdiml	GLIBC_2.2.5	default	func	weak
libm.so.6	fdiv	GLIBC_2.28	default	func	weak
libm.so.6	fdivl	GLIBC_2.28	default	func	weak
libm.so.6	feclearexcept	GLIBC_2.2.5	default	func	global
libm.so.6	fedisableexcept	GLIBC_2.2.5	default	func	global
libm.so.6	feenableexcept	GLIBC_2.2.5	default	func	global
libm.so.6	fegetenv	GLIBC_2.2.5	default	func	weak
libm.so.6	fegetexcept	GLIBC_2.2.5	default	func	global
libm.so.6	fegetexceptflag	GLIBC_2.2.5	default	func	global
libm.so.6	fegetmode	GLIBC_2.25	default	func	global
libm.so.6	fegetround	GLIBC_2.2.5	default	func	weak
libm.so.6	feholdexcept	GLIBC_2.2.5	default	func	weak
libm.so.6	feraiseexcept	GLIBC_2.2.5	default	func	weak
libm.so.6	fesetenv	GLIBC_2.2.5	default	func	weak
libm.so.6	fesetexcept	GLIBC_2.25	default	func	global
libm.so.6	fesetexceptflag	GLIBC_2.2.5	default	func	global
libm.so.6	fesetmode	GLIBC_2.25	default	func	global
libm.so.6	fesetround	GLIBC_2.2.5	default	func	weak
libm.so.6	fetestexcept	GLIBC_2.2.5	default	func	global
libm.so.6	fetestexceptflag	GLIBC_2.25	default	func	global
libm.so.6	feupdateenv	GLIBC_2.2.5	default	func	global
libm.so.6	finite	GLIBC_2.2.5	default	func	weak
libm.so.6	finitef	GLIBC_2.2.5	default	func	weak
libm.so.6	finitel	GLIBC_2.2.5	default	func	weak
libm.so.6	floor	GLIBC_2.2.5	default	ifunc	weak
libm.so.6	floorf	GLIBC_2.2.5	default	ifunc	weak
libm.so.6	floorf128	GLIBC_2.26	default	func	weak
libm.so.6	floorf32	GLIBC_2.27	default	ifunc	weak
libm.so.6	floorf32x	GLIBC_2.27	default	ifunc	weak
libm.so.6	floorf64	GLIBC_2.27	default	ifunc	weak
libm.so.6	floorf64x	GLIBC_2.27	default	func	weak
libm.so.6	floorl	GLIBC_2.2.5	default	func	weak
libm.so.6	fma	GLIBC_2.2.5	default	ifunc	weak
libm.so.6	fmaf	GLIBC_2.2.5	default	ifunc	weak
libm.so.6	fmaf128	GLIBC_2.26	default	func	weak
libm.so.6	fmaf32	GLIBC_2.27	default	ifunc	weak
libm.so.6	fmaf32x	GLIBC_2.27	default	ifunc	weak
libm.so.6	fmaf64	GLIBC_2.27	default	ifunc	weak
libm.so.6	fmaf64x	GLIBC_2.27	default	func	weak
libm.so.6	fmal	GLIBC_2.2.5	default	func	weak
libm.so.6	fmax	GLIBC_2.2.5	default	func	weak
libm.so.6	fmaxf	GLIBC_2.2.5	default	func	weak
libm.so.6	fmaxf128	GLIBC_2.26	default	func	weak
libm.so.6	fmaxf32	GLIBC_2.27	default	func	weak
libm.so.6	fmaxf32x	GLIBC_2.27	default	func	weak
libm.so.6	fmaxf64	GLIBC_2.27	default	func	weak
libm.so.6	fmaxf64x	GLIBC_2.27	default	func	weak
libm.so.6	fmaxl	GLIBC_2.2.5	default	func	weak
libm.so.6	fmaxmag	GLIBC_2.25	default	func	weak
libm.so.6	fmaxmagf	GLIBC_2.25	default	func	weak
libm.so.6	fmaxmagf128	GLIBC_2.26	default	func	weak
libm.so.6	fmaxmagf32	GLIBC_2.27	default	func	weak
libm.so.6	fmaxmagf32x	GLIBC_2.27	default	func	weak
libm.so.6	fmaxmagf64	GLIBC_2.27	default	func	weak
libm.so.6	fmaxmagf64x	GLIBC_2.27	default	func	weak
libm.so.6	fmaxmagl	GLIBC_2.25	default	func	weak
libm.so.6	fmin	GLIBC_2.2.5	default	func	weak
libm.so.6	fminf	GLIBC_2.2.5	default	func	weak
libm.so.6	fminf128	GLIBC_2.26	default	func	weak
libm.so.6	fminf32	GLIBC_2.27	default	func	weak
libm.so.6	fminf32x	GLIBC_2.27	default	func	weak
libm.so.6	fminf64	GLIBC_2.27	default	func	weak
libm.so.6	fminf64x	GLIBC_2.27	default	func	weak
libm.so.6	fminl	GLIBC_2.2.5	default	func	weak
libm.so.6	fminmag	GLIBC_2.25	default	func	weak
libm.so.6	fminmagf	GLIBC_2.25	default	func	weak
libm.so.6	fminmagf128	GLIBC_2.26	default	func	weak
libm.so.6	fminmagf32	GLIBC_2.27	default	func	weak
libm.so.6	fminmagf32x	GLIBC_2.27	default	func	weak
libm.so.6	fminmagf64	GLIBC_2.27	default	func	weak
libm.so.6	fminmagf64x	GLIBC_2.27	default	func	weak
libm.so.6	fminmagl	GLIBC_2.25	default	func	weak
libm.so.6	fmod	GLIBC_2.2.5	default	func	weak
libm.so.6	fmodf	GLIBC_2.2.5	default	func	weak
libm.so.6	fmodf128	GLIBC_2.26	default	func	weak
libm.so.6	fmodf32	GLIBC_2.27	default	func	weak
libm.so.6	fmodf32x	GLIBC_2.27	default	func	weak
libm.so.6	fmodf64	GLIBC_2.27	default	func	weak
libm.so.6	fmodf64x	GLIBC_2.27	default	func	weak
libm.so.6	fmodl	GLIBC_2.2.5	default	func	weak
libm.so.6	fmul	GLIBC_2.28	default	func	weak
libm.so.6	fmull	GLIBC_2.28	default	func	weak
libm.so.6	frexp	GLIBC_2.2.5	default	func	weak
libm.so.6	frexpf	GLIBC_2.2.5	default	func	weak
libm.so.6	frexpf128	GLIBC_2.26	default	func	weak
libm.so.6	frexpf32	GLIBC_2.27	default	func	weak
libm.so.6	frexpf32x	GLIBC_2.27	default	func	weak
libm.so.6	frexpf64	GLIBC_2.27	default	func	weak
libm.so.6	frexpf64x	GLIBC_2.27	default	func	weak
libm.so.6	frexpl	GLIBC_2.2.5	default	func	weak
libm.so.6	fromfp	GLIBC_2.25	default	func	weak
libm.so.6	fromfpf	GLIBC_2.25	default	func	weak
libm.so.6	fromfpf128	GLIBC_2.26	default	func	weak
libm.so.6	fromfpf32	GLIBC_2.27	default	func	weak
libm.so.6	fromfpf32x	GLIBC_2.27	default	func	weak
libm.so.6	fromfpf64	GLIBC_2.27	default	func	weak
libm.so.6	fromfpf64x	GLIBC_2.27	default	func	weak
libm.so.6	fromfpl	GLIBC_2.25	default	func	weak
libm.so.6	fromfpx	GLIBC_2.25	default	func	weak
libm.so.6	fromfpxf	GLIBC_2.25	default	func	weak
libm.so.6	fromfpxf128	GLIBC_2.26	default	func	weak
libm.so.6	fromfpxf32	GLIBC_2.27	default	func	weak
libm.so.6	fromfpxf32x	GLIBC_2.27	default	func	weak
libm.so.6	fromfpxf64	GLIBC_2.27	default	func	weak
libm.so.6	fromfpxf64x	GLIBC_2.27	default	func	weak
libm.so.6	fromfpxl	GLIBC_2.25	default	func	weak
libm.so.6	fsub	GLIBC_2.28	default	func	weak
libm.so.6	fsubl	GLIBC_2.28	default	func	weak
libm.so.6	gamma	GLIBC_2.2.5	default	func	weak
libm.so.6	gammaf	GLIBC_2.2.5	default	func	weak
libm.so.6	gammal	GLIBC_2.2.5	default	func	weak
libm.so.6	getpayload	GLIBC_2.25	default	func	weak
libm.so.6	getpayloadf	GLIBC_2.25	default	func	weak
libm.so.6	getpayloadf128	GLIBC_2.26	default	func	weak
libm.so.6	getpayloadf32	GLIBC_2.27	default	func	weak
libm.so.6	getpayloadf32x	GLIBC_2.27	default	func	weak
libm.so.6	getpayloadf64	GLIBC_2.27	default	func	weak
libm.so.6	getpayloadf64x	GLIBC_2.27	default	func	weak
libm.so.6	getpayloadl	GLIBC_2.25	default	func	weak
libm.so.6	hypot	GLIBC_2.2.5	default	func	weak
libm.so.6	hypotf	GLIBC_2.2.5	default	func	weak
libm.so.6	hypotf128	GLIBC_2.26	default	func	weak
libm.so.6	hypotf32	GLIBC_2.27	default	func	weak
libm.so.6	hypotf32x	GLIBC_2.27	default	func	weak
libm.so.6	hypotf64	GLIBC_2.27	default	func	weak
libm.so.6	hypotf64x	GLIBC_2.27	default	func	weak
libm.so.6	hypotl	GLIBC_2.2.5	default	func	weak
libm.so.6	ilogb	GLIBC_2.2.5	default	func	weak
libm.so.6	ilogbf	GLIBC_2.2.5	default	func	weak
libm.so.6	ilogbf128	GLIBC_2.26	default	func	weak
libm.so.6	ilogbf32	GLIBC_2.27	default	func	weak
libm.so.6	ilogbf32x	GLIBC_2.27	default	func	weak
libm.so.6	ilogbf64	GLIBC_2.27	default	func	weak
libm.so.6	ilogbf64x	GLIBC_2.27	default	func	weak
libm.so.6	ilogbl	GLIBC_2.2.5	default	func	weak
libm.so.6	j0	GLIBC_2.2.5	default	func	weak
libm.so.6	j0f	GLIBC_2.2.5	default	func	weak
libm.so.6	j0f128	GLIBC_2.26	default	func	weak
libm.so.6	j0f32	GLIBC_2.27	default	func	weak
libm.so.6	j0f32x	GLIBC_2.27	default	func	weak
libm.so.6	j0f64	GLIBC_2.27	default	func	weak
libm.so.6	j0f64x	GLIBC_2.27	default	func	weak
libm.so.6	j0l	GLIBC_2.2.5	default	func	weak
libm.so.6	j1	GLIBC_2.2.5	default	func	weak
libm.so.6	j1f	GLIBC_2.2.5	default	func	weak
libm.so.6	j1f128	GLIBC_2.26	default	func	weak
libm.so.6	j1f32	GLIBC_2.27	default	func	weak
libm.so.6	j1f32x	GLIBC_2.27	default	func	weak
libm.so.6	j1f64	GLIBC_2.27	default	func	weak
libm.so.6	j1f64x	GLIBC_2.27	default	func	weak
libm.so.6	j1l	GLIBC_2.2.5	default	func	weak
libm.so.6	jn	GLIBC_2.2.5	default	func	weak
libm.so.6	jnf	GLIBC_2.2.5	default	func	weak
libm.so.6	jnf128	GLIBC_2.26	default	func	weak
libm.so.6	jnf32	GLIBC_2.27	default	func	weak
libm.so.6	jnf32x	GLIBC_2.27	default	func	weak
libm.so.6	jnf64	GLIBC_2.27	default	func	weak
libm.so.6	jnf64x	GLIBC_2.27	default	func	weak
libm.so.6	jnl	GLIBC_2.2.5	default	func	weak
libm.so.6	ldexp	GLIBC_2.2.5	default	func	weak
libm.so.6	ldexpf	GLIBC_2.2.5	default	func	weak
libm.so.6	ldexpf128	GLIBC_2.26	default	func	weak
libm.so.6	ldexpf32	GLIBC_2.27	default	func	weak
libm.so.6	ldexpf32x	GLIBC_2.27	default	func	weak
libm.so.6	ldexpf64	GLIBC_2.27	default	func	weak
libm.so.6	ldexpf64x	GLIBC_2.27	default	func	weak
libm.so.6	ldexpl	GLIBC_2.2.5	default	func	weak
libm.so.6	lgamma	GLIBC_2.2.5	hidden	func	global
libm.so.6	lgamma	GLIBC_2.23	default	func	global
libm.so.6	lgamma_r	GLIBC_2.2.5	default	func	weak
libm.so.6	lgammaf	GLIBC_2.2.5	hidden	func	global
libm.so.6	lgammaf	GLIBC_2.23	default	func	global
libm.so.6	lgammaf128	GLIBC_2.26	default	func	weak
libm.so.6	lgammaf128_r	GLIBC_2.26	default	func	weak
libm.so.6	lgammaf32	GLIBC_2.27	default	func	weak
libm.so.6	lgammaf32_r	GLIBC_2.27	default	func	weak
libm.so.6	lgammaf32x	GLIBC_2.27	default	func	weak
libm.so.6	lgammaf32x_r	GLIBC_2.27	default	func	weak
libm.so.6	lgammaf64	GLIBC_2.27	default	func	weak
libm.so.6	lgammaf64_r	GLIBC_2.27	default	func	weak
libm.so.6	lgammaf64x	GLIBC_2.27	default	func	weak
libm.so.6	lgammaf64x_r	GLIBC_2.27	default	func	weak
libm.so.6	lgammaf_r	GLIBC_2.2.5	default	func	weak
libm.so.6	lgammal	GLIBC_2.2.5	hidden	func	global
libm.so.6	lgammal	GLIBC_2.23	default	func	global
libm.so.6	lgammal_r	GLIBC_2.2.5	default	func	weak
libm.so.6	llogb	GLIBC_2.25	default	func	weak
libm.so.6	llogbf	GLIBC_2.25	default	func	weak
libm.so.6	llogbf128	GLIBC_2.26	default	func	weak
libm.so.6	llogbf32	GLIBC_2.27	default	func	weak
libm.so.6	llogbf32x	GLIBC_2.27	default	func	weak
libm.so.6	llogbf64	GLIBC_2.27	default	func	weak
libm.so.6	llogbf64x	GLIBC_2.27	default	func	weak
libm.so.6	llogbl	GLIBC_2.25	default	func	weak
libm.so.6	llrint	GLIBC_2.2.5	default	func	weak
libm.so.6	llrintf	GLIBC_2.2.5	default	func	weak
libm.so.6	llrintf128	GLIBC_2.26	default	func	weak
libm.so.6	llrintf32	GLIBC_2.27	default	func	weak
libm.so.6	llrintf32x	GLIBC_2.27	default	func	weak
libm.so.6	llrintf64	GLIBC_2.27	default	func	weak
libm.so.6	llrintf64x	GLIBC_2.27	default	func	weak
libm.so.6	llrintl	GLIBC_2.2.5	default	func	weak
libm.so.6	llround	GLIBC_2.2.5	default	func	weak
libm.so.6	llroundf	GLIBC_2.2.5	default	func	weak
libm.so.6	llroundf128	GLIBC_2.26	default	func	weak
libm.so.6	llroundf32	GLIBC_2.27	default	func	weak
libm.so.6	llroundf32x	GLIBC_2.27	default	func	weak
libm.so.6	llroundf64	GLIBC_2.27	default	func	weak
libm.so.6	llroundf64x	GLIBC_2.27	default	func	weak
libm.so.6	llroundl	GLIBC_2.2.5	default	func	weak
libm.so.6	log	GLIBC_2.2.5	default	func	weak
libm.so.6	log10	GLIBC_2.2.5	default	func	weak
libm.so.6	log10f	GLIBC_2.2.5	default	func	weak
libm.so.6	log10f128	GLIBC_2.26	default	func	weak
libm.so.6	log10f32	GLIBC_2.27	default	func	weak
libm.so.6	log10f32x	GLIBC_2.27	default	func	weak
libm.so.6	log10f64	GLIBC_2.27	default	func	weak
libm.so.6	log10f64x	GLIBC_2.27	default	func	weak
libm.so.6	log10l	GLIBC_2.2.5	default	func	weak
libm.so.6	log1p	GLIBC_2.2.5	default	func	weak
libm.so.6	log1pf	GLIBC_2.2.5	default	func	weak
libm.so.6	log1pf128	GLIBC_2.26	default	func	weak
libm.so.6	log1pf32	GLIBC_2.27	default	func	weak
libm.so.6	log1pf32x	GLIBC_2.27	default	func	weak
libm.so.6	log1pf64	GLIBC_2.27	default	func	weak
libm.so.6	log1pf64x	GLIBC_2.27	default	func	weak
libm.so.6	log1pl	GLIBC_2.2.5	default	func	weak
libm.so.6	log2	GLIBC_2.2.5	default	func	weak
libm.so.6	log2f	GLIBC_2.2.5	hidden	func	global
libm.so.6	log2f	GLIBC_2.27	default	ifunc	global
libm.so.6	log2f128	GLIBC_2.26	default	func	weak
libm.so.6	log2f32	GLIBC_2.27	default	ifunc	weak
libm.so.6	log2f32x	GLIBC_2.27	default	func	weak
libm.so.6	log2f64	GLIBC_2.27	default	func	weak
libm.so.6	log2f64x	GLIBC_2.27	default	func	weak
libm.so.6	log2l	GLIBC_2.2.5	default	func	weak
libm.so.6	logb	GLIBC_2.2.5	default	func	weak
libm.so.6	logbf	GLIBC_2.2.5	default	func	weak
libm.so.6	logbf128	GLIBC_2.26	default	func	weak
libm.so.6	logbf32	GLIBC_2.27	default	func	weak
libm.so.6	logbf32x	GLIBC_2.27	default	func	weak
libm.so.6	logbf64	GLIBC_2.27	default	func	weak
libm.so.6	logbf64x	GLIBC_2.27	default	func	weak
libm.so.6	logbl	GLIBC_2.2.5	default	func	weak
libm.so.6	logf	GLIBC_2.2.5	hidden	func	global
libm.so.6	logf	GLIBC_2.27	default	ifunc	global
libm.so.6	logf128	GLIBC_2.26	default	func	weak
libm.so.6	logf32	GLIBC_2.27	default	ifunc	weak
libm.so.6	logf32x	GLIBC_2.27	default	func	weak
libm.so.6	logf64	GLIBC_2.27	default	func	weak
libm.so.6	logf64x	GLIBC_2.27	default	func	weak
libm.so.6	logl	GLIBC_2.2.5	default	func	weak
libm.so.6	lrint	GLIBC_2.2.5	default	func	weak
libm.so.6	lrintf	GLIBC_2.2.5	default	func	weak
libm.so.6	lrintf128	GLIBC_2.26	default	func	weak
libm.so.6	lrintf32	GLIBC_2.27	default	func	weak
libm.so.6	lrintf32x	GLIBC_2.27	default	func	weak
libm.so.6	lrintf64	GLIBC_2.27	default	func	weak
libm.so.6	lrintf64x	GLIBC_2.27	default	func	weak
libm.so.6	lrintl	GLIBC_2.2.5	default	func	weak
libm.so.6	lround	GLIBC_2.2.5	default	func	weak
libm.so.6	lroundf	GLIBC_2.2.5	default	func	weak
libm.so.6	lroundf128	GLIBC_2.26	default	func	weak
libm.so.6	lroundf32	GLIBC_2.27	default	func	weak
libm.so.6	lroundf32x	GLIBC_2.27	default	func	weak
libm.so.6	lroundf64	GLIBC_2.27	default	func	weak
libm.so.6	lroundf64x	GLIBC_2.27	default	func	weak
libm.so.6	lroundl	GLIBC_2.2.5	default	func	weak
libm.so.6	matherr	GLIBC_2.2.5	hidden	func	weak
libm.so.6	modf	GLIBC_2.2.5	default	func	weak
libm.so.6	modff	GLIBC_2.2.5	default	func	weak
libm.so.6	modff128	GLIBC_2.26	default	func	weak
libm.so.6	modff32	GLIBC_2.27	default	func	weak
libm.so.6	modff32x	GLIBC_2.27	default	func	weak
libm.so.6	modff64	GLIBC_2.27	default	func	weak
libm.so.6	modff64x	GLIBC_2.27	default	func	weak
libm.so.6	modfl	GLIBC_2.2.5	default	func	weak
libm.so.6	nan	GLIBC_2.2.5	default	func	weak
libm.so.6	nanf	GLIBC_2.2.5	default	func	weak
libm.so.6	nanf128	GLIBC_2.26	default	func	weak
libm.so.6	nanf32	GLIBC_2.27	default	func	weak
libm.so.6	nanf32x	GLIBC_2.27	default	func	weak
libm.so.6	nanf64	GLIBC_2.27	default	func	weak
libm.so.6	nanf64x	GLIBC_2.27	default	func	weak
libm.so.6	nanl	GLIBC_2.2.5	default	func	weak
libm.so.6	nearbyint	GLIBC_2.2.5	default	ifunc	weak
libm.so.6	nearbyintf	GLIBC_2.2.5	default	ifunc	weak
libm.so.6	nearbyintf128	GLIBC_2.26	default	func	weak
libm.so.6	nearbyintf32	GLIBC_2.27	default	ifunc	weak
libm.so.6	nearbyintf32x	GLIBC_2.27	default	ifunc	weak
libm.so.6	nearbyintf64	GLIBC_2.27	default	ifunc	weak
libm.so.6	nearbyintf64x	GLIBC_2.27	default	func	weak
libm.so.6	nearbyintl	GLIBC_2.2.5	default	func	weak
libm.so.6	nextafter	GLIBC_2.2.5	default	func	weak
libm.so.6	nextafterf	GLIBC_2.2.5	default	func	weak
libm.so.6	nextafterf128	GLIBC_2.26	default	func	weak
libm.so.6	nextafterf32	GLIBC_2.27	default	func	weak
libm.so.6	nextafterf32x	GLIBC_2.27	default	func	weak
libm.so.6	nextafterf64	GLIBC_2.27	default	func	weak
libm.so.6	nextafterf64x	GLIBC_2.27	default	func	weak
libm.so.6	nextafterl	GLIBC_2.2.5	default	func	weak
libm.so.6	nextdown	GLIBC_2.24	default	func	weak
libm.so.6	nextdownf	GLIBC_2.24	default	func	weak
libm.so.6	nextdownf128	GLIBC_2.26	default	func	weak
libm.so.6	nextdownf32	GLIBC_2.27	default	func	weak
libm.so.6	nextdownf32x	GLIBC_2.27	default	func	weak
libm.so.6	nextdownf64	GLIBC_2.27	default	func	weak
libm.so.6	nextdownf64x	GLIBC_2.27	default	func	weak
libm.so.6	nextdownl	GLIBC_2.24	default	func	weak
libm.so.6	nexttoward	GLIBC_2.2.5	default	func	weak
libm.so.6	nexttowardf	GLIBC_2.2.5	default	func	weak
libm.so.6	nexttowardl	GLIBC_2.2.5	default	func	weak
libm.so.6	nextup	GLIBC_2.24	default	func	weak
libm.so.6	nextupf	GLIBC_2.24	default	func	weak
libm.so.6	nextupf128	GLIBC_2.26	default	func	weak
libm.so.6	nextupf32	GLIBC_2.27	default	func	weak
libm.so.6	nextupf32x	GLIBC_2.27	default	func	weak
libm.so.6	nextupf64	GLIBC_2.27	default	func	weak
libm.so.6	nextupf64x	GLIBC_2.27	default	func	weak
libm.so.6	nextupl	GLIBC_2.24	default	func	weak
libm.so.6	pow	GLIBC_2.2.5	default	func	weak
libm.so.6	pow10	GLIBC_2.2.5	hidden	func	global
libm.so.6	pow10f	GLIBC_2.2.5	hidden	func	global
libm.so.6	pow10l	GLIBC_2.2.5	hidden	func	global
libm.so.6	powf	GLIBC_2.2.5	hidden	func	global
libm.so.6	powf	GLIBC_2.27	default	ifunc	global
libm.so.6	powf128	GLIBC_2.26	default	func	weak
libm.so.6	powf32	GLIBC_2.27	default	ifunc	weak
libm.so.6	powf32x	GLIBC_2.27	default	func	weak
libm.so.6	powf64	GLIBC_2.27	default	func	weak
libm.so.6	powf64x	GLIBC_2.27	default	func	weak
libm.so.6	powl	GLIBC_2.2.5	default	func	weak
libm.so.6	remainder	GLIBC_2.2.5	default	func	weak
libm.so.6	remainderf	GLIBC_2.2.5	default	func	weak
libm.so.6	remainderf128	GLIBC_2.26	default	func	weak
libm.so.6	remainderf32	GLIBC_2.27	default	func	weak
libm.so.6	remainderf32x	GLIBC_2.27	default	func	weak
libm.so.6	remainderf64	GLIBC_2.27	default	func	weak
libm.so.6	remainderf64x	GLIBC_2.27	default	func	weak
libm.so.6	remainderl	GLIBC_2.2.5	default	func	weak
libm.so.6	remquo	GLIBC_2.2.5	default	func	weak
libm.so.6	remquof	GLIBC_2.2.5	default	func	weak
libm.so.6	remquof128	GLIBC_2.26	default	func	weak
libm.so.6	remquof32	GLIBC_2.27	default	func	weak
libm.so.6	remquof32x	GLIBC_2.27	default	func	weak
libm.so.6	remquof64	GLIBC_2.27	default	func	weak
libm.so.6	remquof64x	GLIBC_2.27	default	func	weak
libm.so.6	remquol	GLIBC_2.2.5	default	func	weak
libm.so.6	rint	GLIBC_2.2.5	default	ifunc	weak
libm.so.6	rintf	GLIBC_2.2.5	default	ifunc	weak
libm.so.6	rintf128	GLIBC_2.26	default	func	weak
libm.so.6	rintf32	GLIBC_2.27	default	ifunc	weak
libm.so.6	rintf32x	GLIBC_2.27	default	ifunc	weak
libm.so.6	rintf64	GLIBC_2.27	default	ifunc	weak
libm.so.6	rintf64x	GLIBC_2.27	default	func	weak
libm.so.6	rintl	GLIBC_2.2.5	default	func	weak
libm.so.6	round	GLIBC_2.2.5	default	func	weak
libm.so.6	roundeven	GLIBC_2.25	default	ifunc	weak
libm.so.6	roundevenf	GLIBC_2.25	default	ifunc	weak
libm.so.6	roundevenf128	GLIBC_2.26	default	func	weak
libm.so.6	roundevenf32	GLIBC_2.27	default	ifunc	weak
libm.so.6	roundevenf32x	GLIBC_2.27	default	ifunc	weak
libm.so.6	roundevenf64	GLIBC_2.27	default	ifunc	weak
libm.so.6	roundevenf64x	GLIBC_2.27	default	func	weak
libm.so.6	roundevenl	GLIBC_2.25	default	func	weak
libm.so.6	roundf	GLIBC_2.2.5	default	func	weak
libm.so.6	roundf128	GLIBC_2.26	default	func	weak
libm.so.6	roundf32	GLIBC_2.27	default	func	weak
libm.so.6	roundf32x	GLIBC_2.27	default	func	weak
libm.so.6	roundf64	GLIBC_2.27	default	func	weak
libm.so.6	roundf64x	GLIBC_2.27	default	func	weak
libm.so.6	roundl	GLIBC_2.2.5	default	func	weak
libm.so.6	scalb	GLIBC_2.2.5	default	func	weak
libm.so.6	scalbf	GLIBC_2.2.5	default	func	weak
libm.so.6	scalbl	GLIBC_2.2.5	default	func	weak
libm.so.6	scalbln	GLIBC_2.2.5	default	func	weak
libm.so.6	scalblnf	GLIBC_2.2.5	default	func	weak
libm.so.6	scalblnf128	GLIBC_2.26	default	func	weak
libm.so.6	scalblnf32	GLIBC_2.27	default	func	weak
libm.so.6	scalblnf32x	GLIBC_2.27	default	func	weak
libm.so.6	scalblnf64	GLIBC_2.27	default	func	weak
libm.so.6	scalblnf64x	GLIBC_2.27	default	func	weak
libm.so.6	scalblnl	GLIBC_2.2.5	default	func	weak
libm.so.6	scalbn	GLIBC_2.2.5	default	func	weak
libm.so.6	scalbnf	GLIBC_2.2.5	default	func	weak
libm.so.6	scalbnf128	GLIBC_2.26	default	func	weak
libm.so.6	scalbnf32	GLIBC_2.27	default	func	weak
libm.so.6	scalbnf32x	GLIBC_2.27	default	func	weak
libm.so.6	scalbnf64	GLIBC_2.27	default	func	weak
libm.so.6	scalbnf64x	GLIBC_2.27	default	func	weak
libm.so.6	scalbnl	GLIBC_2.2.5	default	func	weak
libm.so.6	setpayload	GLIBC_2.25	default	func	weak
libm.so.6	setpayloadf	GLIBC_2.25	default	func	weak
libm.so.6	setpayloadf128	GLIBC_2.26	default	func	weak
libm.so.6	setpayloadf32	GLIBC_2.27	default	func	weak
libm.so.6	setpayloadf32x	GLIBC_2.27	default	func	weak
libm.so.6	setpayloadf64	GLIBC_2.27	default	func	weak
libm.so.6	setpayloadf64x	GLIBC_2.27	default	func	weak
libm.so.6	setpayloadl	GLIBC_2.25	default	func	weak
libm.so.6	setpayloadsig	GLIBC_2.25	default	func	weak
libm.so.6	setpayloadsigf	GLIBC_2.25	default	func	weak
libm.so.6	setpayloadsigf128	GLIBC_2.26	default	func	weak
libm.so.6	setpayloadsigf32	GLIBC_2.27	default	func	weak
libm.so.6	setpayloadsigf32x	GLIBC_2.27	default	func	weak
libm.so.6	setpayloadsigf64	GLIBC_2.27	default	func	weak
libm.so.6	setpayloadsigf64x	GLIBC_2.27	default	func	weak
libm.so.6	setpayloadsigl	GLIBC_2.25	default	func	weak
libm.so.6	signgam	GLIBC_2.2.5	default	object	weak
libm.so.6	significand	GLIBC_2.2.5	default	func	weak
libm.so.6	significandf	GLIBC_2.2.5	default	func	weak
libm.so.6	significandl	GLIBC_2.2.5	default	func	weak
libm.so.6	sin	GLIBC_2.2.5	default	ifunc	weak
libm.so.6	sincos	GLIBC_2.2.5	default	func	weak
libm.so.6	sincosf	GLIBC_2.2.5	default	ifunc	weak
libm.so.6	sincosf128	GLIBC_2.26	default	func	weak
libm.so.6	sincosf32	GLIBC_2.27	default	ifunc	weak
libm.so.6	sincosf32x	GLIBC_2.27	default	func	weak
libm.so.6	sincosf64	GLIBC_2.27	default	func	weak
libm.so.6	sincosf64x	GLIBC_2.27	default	func	weak
libm.so.6	sincosl	GLIBC_2.2.5	default	func	weak
libm.so.6	sinf	GLIBC_2.2.5	default	ifunc	weak
libm.so.6	sinf128	GLIBC_2.26	default	func	weak
libm.so.6	sinf32	GLIBC_2.27	default	ifunc	weak
libm.so.6	sinf32x	GLIBC_2.27	default	ifunc	weak
libm.so.6	sinf64	GLIBC_2.27	default	ifunc	weak
libm.so.6	sinf64x	GLIBC_2.27	default	func	weak
libm.so.6	sinh	GLIBC_2.2.5	default	func	weak
libm.so.6	sinhf	GLIBC_2.2.5	default	func	weak
libm.so.6	sinhf128	GLIBC_2.26	default	func	weak
libm.so.6	sinhf32	GLIBC_2.27	default	func	weak
libm.so.6	sinhf32x	GLIBC_2.27	default	func	weak
libm.so.6	sinhf64	GLIBC_2.27	default	func	weak
libm.so.6	sinhf64x	GLIBC_2.27	default	func	weak
libm.so.6	sinhl	GLIBC_2.2.5	default	func	weak
libm.so.6	sinl	GLIBC_2.2.5	default	func	weak
libm.so.6	sqrt	GLIBC_2.2.5	default	func	weak
libm.so.6	sqrtf	GLIBC_2.2.5	default	func	weak
libm.so.6	sqrtf128	GLIBC_2.26	default	func	weak
libm.so.6	sqrtf32	GLIBC_2.27	default	func	weak
libm.so.6	sqrtf32x	GLIBC_2.27	default	func	weak
libm.so.6	sqrtf64	GLIBC_2.27	default	func	weak
libm.so.6	sqrtf64x	GLIBC_2.27	default	func	weak
libm.so.6	sqrtl	GLIBC_2.2.5	default	func	weak
libm.so.6	tan	GLIBC_2.2.5	default	ifunc	weak
libm.so.6	tanf	GLIBC_2.2.5	default	func	weak
libm.so.6	tanf128	GLIBC_2.26	default	func	weak
libm.so.6	tanf32	GLIBC_2.27	default	func	weak
libm.so.6	tanf32x	GLIBC_2.27	default	ifunc	weak
libm.so.6	tanf64	GLIBC_2.27	default	ifunc	weak
libm.so.6	tanf64x	GLIBC_2.27	default	func	weak
libm.so.6	tanh	GLIBC_2.2.5	default	func	weak
libm.so.6	tanhf	GLIBC_2.2.5	default	func	weak
libm.so.6	tanhf128	GLIBC_2.26	default	func	weak
libm.so.6	tanhf32	GLIBC_2.27	default	func	weak
libm.so.6	tanhf32x	GLIBC_2.27	default	func	weak
libm.so.6	tanhf64	GLIBC_2.27	default	func	weak
libm.so.6	tanhf64x	GLIBC_2.27	default	func	weak
libm.so.6	tanhl	GLIBC_2.2.5	default	func	weak
libm.so.6	tanl	GLIBC_2.2.5	default	func	weak
libm.so.6	tgamma	GLIBC_2.2.5	default	func	weak
libm.so.6	tgammaf	GLIBC_2.2.5	default	func	weak
libm.so.6	tgammaf128	GLIBC_2.26	default	func	weak
libm.so.6	tgammaf32	GLIBC_2.27	default	func	weak
libm.so.6	tgammaf32x	GLIBC_2.27	default	func	weak
libm.so.6	tgammaf64	GLIBC_2.27	default	func	weak
libm.so.6	tgammaf64x	GLIBC_2.27	default	func	weak
libm.so.6	tgammal	GLIBC_2.2.5	default	func	weak
libm.so.6	totalorder	GLIBC_2.25	default	func	weak
libm.so.6	totalorderf	GLIBC_2.25	default	func	weak
libm.so.6	totalorderf128	GLIBC_2.26	default	func	weak
libm.so.6	totalorderf32	GLIBC_2.27	default	func	weak
libm.so.6	totalorderf32x	GLIBC_2.27	default	func	weak
libm.so.6	totalorderf64	GLIBC_2.27	default	func	weak
libm.so.6	totalorderf64x	GLIBC_2.27	default	func	weak
libm.so.6	totalorderl	GLIBC_2.25	default	func	weak
libm.so.6	totalordermag	GLIBC_2.25	default	func	weak
libm.so.6	totalordermagf	GLIBC_2.25	default	func	weak
libm.so.6	totalordermagf128	GLIBC_2.26	default	func	weak
libm.so.6	totalordermagf32	GLIBC_2.27	default	func	weak
libm.so.6	totalordermagf32x	GLIBC_2.27	default	func	weak
libm.so.6	totalordermagf64	GLIBC_2.27	default	func	weak
libm.so.6	totalordermagf64x	GLIBC_2.27	default	func	weak
libm.so.6	totalordermagl	GLIBC_2.25	default	func	weak
libm.so.6	trunc	GLIBC_2.2.5	default	ifunc	weak
libm.so.6	truncf	GLIBC_2.2.5	default	ifunc	weak
libm.so.6	truncf128	GLIBC_2.26	default	func	weak
libm.so.6	truncf32	GLIBC_2.27	default	ifunc	weak
libm.so.6	truncf32x	GLIBC_2.27	default	ifunc	weak
libm.so.6	truncf64	GLIBC_2.27	default	ifunc	weak
libm.so.6	truncf64x	GLIBC_2.27	default	func	weak
libm.so.6	truncl	GLIBC_2.2.5	default	func	weak
libm.so.6	ufromfp	GLIBC_2.25	default	func	weak
libm.so.6	ufromfpf	GLIBC_2.25	default	func	weak
libm.so.6	ufromfpf128	GLIBC_2.26	default	func	weak
libm.so.6	ufromfpf32	GLIBC_2.27	default	func	weak
libm.so.6	ufromfpf32x	GLIBC_2.27	default	func	weak
libm.so.6	ufromfpf64	GLIBC_2.27	default	func	weak
libm.so.6	ufromfpf64x	GLIBC_2.27	default	func	weak
libm.so.6	ufromfpl	GLIBC_2.25	default	func	weak
libm.so.6	ufromfpx	GLIBC_2.25	default	func	weak
libm.so.6	ufromfpxf	GLIBC_2.25	default	func	weak
libm.so.6	ufromfpxf128	GLIBC_2.26	default	func	weak
libm.so.6	ufromfpxf32	GLIBC_2.27	default	func	weak
libm.so.6	ufromfpxf32x	GLIBC_2.27	default	func	weak
libm.so.6	ufromfpxf64	GLIBC_2.27	default	func	weak
libm.so.6	ufromfpxf64x	GLIBC_2.27	default	func	weak
libm.so.6	ufromfpxl	GLIBC_2.25	default	func	weak
libm.so.6	y0	GLIBC_2.2.5	default	func	weak
libm.so.6	y0f	GLIBC_2.2.5	default	func	weak
libm.so.6	y0f128	GLIBC_2.26	default	func	weak
libm.so.6	y0f32	GLIBC_2.27	default	func	weak
libm.so.6	y0f32x	GLIBC_2.27	default	func	weak
libm.so.6	y0f64	GLIBC_2.27	default	func	weak
libm.so.6	y0f64x	GLIBC_2.27	default	func	weak
libm.so.6	y0l	GLIBC_2.2.5	default	func	weak
libm.so.6	y1	GLIBC_2.2.5	default	func	weak
libm.so.6	y1f	GLIBC_2.2.5	default	func	weak
libm.so.6	y1f128	GLIBC_2.26	default	func	weak
libm.so.6	y1f32	GLIBC_2.27	default	func	weak
libm.so.6	y1f32x	GLIBC_2.27	default	func	weak
libm.so.6	y1f64	GLIBC_2.27	default	func	weak
libm.so.6	y1f64x	GLIBC_2.27	default	func	weak
libm.so.6	y1l	GLIBC_2.2.5	default	func	weak
libm.so.6	yn	GLIBC_2.2.5	default	func	weak
libm.so.6	ynf	GLIBC_2.2.5	default	func	weak
libm.so.6	ynf128	GLIBC_2.26	default	func	weak
libm.so.6	ynf32	GLIBC_2.27	default	func	weak
libm.so.6	ynf32x	GLIBC_2.27	default	func	weak
libm.so.6	ynf64	GLIBC_2.27	default	func	weak
libm.so.6	ynf64x	GLIBC_2.27	default	func	weak
libm.so.6	ynl	GLIBC_2.2.5	default	func	weak
libpthread.so.0	GLIBC_2.11	GLIBC_2.11	default	object	global
libpthread.so.0	GLIBC_2.12	GLIBC_2.12	default	object	global
libpthread.so.0	GLIBC_2.18	GLIBC_2.18	default	object	global
libpthread.so.0	GLIBC_2.2.5	GLIBC_2.2.5	default	object	global
libpthread.so.0	GLIBC_2.2.6	GLIBC_2.2.6	default	object	global
libpthread.so.0	GLIBC_2.28	GLIBC_2.28	default	object	global
libpthread.so.0	GLIBC_2.3.2	GLIBC_2.3.2	default	object	global
libpthread.so.0	GLIBC_2.3.3	GLIBC_2.3.3	default	object	global
libpthread.so.0	GLIBC_2.3.4	GLIBC_2.3.4	default	object	global
libpthread.so.0	GLIBC_2.4	GLIBC_2.4	default	object	global
libpthread.so.0	GLIBC_PRIVATE	GLIBC_PRIVATE	default	object	global
libpthread.so.0	_IO_flockfile	GLIBC_2.2.5	default	func	global
libpthread.so.0	_IO_ftrylockfile	GLIBC_2.2.5	default	func	global
libpthread.so.0	_IO_funlockfile	GLIBC_2.2.5	default	func	global
libpthread.so.0	__close	GLIBC_2.2.5	default	func	global
libpthread.so.0	__connect	GLIBC_2.2.5	default	func	weak
libpthread.so.0	__errno_location	GLIBC_2.2.5	default	func	global
libpthread.so.0	__fcntl	GLIBC_2.2.5	hidden	func	weak
libpthread.so.0	__fork	GLIBC_2.2.5	hidden	func	global
libpthread.so.0	__h_errno_location	GLIBC_2.2.5	default	func	global
libpthread.so.0	__libc_allocate_rtsig	GLIBC_2.2.5	default	func	global
libpthread.so.0	__libc_current_sigrtmax	GLIBC_2.2.5	default	func	global
libpthread.so.0	__libc_current_sigrtmin	GLIBC_2.2.5	default	func	global
libpthread.so.0	__libpthread_freeres	GLIBC_PRIVATE	default	func	global
libpthread.so.0	__lseek	GLIBC_2.2.5	default	func	weak
libpthread.so.0	__nanosleep	GLIBC_2.2.6	default	func	global
libpthread.so.0	__open	GLIBC_2.2.5	default	func	global
libpthread.so.0	__open64	GLIBC_2.2.5	default	func	global
libpthread.so.0	__pread64	GLIBC_2.2.5	default	func	weak
libpthread.so.0	__pthread_attr_copy	GLIBC_PRIVATE	default	func	global
libpthread.so.0	__pthread_barrier_init	GLIBC_PRIVATE	default	func	global
libpthread.so.0	__pthread_barrier_wait	GLIBC_PRIVATE	default	func	global
libpthread.so.0	__pthread_cleanup_routine	GLIBC_2.3.3	default	func	global
libpthread.so.0	__pthread_get_minstack	GLIBC_PRIVATE	default	func	global
libpthread.so.0	__pthread_getspecific	GLIBC_2.2.5	default	func	global
libpthread.so.0	__pthread_initialize_minimal	GLIBC_PRIVATE	default	func	weak
libpthread.so.0	__pthread_key_create	GLIBC_2.2.5	default	func	global
libpthread.so.0	__pthread_mutex_destroy	GLIBC_2.2.5	default	func	global
libpthread.so.0	__pthread_mutex_init	GLIBC_2.2.5	default	func	global
libpthread.so.0	__pthread_mutex_lock	GLIBC_2.2.5	default	func	global
libpthread.so.0	__pthread_mutex_trylock	GLIBC_2.2.5	default	func	global
libpthread.so.0	__pthread_mutex_unlock	GLIBC_2.2.5	default	func	global
libpthread.so.0	__pthread_mutexattr_destroy	GLIBC_2.2.5	default	func	global
libpthread.so.0	__pthread_mutexattr_init	GLIBC_2.2.5	default	func	global
libpthread.so.0	__pthread_mutexattr_settype	GLIBC_2.2.5	default	func	global
libpthread.so.0	__pthread_once	GLIBC_2.2.5	default	func	global
libpthread.so.0	__pthread_register_cancel	GLIBC_2.3.3	default	func	global
libpthread.so.0	__pthread_register_cancel_defer	GLIBC_2.3.3	default	func	global
libpthread.so.0	__pthread_rwlock_destroy	GLIBC_2.2.5	default	func	global
libpthread.so.0	__pthread_rwlock_init	GLIBC_2.2.5	default	func	global
libpthread.so.0	__pthread_rwlock_rdlock	GLIBC_2.2.5	default	func	global
libpthread.so.0	__pthread_rwlock_tryrdlock	GLIBC_2.2.5	default	func	global
libpthread.so.0	__pthread_rwlock_trywrlock	GLIBC_2.2.5	default	func	global
libpthread.so.0	__pthread_rwlock_unlock	GLIBC_2.2.5	default	func	global
libpthread.so.0	__pthread_rwlock_wrlock	GLIBC_2.2.5	default	func	global
libpthread.so.0	__pthread_setspecific	GLIBC_2.2.5	default	func	global
libpthread.so.0	__pthread_unregister_cancel	GLIBC_2.3.3	default	func	global
libpthread.so.0	__pthread_unregister_cancel_restore	GLIBC_2.3.3	default	func	global
libpthread.so.0	__pthread_unwind	GLIBC_PRIVATE	default	func	global
libpthread.so.0	__pthread_unwind_next	GLIBC_2.3.3	default	func	global
libpthread.so.0	__pwrite64	GLIBC_2.2.5	default	func	weak
libpthread.so.0	__read	GLIBC_2.2.5	default	func	weak
libpthread.so.0	__res_state	GLIBC_2.2.5	default	func	global
libpthread.so.0	__send	GLIBC_2.2.5	default	func	weak
libpthread.so.0	__shm_directory	GLIBC_PRIVATE	default	func	global
libpthread.so.0	__sigaction	GLIBC_2.2.5	default	func	global
libpthread.so.0	__wait	GLIBC_2.2.5	default	func	weak
libpthread.so.0	__write	GLIBC_2.2.5	default	func	weak
libpthread.so.0	_pthread_cleanup_pop	GLIBC_2.2.5	default	func	global
libpthread.so.0	_pthread_cleanup_pop_restore	GLIBC_2.2.5	default	func	global
libpthread.so.0	_pthread_cleanup_push	GLIBC_2.2.5	default	func	global
libpthread.so.0	_pthread_cleanup_push_defer	GLIBC_2.2.5	default	func	global
libpthread.so.0	accept	GLIBC_2.2.5	default	func	weak
libpthread.so.0	call_once	GLIBC_2.28	default	func	global
libpthread.so.0	close	GLIBC_2.2.5	default	func	weak
libpthread.so.0	cnd_broadcast	GLIBC_2.28	default	func	global
libpthread.so.0	cnd_destroy	GLIBC_2.28	default	func	global
libpthread.so.0	cnd_init	GLIBC_2.28	default	func	global
libpthread.so.0	cnd_signal	GLIBC_2.28	default	func	global
libpthread.so.0	cnd_timedwait	GLIBC_2.28	default	func	global
libpthread.so.0	cnd_wait	GLIBC_2.28	default	func	global
libpthread.so.0	connect	GLIBC_2.2.5	default	func	weak
libpthread.so.0	fcntl	GLIBC_2.2.5	hidden	func	weak
libpthread.so.0	flockfile	GLIBC_2.2.5	default	func	weak
libpthread.so.0	fork	GLIBC_2.2.5	hidden	func	global
libpthread.so.0	fsync	GLIBC_2.2.5	default	func	global
libpthread.so.0	ftrylockfile	GLIBC_2.2.5	default	func	weak
libpthread.so.0	funlockfile	GLIBC_2.2.5	default	func	weak
libpthread.so.0	longjmp	GLIBC_2.2.5	hidden	func	global
libpthread.so.0	lseek	GLIBC_2.2.5	default	func	weak
libpthread.so.0	lseek64	GLIBC_2.2.5	default	func	weak
libpthread.so.0	msync	GLIBC_2.2.5	default	func	global
libpthread.so.0	mtx_destroy	GLIBC_2.28	default	func	global
libpthread.so.0	mtx_init	GLIBC_2.28	default	func	global
libpthread.so.0	mtx_lock	GLIBC_2.28	default	func	global
libpthread.so.0	mtx_timedlock	GLIBC_2.28	default	func	global
libpthread.so.0	mtx_trylock	GLIBC_2.28	default	func	global
libpthread.so.0	mtx_unlock	GLIBC_2.28	default	func	global
libpthread.so.0	nanosleep	GLIBC_2.2.5	default	func	weak
libpthread.so.0	open	GLIBC_2.2.5	default	func	weak
libpthread.so.0	open64	GLIBC_2.2.5	default	func	weak
libpthread.so.0	pause	GLIBC_2.2.5	default	func	weak
libpthread.so.0	pread	GLIBC_2.2.5	default	func	weak
libpthread.so.0	pread64	GLIBC_2.2.5	default	func	weak
libpthread.so.0	pthread_atfork	GLIBC_2.2.5	hidden	func	global
libpthread.so.0	pthread_attr_destroy	GLIBC_2.2.5	default	func	global
libpthread.so.0	pthread_attr_getaffinity_np	GLIBC_2.3.3	hidden	func	global
libpthread.so.0	pthread_attr_getaffinity_np	GLIBC_2.3.4	default	func	global
libpthread.so.0	pthread_attr_getdetachstate	GLIBC_2.2.5	default	func	global
libpthread.so.0	pthread_attr_getguardsize	GLIBC_2.2.5	default	func	global
libpthread.so.0	pthread_attr_getinheritsched	GLIBC_2.2.5	default	func	global
libpthread.so.0	pthread_attr_getschedparam	GLIBC_2.2.5	default	func	global
libpthread.so.0	pthread_attr_getschedpolicy	GLIBC_2.2.5	default	func	global
libpthread.so.0	pthread_attr_getscope	GLIBC_2.2.5	default	func	global
libpthread.so.0	pthread_attr_getstack	GLIBC_2.2.5	default	func	global
libpthread.so.0	pthread_attr_getstackaddr	GLIBC_2.2.5	default	func	global
libpthread.so.0	pthread_attr_getstacksize	GLIBC_2.2.5	default	func	global
libpthread.so.0	pthread_attr_init	GLIBC_2.2.5	default	func	global
libpthread.so.0	pthread_attr_setaffinity_np	GLIBC_2.3.3	hidden	func	global
libpthread.so.0	pthread_attr_setaffinity_np	GLIBC_2.3.4	default	func	global
libpthread.so.0	pthread_attr_setdetachstate	GLIBC_2.2.5	default	func	global
libpthread.so.0	pthread_attr_setguardsize	GLIBC_2.2.5	default	func	global
libpthread.so.0	pthread_attr_setinheritsched	GLIBC_2.2.5	default	func	global
libpthread.so.0	pthread_attr_setschedparam	GLIBC_2.2.5	default	func	global
libpthread.so.0	pthread_attr_setschedpolicy	GLIBC_2.2.5	default	func	global
libpthread.so.0	pthread_attr_setscope	GLIBC_2.2.5	default	func	global
libpthread.so.0	pthread_attr_setstack	GLIBC_2.2.5	default	func	global
libpthread.so.0	pthread_attr_setstackaddr	GLIBC_2.2.5	default	func	global
libpthread.so.0	pthread_attr_setstacksize	GLIBC_2.2.5	default	func	global
libpthread.so.0	pthread_barrier_destroy	GLIBC_2.2.5	default	func	global
libpthread.so.0	pthread_barrier_init	GLIBC_2.2.5	default	func	weak
libpthread.so.0	pthread_barrier_wait	GLIBC_2.2.5	default	func	weak
libpthread.so.0	pthread_barrierattr_destroy	GLIBC_2.2.5	default	func	global
libpthread.so.0	pthread_barrierattr_getpshared	GLIBC_2.3.3	default	func	global
libpthread.so.0	pthread_barrierattr_init	GLIBC_2.2.5	default	func	global
libpthread.so.0	pthread_barrierattr_setpshared	GLIBC_2.2.5	default	func	global
libpthread.so.0	pthread_cancel	GLIBC_2.2.5	default	func	weak
libpthread.so.0	pthread_cond_broadcast	GLIBC_2.2.5	hidden	func	global
libpthread.so.0	pthread_cond_broadcast	GLIBC_2.3.2	default	func	global
libpthread.so.0	pthread_cond_destroy	GLIBC_2.2.5	hidden	func	global
libpthread.so.0	pthread_cond_destroy	GLIBC_2.3.2	default	func	global
libpthread.so.0	pthread_cond_init	GLIBC_2.2.5	hidden	func	global
libpthread.so.0	pthread_cond_init	GLIBC_2.3.2	default	func	global
libpthread.so.0	pthread_cond_signal	GLIBC_2.2.5	hidden	func	global
libpthread.so.0	pthread_cond_signal	GLIBC_2.3.2	default	func	global
libpthread.so.0	pthread_cond_timedwait	GLIBC_2.2.5	hidden	func	global
libpthread.so.0	pthread_cond_timedwait	GLIBC_2.3.2	default	func	global
libpthread.so.0	pthread_cond_wait	GLIBC_2.2.5	hidden	func	global
libpthread.so.0	pthread_cond_wait	GLIBC_2.3.2	default	func	global
libpthread.so.0	pthread_condattr_destroy	GLIBC_2.2.5	default	func	global
libpthread.so.0	pthread_condattr_getclock	GLIBC_2.3.3	default	func	global
libpthread.so.0	pthread_condattr_getpshared	GLIBC_2.2.5	default	func	global
libpthread.so.0	pthread_condattr_init	GLIBC_2.2.5	default	func	global
libpthread.so.0	pthread_condattr_setclock	GLIBC_2.3.3	default	func	global
libpthread.so.0	pthread_condattr_setpshared	GLIBC_2.2.5	default	func	global
libpthread.so.0	pthread_create	GLIBC_2.2.5	default	func	global
libpthread.so.0	pthread_detach	GLIBC_2.2.5	default	func	weak
libpthread.so.0	pthread_equal	GLIBC_2.2.5	default	func	weak
libpthread.so.0	pthread_exit	GLIBC_2.2.5	default	func	weak
libpthread.so.0	pthread_getaffinity_np	GLIBC_2.3.3	hidden	func	global
libpthread.so.0	pthread_getaffinity_np	GLIBC_2.3.4	default	func	global
libpthread.so.0	pthread_getattr_default_np	GLIBC_2.18	default	func	global
libpthread.so.0	pthread_getattr_np	GLIBC_2.2.5	default	func	global
libpthread.so.0	pthread_getconcurrency	GLIBC_2.2.5	default	func	global
libpthread.so.0	pthread_getcpuclockid	GLIBC_2.2.5	default	func	global
libpthread.so.0	pthread_getname_np	GLIBC_2.12	default	func	global
libpthread.so.0	pthread_getschedparam	GLIBC_2.2.5	default	func	global
libpthread.so.0	pthread_getspecific	GLIBC_2.2.5	default	func	weak
libpthread.so.0	pthread_join	GLIBC_2.2.5	default	func	weak
libpthread.so.0	pthread_key_create	GLIBC_2.2.5	default	func	weak
libpthread.so.0	pthread_key_delete	GLIBC_2.2.5	default	func	weak
libpthread.so.0	pthread_kill	GLIBC_2.2.5	default	func	global
libpthread.so.0	pthread_kill_other_threads_np	GLIBC_2.2.5	hidden	func	global
libpthread.so.0	pthread_mutex_consistent	GLIBC_2.12	default	func	global
libpthread.so.0	pthread_mutex_consistent_np	GLIBC_2.4	default	func	weak
libpthread.so.0	pthread_mutex_destroy	GLIBC_2.2.5	default	func	weak
libpthread.so.0	pthread_mutex_getprioceiling	GLIBC_2.4	default	func	global
libpthread.so.0	pthread_mutex_init	GLIBC_2.2.5	default	func	weak
libpthread.so.0	pthread_mutex_lock	GLIBC_2.2.5	default	func	weak
libpthread.so.0	pthread_mutex_setprioceiling	GLIBC_2.4	default	func	global
libpthread.so.0	pthread_mutex_timedlock	GLIBC_2.2.5	default	func	weak
libpthread.so.0	pthread_mutex_trylock	GLIBC_2.2.5	default	func	weak
libpthread.so.0	pthread_mutex_unlock	GLIBC_2.2.5	default	func	weak
libpthread.so.0	pthread_mutexattr_destroy	GLIBC_2.2.5	default	func	global
libpthread.so.0	pthread_mutexattr_getkind_np	GLIBC_2.2.5	default	func	weak
libpthread.so.0	pthread_mutexattr_getprioceiling	GLIBC_2.4	default	func	global
libpthread.so.0	pthread_mutexattr_getprotocol	GLIBC_2.4	default	func	global
libpthread.so.0	pthread_mutexattr_getpshared	GLIBC_2.2.5	default	func	global
libpthread.so.0	pthread_mutexattr_getrobust	GLIBC_2.12	default	func	global
libpthread.so.0	pthread_mutexattr_getrobust_np	GLIBC_2.4	default	func	weak
libpthread.so.0	pthread_mutexattr_gettype	GLIBC_2.2.5	default	func	global
libpthread.so.0	pthread_mutexattr_init	GLIBC_2.2.5	default	func	weak
libpthread.so.0	pthread_mutexattr_setkind_np	GLIBC_2.2.5	default	func	weak
libpthread.so.0	pthread_mutexattr_setprioceiling	GLIBC_2.4	default	func	global
libpthread.so.0	pthread_mutexattr_setprotocol	GLIBC_2.4	default	func	global
libpthread.so.0	pthread_mutexattr_setpshared	GLIBC_2.2.5	default	func	global
libpthread.so.0	pthread_mutexattr_setrobust	GLIBC_2.12	default	func	global
libpthread.so.0	pthread_mutexattr_setrobust_np	GLIBC_2.4	default	func	weak
libpthread.so.0	pthread_mutexattr_settype	GLIBC_2.2.5	default	func	weak
libpthread.so.0	pthread_once	GLIBC_2.2.5	default	func	weak
libpthread.so.0	pthread_rwlock_destroy	GLIBC_2.2.5	default	func	global
libpthread.so.0	pthread_rwlock_init	GLIBC_2.2.5	default	func	global
libpthread.so.0	pthread_rwlock_rdlock	GLIBC_2.2.5	default	func	weak
libpthread.so.0	pthread_rwlock_timedrdlock	GLIBC_2.2.5	default	func	global
libpthread.so.0	pthread_rwlock_timedwrlock	GLIBC_2.2.5	default	func	global
libpthread.so.0	pthread_rwlock_tryrdlock	GLIBC_2.2.5	default	func	global
libpthread.so.0	pthread_rwlock_trywrlock	GLIBC_2.2.5	default	func	global
libpthread.so.0	pthread_rwlock_unlock	GLIBC_2.2.5	default	func	weak
libpthread.so.0	pthread_rwlock_wrlock	GLIBC_2.2.5	default	func	weak
libpthread.so.0	pthread_rwlockattr_destroy	GLIBC_2.2.5	default	func	global
libpthread.so.0	pthread_rwlockattr_getkind_np	GLIBC_2.2.5	default	func	global
libpthread.so.0	pthread_rwlockattr_getpshared	GLIBC_2.2.5	default	func	global
libpthread.so.0	pthread_rwlockattr_init	GLIBC_2.2.5	default	func	global
libpthread.so.0	pthread_rwlockattr_setkind_np	GLIBC_2.2.5	default	func	global
libpthread.so.0	pthread_rwlockattr_setpshared	GLIBC_2.2.5	default	func	global
libpthread.so.0	pthread_self	GLIBC_2.2.5	hidden	func	global
libpthread.so.0	pthread_setaffinity_np	GLIBC_2.3.3	hidden	func	global
libpthread.so.0	pthread_setaffinity_np	GLIBC_2.3.4	default	func	global
libpthread.so.0	pthread_setattr_default_np	GLIBC_2.18	default	func	global
libpthread.so.0	pthread_setcancelstate	GLIBC_2.2.5	default	func	global
libpthread.so.0	pthread_setcanceltype	GLIBC_2.2.5	default	func	global
libpthread.so.0	pthread_setconcurrency	GLIBC_2.2.5	default	func	global
libpthread.so.0	pthread_setname_np	GLIBC_2.12	default	func	global
libpthread.so.0	pthread_setschedparam	GLIBC_2.2.5	default	func	global
libpthread.so.0	pthread_setschedprio	GLIBC_2.3.4	default	func	global
libpthread.so.0	pthread_setspecific	GLIBC_2.2.5	default	func	weak
libpthread.so.0	pthread_sigmask	GLIBC_2.2.5	default	func	global
libpthread.so.0	pthread_sigqueue	GLIBC_2.11	default	func	global
libpthread.so.0	pthread_spin_destroy	GLIBC_2.2.5	default	func	global
libpthread.so.0	pthread_spin_init	GLIBC_2.2.5	default	func	global
libpthread.so.0	pthread_spin_lock	GLIBC_2.2.5	default	func	global
libpthread.so.0	pthread_spin_trylock	GLIBC_2.2.5	default	func	global
libpthread.so.0	pthread_spin_unlock	GLIBC_2.2.5	default	func	global
libpthread.so.0	pthread_testcancel	GLIBC_2.2.5	default	func	global
libpthread.so.0	pthread_timedjoin_np	GLIBC_2.3.3	default	func	weak
libpthread.so.0	pthread_tryjoin_np	GLIBC_2.3.3	default	func	global
libpthread.so.0	pthread_yield	GLIBC_2.2.5	default	func	global
libpthread.so.0	pwrite	GLIBC_2.2.5	default	func	weak
libpthread.so.0	pwrite64	GLIBC_2.2.5	default	func	weak
libpthread.so.0	raise	GLIBC_2.2.5	default	func	global
libpthread.so.0	read	GLIBC_2.2.5	default	func	weak
libpthread.so.0	recv	GLIBC_2.2.5	default	func	weak
libpthread.so.0	recvfrom	GLIBC_2.2.5	default	func	weak
libpthread.so.0	recvmsg	GLIBC_2.2.5	default	func	weak
libpthread.so.0	sem_close	GLIBC_2.2.5	default	func	global
libpthread.so.0	sem_destroy	GLIBC_2.2.5	default	func	global
libpthread.so.0	sem_getvalue	GLIBC_2.2.5	default	func	global
libpthread.so.0	sem_init	GLIBC_2.2.5	default	func	global
libpthread.so.0	sem_open	GLIBC_2.2.5	default	func	global
libpthread.so.0	sem_post	GLIBC_2.2.5	default	func	global
libpthread.so.0	sem_timedwait	GLIBC_2.2.5	default	func	global
libpthread.so.0	sem_trywait	GLIBC_2.2.5	default	func	global
libpthread.so.0	sem_unlink	GLIBC_2.2.5	default	func	global
libpthread.so.0	sem_wait	GLIBC_2.2.5	default	func	global
libpthread.so.0	send	GLIBC_2.2.5	default	func	weak
libpthread.so.0	sendmsg	GLIBC_2.2.5	default	func	weak
libpthread.so.0	sendto	GLIBC_2.2.5	default	func	weak
libpthread.so.0	sigaction	GLIBC_2.2.5	default	func	weak
libpthread.so.0	siglongjmp	GLIBC_2.2.5	hidden	func	global
libpthread.so.0	sigwait	GLIBC_2.2.5	default	func	weak
libpthread.so.0	system	GLIBC_2.2.5	hidden	func	global
libpthread.so.0	tcdrain	GLIBC_2.2.5	default	func	weak
libpthread.so.0	thrd_create	GLIBC_2.28	default	func	global
libpthread.so.0	thrd_detach	GLIBC_2.28	default	func	global
libpthread.so.0	thrd_exit	GLIBC_2.28	default	func	global
libpthread.so.0	thrd_join	GLIBC_2.28	default	func	global
libpthread.so.0	tss_create	GLIBC_2.28	default	func	global
libpthread.so.0	tss_delete	GLIBC_2.28	default	func	global
libpthread.so.0	tss_get	GLIBC_2.28	default	func	global
libpthread.so.0	tss_set	GLIBC_2.28	default	func	global
libpthread.so.0	wait	GLIBC_2.2.5	default	func	weak
libpthread.so.0	waitpid	GLIBC_2.2.5	default	func	weak
libpthread.so.0	write	GLIBC_2.2.5	default	func	weak
libdl.so.2	GLIBC_2.2.5	GLIBC_2.2.5	default	object	global
libdl.so.2	GLIBC_2.3.3	GLIBC_2.3.3	default	object	global
libdl.so.2	GLIBC_2.3.4	GLIBC_2.3.4	default	object	global
libdl.so.2	GLIBC_PRIVATE	GLIBC_PRIVATE	default	object	global
libdl.so.2	_dlfcn_hook	GLIBC_PRIVATE	default	object	global
libdl.so.2	dladdr	GLIBC_2.2.5	default	func	global
libdl.so.2	dladdr1	GLIBC_2.3.3	default	func	global
libdl.so.2	dlclose	GLIBC_2.2.5	default	func	global
libdl.so.2	dlerror	GLIBC_2.2.5	default	func	global
libdl.so.2	dlinfo	GLIBC_2.3.3	default	func	global
libdl.so.2	dlmopen	GLIBC_2.3.4	default	func	global
libdl.so.2	dlopen	GLIBC_2.2.5	default	func	global
libdl.so.2	dlsym	GLIBC_2.2.5	default	func	global
libdl.so.2	dlvsym	GLIBC_2.2.5	default	func	weak
librt.so.1	GLIBC_2.2.5	GLIBC_2.2.5	default	object	global
librt.so.1	GLIBC_2.3.3	GLIBC_2.3.3	default	object	global
librt.so.1	GLIBC_2.3.4	GLIBC_2.3.4	default	object	global
librt.so.1	GLIBC_2.4	GLIBC_2.4	default	object	global
librt.so.1	GLIBC_2.7	GLIBC_2.7	default	object	global
librt.so.1	__mq_open_2	GLIBC_2.7	default	func	global
librt.so.1	aio_cancel	GLIBC_2.2.5	default	func	global
librt.so.1	aio_cancel64	GLIBC_2.2.5	default	func	weak
librt.so.1	aio_error	GLIBC_2.2.5	default	func	global
librt.so.1	aio_error64	GLIBC_2.2.5	default	func	weak
librt.so.1	aio_fsync	GLIBC_2.2.5	default	func	global
librt.so.1	aio_fsync64	GLIBC_2.2.5	default	func	weak
librt.so.1	aio_init	GLIBC_2.2.5	default	func	weak
librt.so.1	aio_read	GLIBC_2.2.5	default	func	global
librt.so.1	aio_read64	GLIBC_2.2.5	default	func	weak
librt.so.1	aio_return	GLIBC_2.2.5	default	func	global
librt.so.1	aio_return64	GLIBC_2.2.5	default	func	weak
librt.so.1	aio_suspend	GLIBC_2.2.5	default	func	global
librt.so.1	aio_suspend64	GLIBC_2.2.5	default	func	weak
librt.so.1	aio_write	GLIBC_2.2.5	default	func	global
librt.so.1	aio_write64	GLIBC_2.2.5	default	func	weak
librt.so.1	lio_listio	GLIBC_2.2.5	hidden	func	global
librt.so.1	lio_listio	GLIBC_2.4	default	func	global
librt.so.1	lio_listio64	GLIBC_2.2.5	hidden	func	global
librt.so.1	lio_listio64	GLIBC_2.4	default	func	global
librt.so.1	mq_close	GLIBC_2.3.4	default	func	global
librt.so.1	mq_getattr	GLIBC_2.3.4	default	func	global
librt.so.1	mq_notify	GLIBC_2.3.4	default	func	global
librt.so.1	mq_open	GLIBC_2.3.4	default	func	global
librt.so.1	mq_receive	GLIBC_2.3.4	default	func	global
librt.so.1	mq_send	GLIBC_2.3.4	default	func	global
librt.so.1	mq_setattr	GLIBC_2.3.4	default	func	global
librt.so.1	mq_timedreceive	GLIBC_2.3.4	default	func	weak
librt.so.1	mq_timedsend	GLIBC_2.3.4	default	func	weak
librt.so.1	mq_unlink	GLIBC_2.3.4	default	func	global
librt.so.1	shm_open	GLIBC_2.2.5	default	func	global
librt.so.1	shm_unlink	GLIBC_2.2.5	default	func	global
librt.so.1	timer_create	GLIBC_2.2.5	hidden	func	global
librt.so.1	timer_create	GLIBC_2.3.3	default	func	global
librt.so.1	timer_delete	GLIBC_2.2.5	hidden	func	global
librt.so.1	timer_delete	GLIBC_2.3.3	default	func	global
librt.so.1	timer_getoverrun	GLIBC_2.2.5	hidden	func	global
librt.so.1	timer_getoverrun	GLIBC_2.3.3	default	func	global
librt.so.1	timer_gettime	GLIBC_2.2.5	hidden	func	global
librt.so.1	timer_gettime	GLIBC_2.3.3	default	func	global
librt.so.1	timer_settime	GLIBC_2.2.5	hidden	func	global
librt.so.1	timer_settime	GLIBC_2.3.3	default	func	global
libcrypt.so.1	GLIBC_2.2.5	GLIBC_2.2.5	default	object	global
libcrypt.so.1	XCRYPT_2.0	XCRYPT_2.0	default	object	global
libcrypt.so.1	crypt	GLIBC_2.2.5	hidden	func	global
libcrypt.so.1	crypt	XCRYPT_2.0	default	func	global
libcrypt.so.1	crypt_gensalt	XCRYPT_2.0	default	func	global
libcrypt.so.1	crypt_gensalt_ra	XCRYPT_2.0	default	func	global
libcrypt.so.1	crypt_gensalt_rn	XCRYPT_2.0	default	func	global
libcrypt.so.1	crypt_r	GLIBC_2.2.5	hidden	func	global
libcrypt.so.1	crypt_r	XCRYPT_2.0	default	func	global
libcrypt.so.1	crypt_ra	XCRYPT_2.0	default	func	global
libcrypt.so.1	crypt_rn	XCRYPT_2.0	default	func	global
libcrypt.so.1	encrypt	GLIBC_2.2.5	hidden	func	global
libcrypt.so.1	encrypt_r	GLIBC_2.2.5	hidden	func	global
libcrypt.so.1	fcrypt	GLIBC_2.2.5	hidden	func	global
libcrypt.so.1	setkey	GLIBC_2.2.5	hidden	func	global
libcrypt.so.1	setkey_r	GLIBC_2.2.5	hidden	func	global
libresolv.so.2	GLIBC_2.2.5	GLIBC_2.2.5	default	object	global
libresolv.so.2	GLIBC_2.3.2	GLIBC_2.3.2	default	object	global
libresolv.so.2	GLIBC_2.9	GLIBC_2.9	default	object	global
libresolv.so.2	GLIBC_PRIVATE	GLIBC_PRIVATE	default	object	global
libresolv.so.2	__b64_ntop	GLIBC_2.2.5	default	func	global
libresolv.so.2	__b64_pton	GLIBC_2.2.5	default	func	global
libresolv.so.2	__dn_comp	GLIBC_2.2.5	default	func	global
libresolv.so.2	__dn_count_labels	GLIBC_2.2.5	default	func	global
libresolv.so.2	__dn_expand	GLIBC_2.2.5	default	func	global
libresolv.so.2	__dn_skipname	GLIBC_2.2.5	default	func	global
libresolv.so.2	__fp_nquery	GLIBC_2.2.5	default	func	global
libresolv.so.2	__fp_query	GLIBC_2.2.5	default	func	global
libresolv.so.2	__fp_resstat	GLIBC_2.2.5	default	func	global
libresolv.so.2	__hostalias	GLIBC_2.2.5	default	func	global
libresolv.so.2	__loc_aton	GLIBC_2.2.5	default	func	global
libresolv.so.2	__loc_ntoa	GLIBC_2.2.5	default	func	global
libresolv.so.2	__ns_get16	GLIBC_PRIVATE	default	func	global
libresolv.so.2	__ns_get32	GLIBC_PRIVATE	default	func	global
libresolv.so.2	__ns_name_ntop	GLIBC_PRIVATE	default	func	global
libresolv.so.2	__ns_name_unpack	GLIBC_PRIVATE	default	func	global
libresolv.so.2	__p_cdname	GLIBC_2.2.5	default	func	global
libresolv.so.2	__p_cdnname	GLIBC_2.2.5	default	func	global
libresolv.so.2	__p_class	GLIBC_2.2.5	default	func	global
libresolv.so.2	__p_class_syms	GLIBC_2.2.5	default	object	global
libresolv.so.2	__p_fqname	GLIBC_2.2.5	default	func	global
libresolv.so.2	__p_fqnname	GLIBC_2.2.5	default	func	global
libresolv.so.2	__p_option	GLIBC_2.2.5	default	func	global
libresolv.so.2	__p_query	GLIBC_2.2.5	default	func	global
libresolv.so.2	__p_rcode	GLIBC_2.3.2	default	func	global
libresolv.so.2	__p_secstodate	GLIBC_2.2.5	hidden	func	global
libresolv.so.2	__p_time	GLIBC_2.2.5	default	func	global
libresolv.so.2	__p_type	GLIBC_2.2.5	default	func	global
libresolv.so.2	__p_type_syms	GLIBC_2.2.5	default	object	global
libresolv.so.2	__putlong	GLIBC_2.2.5	default	func	global
libresolv.so.2	__putshort	GLIBC_2.2.5	default	func	global
libresolv.so.2	__res_close	GLIBC_2.2.5	default	func	global
libresolv.so.2	__res_context_hostalias	GLIBC_PRIVATE	default	func	global
libresolv.so.2	__res_context_query	GLIBC_PRIVATE	default	func	global
libresolv.so.2	__res_context_search	GLIBC_PRIVATE	default	func	global
libresolv.so.2	__res_dnok	GLIBC_2.2.5	default	func	global
libresolv.so.2	__res_hnok	GLIBC_2.2.5	default	func	global
libresolv.so.2	__res_hostalias	GLIBC_2.2.5	default	func	global
libresolv.so.2	__res_isourserver	GLIBC_2.2.5	default	func	global
libresolv.so.2	__res_mailok	GLIBC_2.2.5	default	func	global
libresolv.so.2	__res_mkquery	GLIBC_2.2.5	default	func	global
libresolv.so.2	__res_nameinquery	GLIBC_2.2.5	default	func	global
libresolv.so.2	__res_nmkquery	GLIBC_2.2.5	default	func	global
libresolv.so.2	__res_nquery	GLIBC_2.2.5	default	func	global
libresolv.so.2	__res_nquerydomain	GLIBC_2.2.5	default	func	global
libresolv.so.2	__res_nsearch	GLIBC_2.2.5	default	func	global
libresolv.so.2	__res_nsend	GLIBC_2.2.5	default	func	global
libresolv.so.2	__res_ownok	GLIBC_2.2.5	default	func	global
libresolv.so.2	__res_queriesmatch	GLIBC_2.2.5	default	func	global
libresolv.so.2	__res_query	GLIBC_2.2.5	default	func	global
libresolv.so.2	__res_querydomain	GLIBC_2.2.5	default	func	global
libresolv.so.2	__res_search	GLIBC_2.2.5	default	func	global
libresolv.so.2	__res_send	GLIBC_2.2.5	default	func	global
libresolv.so.2	__sym_ntop	GLIBC_2.2.5	default	func	global
libresolv.so.2	__sym_ntos	GLIBC_2.2.5	default	func	global
libresolv.so.2	__sym_ston	GLIBC_2.2.5	default	func	global
libresolv.so.2	_gethtbyaddr	GLIBC_2.2.5	hidden	func	global
libresolv.so.2	_gethtbyname	GLIBC_2.2.5	hidden	func	global
libresolv.so.2	_gethtbyname2	GLIBC_2.2.5	hidden	func	global
libresolv.so.2	_gethtent	GLIBC_2.2.5	hidden	func	global
libresolv.so.2	_getlong	GLIBC_2.2.5	default	func	global
libresolv.so.2	_getshort	GLIBC_2.2.5	default	func	global
libresolv.so.2	_res_opcodes	GLIBC_2.2.5	default	object	global
libresolv.so.2	_sethtent	GLIBC_2.2.5	hidden	func	global
libresolv.so.2	inet_net_ntop	GLIBC_2.2.5	default	func	global
libresolv.so.2	inet_net_pton	GLIBC_2.2.5	default	func	global
libresolv.so.2	inet_neta	GLIBC_2.2.5	default	func	global
libresolv.so.2	ns_datetosecs	GLIBC_2.9	default	func	global
libresolv.so.2	ns_format_ttl	GLIBC_2.9	default	func	global
libresolv.so.2	ns_get16	GLIBC_2.9	default	func	global
libresolv.so.2	ns_get32	GLIBC_2.9	default	func	global
libresolv.so.2	ns_initparse	GLIBC_2.9	default	func	global
libresolv.so.2	ns_makecanon	GLIBC_2.9	default	func	global
libresolv.so.2	ns_msg_getflag	GLIBC_2.9	default	func	global
libresolv.so.2	ns_name_compress	GLIBC_2.9	default	func	global
libresolv.so.2	ns_name_ntol	GLIBC_2.9	default	func	global
libresolv.so.2	ns_name_ntop	GLIBC_2.9	default	func	global
libresolv.so.2	ns_name_pack	GLIBC_2.9	default	func	global
libresolv.so.2	ns_name_pton	GLIBC_2.9	default	func	global
libresolv.so.2	ns_name_rollback	GLIBC_2.9	default	func	global
libresolv.so.2	ns_name_skip	GLIBC_2.9	default	func	global
libresolv.so.2	ns_name_uncompress	GLIBC_2.9	default	func	global
libresolv.so.2	ns_name_unpack	GLIBC_2.9	default	func	global
libresolv.so.2	ns_parse_ttl	GLIBC_2.9	default	func	global
libresolv.so.2	ns_parserr	GLIBC_2.9	default	func	global
libresolv.so.2	ns_put16	GLIBC_2.9	default	func	global
libresolv.so.2	ns_put32	GLIBC_2.9	default	func	global
libresolv.so.2	ns_samedomain	GLIBC_2.9	default	func	global
libresolv.so.2	ns_samename	GLIBC_2.9	default	func	global
libresolv.so.2	ns_skiprr	GLIBC_2.9	default	func	global
libresolv.so.2	ns_sprintrr	GLIBC_2.9	default	func	global
libresolv.so.2	ns_sprintrrf	GLIBC_2.9	default	func	global
libresolv.so.2	ns_subdomain	GLIBC_2.9	default	func	global
libresolv.so.2	res_gethostbyaddr	GLIBC_2.2.5	hidden	func	global
libresolv.so.2	res_gethostbyname	GLIBC_2.2.5	hidden	func	global
libresolv.so.2	res_gethostbyname2	GLIBC_2.2.5	hidden	func	global
libresolv.so.2	res_send_setqhook	GLIBC_2.2.5	hidden	func	global
libresolv.so.2	res_send_setrhook	GLIBC_2.2.5	hidden	func	global
libnsl.so.1	GLIBC_2.2.5	GLIBC_2.2.5	default	object	global
libnsl.so.1	GLIBC_PRIVATE	GLIBC_PRIVATE	default	object	global
libnsl.so.1	__create_ib_request	GLIBC_PRIVATE	hidden	func	global
libnsl.so.1	__do_niscall3	GLIBC_PRIVATE	hidden	func	global
libnsl.so.1	__follow_path	GLIBC_PRIVATE	hidden	func	global
libnsl.so.1	__free_fdresult	GLIBC_2.2.5	hidden	func	global
libnsl.so.1	__nis_default_access	GLIBC_2.2.5	hidden	func	global
libnsl.so.1	__nis_default_group	GLIBC_2.2.5	hidden	func	global
libnsl.so.1	__nis_default_owner	GLIBC_2.2.5	hidden	func	global
libnsl.so.1	__nis_default_ttl	GLIBC_2.2.5	hidden	func	global
libnsl.so.1	__nis_finddirectory	GLIBC_2.2.5	hidden	func	global
libnsl.so.1	__nis_hash	GLIBC_2.2.5	hidden	func	global
libnsl.so.1	__nisbind_connect	GLIBC_2.2.5	hidden	func	global
libnsl.so.1	__nisbind_create	GLIBC_2.2.5	hidden	func	global
libnsl.so.1	__nisbind_destroy	GLIBC_2.2.5	hidden	func	global
libnsl.so.1	__nisbind_next	GLIBC_2.2.5	hidden	func	global
libnsl.so.1	__prepare_niscall	GLIBC_PRIVATE	hidden	func	global
libnsl.so.1	__yp_check	GLIBC_2.2.5	hidden	func	global
libnsl.so.1	_xdr_ib_request	GLIBC_PRIVATE	hidden	func	global
libnsl.so.1	_xdr_nis_result	GLIBC_PRIVATE	hidden	func	global
libnsl.so.1	nis_add	GLIBC_2.2.5	hidden	func	global
libnsl.so.1	nis_add_entry	GLIBC_2.2.5	hidden	func	global
libnsl.so.1	nis_addmember	GLIBC_2.2.5	hidden	func	global
libnsl.so.1	nis_checkpoint	GLIBC_2.2.5	hidden	func	global
libnsl.so.1	nis_clone_directory	GLIBC_2.2.5	hidden	func	global
libnsl.so.1	nis_clone_object	GLIBC_2.2.5	hidden	func	global
libnsl.so.1	nis_clone_result	GLIBC_2.2.5	hidden	func	global
libnsl.so.1	nis_creategroup	GLIBC_2.2.5	hidden	func	global
libnsl.so.1	nis_destroy_object	GLIBC_2.2.5	hidden	func	global
libnsl.so.1	nis_destroygroup	GLIBC_2.2.5	hidden	func	global
libnsl.so.1	nis_dir_cmp	GLIBC_2.2.5	hidden	func	global
libnsl.so.1	nis_domain_of	GLIBC_2.2.5	hidden	func	global
libnsl.so.1	nis_domain_of_r	GLIBC_2.2.5	hidden	func	global
libnsl.so.1	nis_first_entry	GLIBC_2.2.5	hidden	func	global
libnsl.so.1	nis_free_directory	GLIBC_2.2.5	hidden	func	global
libnsl.so.1	nis_free_object	GLIBC_2.2.5	hidden	func	global
libnsl.so.1	nis_free_request	GLIBC_2.2.5	hidden	func	global
libnsl.so.1	nis_freenames	GLIBC_2.2.5	hidden	func	global
libnsl.so.1	nis_freeresult	GLIBC_2.2.5	hidden	func	global
libnsl.so.1	nis_freeservlist	GLIBC_2.2.5	hidden	func	global
libnsl.so.1	nis_freetags	GLIBC_2.2.5	hidden	func	global
libnsl.so.1	nis_getnames	GLIBC_2.2.5	hidden	func	global
libnsl.so.1	nis_getservlist	GLIBC_2.2.5	hidden	func	global
libnsl.so.1	nis_ismember	GLIBC_2.2.5	hidden	func	global
libnsl.so.1	nis_leaf_of	GLIBC_2.2.5	hidden	func	global
libnsl.so.1	nis_leaf_of_r	GLIBC_2.2.5	hidden	func	global
libnsl.so.1	nis_lerror	GLIBC_2.2.5	hidden	func	global
libnsl.so.1	nis_list	GLIBC_2.2.5	hidden	func	global
libnsl.so.1	nis_local_directory	GLIBC_2.2.5	hidden	func	global
libnsl.so.1	nis_local_group	GLIBC_2.2.5	hidden	func	global
libnsl.so.1	nis_local_host	GLIBC_2.2.5	hidden	func	global
libnsl.so.1	nis_local_principal	GLIBC_2.2.5	hidden	func	global
libnsl.so.1	nis_lookup	GLIBC_2.2.5	hidden	func	global
libnsl.so.1	nis_mkdir	GLIBC_2.2.5	hidden	func	global
libnsl.so.1	nis_modify	GLIBC_2.2.5	hidden	func	global
libnsl.so.1	nis_modify_entry	GLIBC_2.2.5	hidden	func	global
libnsl.so.1	nis_name_of	GLIBC_2.2.5	hidden	func	global
libnsl.so.1	nis_name_of_r	GLIBC_2.2.5	hidden	func	global
libnsl.so.1	nis_next_entry	GLIBC_2.2.5	hidden	func	global
libnsl.so.1	nis_perror	GLIBC_2.2.5	hidden	func	global
libnsl.so.1	nis_ping	GLIBC_2.2.5	hidden	func	global
libnsl.so.1	nis_print_directory	GLIBC_2.2.5	hidden	func	global
libnsl.so.1	nis_print_entry	GLIBC_2.2.5	hidden	func	global
libnsl.so.1	nis_print_group	GLIBC_2.2.5	hidden	func	global
libnsl.so.1	nis_print_group_entry	GLIBC_2.2.5	hidden	func	global
libnsl.so.1	nis_print_link	GLIBC_2.2.5	hidden	func	global
libnsl.so.1	nis_print_object	GLIBC_2.2.5	hidden	func	global
libnsl.so.1	nis_print_result	GLIBC_2.2.5	hidden	func	global
libnsl.so.1	nis_print_rights	GLIBC_2.2.5	hidden	func	global
libnsl.so.1	nis_print_table	GLIBC_2.2.5	hidden	func	global
libnsl.so.1	nis_read_obj	GLIBC_2.2.5	hidden	func	global
libnsl.so.1	nis_remove	GLIBC_2.2.5	hidden	func	global
libnsl.so.1	nis_remove_entry	GLIBC_2.2.5	hidden	func	global
libnsl.so.1	nis_removemember	GLIBC_2.2.5	hidden	func	global
libnsl.so.1	nis_rmdir	GLIBC_2.2.5	hidden	func	global
libnsl.so.1	nis_servstate	GLIBC_2.2.5	hidden	func	global
libnsl.so.1	nis_sperrno	GLIBC_2.2.5	hidden	func	global
libnsl.so.1	nis_sperror	GLIBC_2.2.5	hidden	func	global
libnsl.so.1	nis_sperror_r	GLIBC_2.2.5	hidden	func	global
libnsl.so.1	nis_stats	GLIBC_2.2.5	hidden	func	global
libnsl.so.1	nis_verifygroup	GLIBC_2.2.5	hidden	func	global
libnsl.so.1	nis_write_obj	GLIBC_2.2.5	hidden	func	global
libnsl.so.1	readColdStartFile	GLIBC_2.2.5	hidden	func	global
libnsl.so.1	writeColdStartFile	GLIBC_2.2.5	hidden	func	global
libnsl.so.1	xdr_cback_data	GLIBC_2.2.5	hidden	func	global
libnsl.so.1	xdr_domainname	GLIBC_2.2.5	hidden	func	global
libnsl.so.1	xdr_keydat	GLIBC_2.2.5	hidden	func	global
libnsl.so.1	xdr_mapname	GLIBC_2.2.5	hidden	func	global
libnsl.so.1	xdr_obj_p	GLIBC_2.2.5	hidden	func	global
libnsl.so.1	xdr_peername	GLIBC_2.2.5	hidden	func	global
libnsl.so.1	xdr_valdat	GLIBC_2.2.5	hidden	func	global
libnsl.so.1	xdr_yp_buf	GLIBC_2.2.5	hidden	func	global
libnsl.so.1	xdr_ypall	GLIBC_2.2.5	hidden	func	global
libnsl.so.1	xdr_ypbind_binding	GLIBC_2.2.5	hidden	func	global
libnsl.so.1	xdr_ypbind_resp	GLIBC_2.2.5	hidden	func	global
libnsl.so.1	xdr_ypbind_resptype	GLIBC_2.2.5	hidden	func	global
libnsl.so.1	xdr_ypbind_setdom	GLIBC_2.2.5	hidden	func	global
libnsl.so.1	xdr_ypdelete_args	GLIBC_2.2.5	hidden	func	global
libnsl.so.1	xdr_ypmap_parms	GLIBC_2.2.5	hidden	func	global
libnsl.so.1	xdr_ypmaplist	GLIBC_2.2.5	hidden	func	global
libnsl.so.1	xdr_yppush_status	GLIBC_2.2.5	hidden	func	global
libnsl.so.1	xdr_yppushresp_xfr	GLIBC_2.2.5	hidden	func	global
libnsl.so.1	xdr_ypreq_key	GLIBC_2.2.5	hidden	func	global
libnsl.so.1	xdr_ypreq_nokey	GLIBC_2.2.5	hidden	func	global
libnsl.so.1	xdr_ypreq_xfr	GLIBC_2.2.5	hidden	func	global
libnsl.so.1	xdr_ypresp_all	GLIBC_2.2.5	hidden	func	global
libnsl.so.1	xdr_ypresp_key_val	GLIBC_2.2.5	hidden	func	global
libnsl.so.1	xdr_ypresp_maplist	GLIBC_2.2.5	hidden	func	global
libnsl.so.1	xdr_ypresp_master	GLIBC_2.2.5	hidden	func	global
libnsl.so.1	xdr_ypresp_order	GLIBC_2.2.5	hidden	func	global
libnsl.so.1	xdr_ypresp_val	GLIBC_2.2.5	hidden	func	global
libnsl.so.1	xdr_ypresp_xfr	GLIBC_2.2.5	hidden	func	global
libnsl.so.1	xdr_ypstat	GLIBC_2.2.5	hidden	func	global
libnsl.so.1	xdr_ypupdate_args	GLIBC_2.2.5	hidden	func	global
libnsl.so.1	xdr_ypxfrstat	GLIBC_2.2.5	hidden	func	global
libnsl.so.1	yp_all	GLIBC_2.2.5	hidden	func	global
libnsl.so.1	yp_bind	GLIBC_2.2.5	hidden	func	global
libnsl.so.1	yp_first	GLIBC_2.2.5	hidden	func	global
libnsl.so.1	yp_get_default_domain	GLIBC_2.2.5	hidden	func	global
libnsl.so.1	yp_maplist	GLIBC_2.2.5	hidden	func	global
libnsl.so.1	yp_master	GLIBC_2.2.5	hidden	func	global
libnsl.so.1	yp_match	GLIBC_2.2.5	hidden	func	global
libnsl.so.1	yp_next	GLIBC_2.2.5	hidden	func	global
libnsl.so.1	yp_order	GLIBC_2.2.5	hidden	func	global
libnsl.so.1	yp_unbind	GLIBC_2.2.5	hidden	func	global
libnsl.so.1	yp_update	GLIBC_2.2.5	hidden	func	global
libnsl.so.1	ypbinderr_string	GLIBC_2.2.5	hidden	func	global
libnsl.so.1	yperr_string	GLIBC_2.2.5	hidden	func	global
libnsl.so.1	ypprot_err	GLIBC_2.2.5	hidden	func	global
libutil.so.1	GLIBC_2.2.5	GLIBC_2.2.5	default	object	global
libutil.so.1	forkpty	GLIBC_2.2.5	default	func	global
libutil.so.1	login	GLIBC_2.2.5	default	func	global
libutil.so.1	login_tty	GLIBC_2.2.5	default	func	global
libutil.so.1	logout	GLIBC_2.2.5	default	func	global
libutil.so.1	logwtmp	GLIBC_2.2.5	default	func	global
libutil.so.1	openpty	GLIBC_2.2.5	default	func	global
